date_1200utc,present,Exit,BadExit,MiddleOnly,Guard,Stable,Running,allows22,policy:non-exit,policy:accept-list,policy:attacker-near-open,policy:our-policy-oct1,policy:reject-list(open),policy:none
2026-05-01,742,742,0,0,685,735,742,0,0,742,0,0,0,0
2026-05-02,744,744,0,0,676,737,744,0,0,744,0,0,0,0
2026-05-03,736,736,0,0,674,729,736,0,0,736,0,0,0,0
2026-05-04,744,744,0,0,683,736,744,0,0,744,0,0,0,0
2026-05-05,736,736,0,0,677,727,736,0,0,736,0,0,0,0
2026-05-06,736,736,0,0,676,726,736,0,0,736,0,0,0,0
2026-05-07,736,736,0,0,683,726,736,0,0,736,0,0,0,0
2026-05-08,736,736,0,0,681,727,736,0,0,736,0,0,0,0
2026-05-09,752,752,0,0,685,745,752,0,0,752,0,0,0,0
2026-05-10,744,744,0,0,674,734,744,0,0,744,0,0,0,0
2026-05-11,760,760,0,0,674,748,760,0,0,760,0,0,0,0
2026-05-12,760,760,0,0,680,748,760,0,0,760,0,0,0,0
2026-05-13,152,152,0,0,108,144,152,0,0,152,0,0,0,0
2026-05-14,168,168,0,0,109,160,168,0,0,168,0,0,0,0
2026-05-15,224,222,0,0,146,214,224,0,2,222,0,0,0,0
2026-05-16,228,226,0,0,136,218,228,0,2,226,0,0,0,0
2026-05-17,244,242,0,0,139,227,244,0,2,242,0,0,0,0
2026-05-18,248,246,0,0,142,231,248,0,2,246,0,0,0,0
2026-05-19,248,246,0,0,136,233,248,0,2,246,0,0,0,0
2026-05-20,248,246,0,0,136,236,248,0,2,246,0,0,0,0
2026-05-21,248,246,0,0,139,240,248,0,2,246,0,0,0,0
2026-05-22,288,286,0,0,141,280,288,0,2,286,0,0,0,0
2026-05-23,288,286,0,0,161,280,288,0,2,286,0,0,0,0
2026-05-24,288,286,0,0,167,280,288,0,2,286,0,0,0,0
2026-05-25,288,286,0,0,170,280,288,0,2,286,0,0,0,0
2026-05-26,288,286,0,0,171,280,288,0,2,286,0,0,0,0
2026-05-27,296,294,0,0,172,288,296,0,2,294,0,0,0,0
2026-05-28,170,168,0,0,122,162,170,0,2,168,0,0,0,0
2026-05-29,170,168,0,0,127,162,170,0,2,168,0,0,0,0
2026-05-30,168,166,0,0,127,160,168,0,2,166,0,0,0,0
2026-05-31,178,176,0,0,127,170,178,0,2,176,0,0,0,0
2026-06-01,186,184,0,0,127,177,186,0,2,184,0,0,0,0
2026-06-02,202,200,0,0,128,194,202,0,2,200,0,0,0,0
2026-06-03,218,216,0,0,129,210,218,0,2,216,0,0,0,0
2026-06-04,226,224,0,0,130,218,226,0,2,224,0,0,0,0
2026-06-05,232,230,0,0,122,216,232,0,2,230,0,0,0,0
2026-06-06,242,240,0,0,127,226,242,0,2,240,0,0,0,0
2026-06-07,242,240,0,0,125,226,242,0,2,240,0,0,0,0
2026-06-08,248,246,0,0,122,240,248,0,2,246,0,0,0,0
2026-06-09,258,256,0,0,134,242,258,0,2,256,0,0,0,0
2026-06-10,258,256,0,0,135,241,258,0,2,256,0,0,0,0
2026-06-11,258,256,0,0,134,241,258,0,2,256,0,0,0,0
2026-06-12,264,264,0,0,135,248,264,0,0,264,0,0,0,0
2026-06-13,272,272,0,0,132,256,272,0,0,272,0,0,0,0
2026-06-14,264,264,0,0,131,248,264,0,0,264,0,0,0,0
2026-06-15,264,264,0,0,129,248,264,0,0,264,0,0,0,0
2026-06-16,256,256,0,0,119,240,256,0,0,256,0,0,0,0
2026-06-17,256,256,0,0,111,240,256,0,0,256,0,0,0,0
2026-06-18,256,256,0,0,111,240,256,0,0,256,0,0,0,0
2026-06-19,256,256,0,0,110,240,256,0,0,256,0,0,0,0
2026-06-20,256,256,0,0,118,240,256,0,0,256,0,0,0,0
2026-06-21,256,256,0,0,125,245,256,0,0,256,0,0,0,0
2026-06-22,256,256,0,0,119,245,256,0,0,256,0,0,0,0
2026-06-23,256,256,0,0,118,245,256,0,0,256,0,0,0,0
2026-06-24,256,256,0,0,112,245,256,0,0,256,0,0,0,0
2026-06-25,258,256,0,0,126,250,258,0,2,256,0,0,0,0
2026-06-26,258,256,0,0,141,250,258,0,2,256,0,0,0,0
2026-06-27,258,256,0,0,142,250,258,0,2,256,0,0,0,0
2026-06-28,256,256,0,0,133,248,256,0,0,256,0,0,0,0
2026-06-29,258,256,0,0,143,248,258,0,2,256,0,0,0,0
2026-06-30,257,255,0,0,140,246,257,0,2,255,0,0,0,0
2026-07-01,259,257,0,0,140,248,259,0,2,257,0,0,0,0
2026-07-02,254,252,0,0,137,240,254,0,2,252,0,0,0,0
2026-07-03,206,204,0,0,116,195,206,0,2,204,0,0,0,0
2026-07-04,263,261,0,0,120,244,263,0,2,261,0,0,0,0
2026-07-05,261,259,0,0,118,242,261,0,2,259,0,0,0,0
2026-07-06,264,262,0,0,119,245,264,0,2,262,0,0,0,0
2026-07-07,264,262,0,0,119,247,264,0,2,262,0,0,0,0
2026-07-08,265,263,0,0,121,246,265,0,2,263,0,0,0,0
2026-07-09,258,256,0,0,127,241,258,0,2,256,0,0,0,0
2026-07-10,258,256,0,0,133,241,258,0,2,256,0,0,0,0
2026-07-11,258,256,0,0,123,242,258,0,2,256,0,0,0,0
2026-07-12,250,248,0,0,122,233,250,0,2,248,0,0,0,0
2026-07-13,256,254,0,0,133,243,256,0,2,254,0,0,0,0
2026-07-14,267,265,0,0,136,246,267,0,2,265,0,0,0,0
2026-07-15,266,264,0,0,145,245,266,0,2,264,0,0,0,0
2026-07-16,267,265,0,0,153,251,267,0,2,265,0,0,0,0
2026-07-17,267,265,0,0,157,255,267,0,2,265,0,0,0,0
2026-07-18,267,265,0,0,158,246,267,0,2,265,0,0,0,0
2026-07-19,267,265,0,0,168,248,267,0,2,265,0,0,0,0
2026-07-20,267,265,0,0,175,249,267,0,2,265,0,0,0,0
2026-07-21,267,265,0,0,163,244,267,0,2,265,0,0,0,0
2026-07-22,267,265,0,0,155,249,267,0,2,265,0,0,0,0
2026-07-23,267,265,0,0,158,254,267,0,2,265,0,0,0,0
2026-07-24,267,265,0,0,165,261,267,0,2,265,0,0,0,0
2026-07-25,267,265,0,0,172,261,267,0,2,265,0,0,0,0
2026-07-26,259,257,0,0,178,253,259,0,2,257,0,0,0,0
2026-07-27,257,257,0,0,182,250,257,0,0,257,0,0,0,0
2026-07-28,261,259,0,0,179,248,261,0,2,259,0,0,0,0
2026-07-29,259,257,0,0,180,246,259,0,2,257,0,0,0,0
2026-07-30,259,257,0,0,188,248,259,0,2,257,0,0,0,0
2026-07-31,265,263,0,0,189,260,265,0,2,263,0,0,0,0
2026-08-01,266,264,0,0,186,257,266,0,2,264,0,0,0,0
2026-08-02,263,261,0,0,181,253,263,0,2,261,0,0,0,0
2026-08-03,261,261,0,0,184,252,261,0,0,261,0,0,0,0
2026-08-04,265,265,0,0,187,255,265,0,0,265,0,0,0,0
2026-08-05,257,257,0,0,180,247,257,0,0,257,0,0,0,0
2026-08-06,257,257,0,0,183,248,257,0,0,257,0,0,0,0
2026-08-07,251,249,0,0,173,240,251,0,2,249,0,0,0,0
2026-08-08,256,254,0,0,168,242,256,0,2,254,0,0,0,0
2026-08-09,259,257,0,0,177,248,259,0,2,257,0,0,0,0
2026-08-10,258,256,0,0,177,247,258,0,2,256,0,0,0,0
2026-08-11,259,257,0,0,178,249,259,0,2,257,0,0,0,0
2026-08-12,259,257,0,0,180,250,259,0,2,257,0,0,0,0
2026-08-13,249,247,0,0,173,239,249,0,2,247,0,0,0,0
2026-08-14,259,257,0,0,195,247,259,0,2,257,0,0,0,0
2026-08-15,259,257,0,0,197,248,259,0,2,257,0,0,0,0
2026-08-16,257,255,0,0,196,246,257,0,2,255,0,0,0,0
2026-08-17,256,254,0,0,177,246,256,0,2,254,0,0,0,0
2026-08-18,243,241,0,0,185,234,243,0,2,241,0,0,0,0
2026-08-19,259,257,0,0,189,245,259,0,2,257,0,0,0,0
2026-08-20,259,257,0,0,191,249,259,0,2,257,0,0,0,0
2026-08-21,259,257,0,0,196,249,259,0,2,257,0,0,0,0
2026-08-22,251,249,0,0,190,240,251,0,2,249,0,0,0,0
2026-08-23,259,257,0,0,168,248,259,0,2,257,0,0,0,0
2026-08-24,259,257,0,0,200,249,259,0,2,257,0,0,0,0
2026-08-25,259,257,0,0,202,248,259,0,2,257,0,0,0,0
2026-08-26,255,255,0,0,205,248,255,0,0,255,0,0,0,0
2026-08-27,257,257,0,0,206,251,257,0,0,257,0,0,0,0
2026-08-28,257,257,0,0,209,254,257,0,0,257,0,0,0,0
2026-08-29,257,257,0,0,221,255,257,0,0,257,0,0,0,0
2026-08-30,265,265,0,0,225,257,265,0,0,265,0,0,0,0
2026-08-31,265,265,0,0,200,255,265,0,0,265,0,0,0,0
2026-09-01,273,273,0,0,211,256,273,0,0,273,0,0,0,0
2026-09-02,273,273,0,0,214,256,273,0,0,273,0,0,0,0
2026-09-03,273,273,0,0,221,261,273,0,0,273,0,0,0,0
2026-09-04,273,273,0,0,222,262,273,0,0,273,0,0,0,0
2026-09-05,273,273,0,0,219,256,273,0,0,273,0,0,0,0
2026-09-06,272,272,0,0,220,261,272,0,0,272,0,0,0,0
2026-09-07,272,272,0,0,223,262,272,0,0,272,0,0,0,0
2026-09-08,273,273,0,0,224,263,273,0,0,273,0,0,0,0
2026-09-09,273,273,0,0,225,266,273,0,0,273,0,0,0,0
2026-09-10,273,273,0,0,227,262,273,0,0,273,0,0,0,0
2026-09-11,273,273,0,0,224,264,273,0,0,273,0,0,0,0
2026-09-12,273,273,0,0,226,264,273,0,0,273,0,0,0,0
2026-09-13,268,268,0,0,219,258,268,0,0,268,0,0,0,0
2026-09-14,272,272,0,0,214,261,272,0,0,272,0,0,0,0
2026-09-15,273,273,0,0,203,255,273,0,0,273,0,0,0,0
2026-09-16,274,274,0,0,206,260,274,0,0,274,0,0,0,0
2026-09-17,273,273,0,0,191,262,273,0,0,273,0,0,0,0
2026-09-18,274,274,0,0,192,260,274,0,0,274,0,0,0,0
2026-09-19,273,273,0,0,194,260,273,0,0,273,0,0,0,0
2026-09-20,274,274,0,0,195,263,274,0,0,274,0,0,0,0
2026-09-21,274,274,0,0,198,264,274,0,0,274,0,0,0,0
2026-09-22,276,276,0,0,203,267,276,0,0,276,0,0,0,0
2026-09-23,275,275,0,0,196,267,275,0,0,275,0,0,0,0
2026-09-24,276,276,0,0,192,263,276,0,0,276,0,0,0,0
2026-09-25,276,276,0,0,199,266,276,0,0,276,0,0,0,0
2026-09-26,276,276,0,0,200,267,276,0,0,276,0,0,0,0
2026-09-27,277,277,0,0,206,270,277,0,0,277,0,0,0,0
2026-09-28,276,276,0,0,193,261,276,0,0,276,0,0,0,0
2026-09-29,277,277,0,0,193,261,277,0,0,277,0,0,0,0
2026-09-30,276,276,0,0,196,261,276,0,0,276,0,0,0,0
2026-10-01,276,276,0,0,197,263,276,0,0,276,0,0,0,0
2026-10-02,277,277,0,0,196,270,277,277,0,0,277,0,0,0
2026-10-03,277,277,0,0,198,270,277,277,0,0,277,0,0,0
2026-10-04,277,277,0,0,197,268,277,277,0,0,277,0,0,0
2026-10-05,208,0,0,0,0,99,208,208,0,0,208,0,0,0
2026-10-06,0,0,0,0,0,0,0,0,0,0,0,0,0,0
