valid_after,family_relays,family_exit_flag,network_exit_flag,pct_exit_relays,family_exit_weight,network_exit_weight,pct_exit_weight,family_usable_exits(no BadExit),family_usable_exit_weight,network_usable_exit_weight,pct_usable_exit_weight
2026-09-24 00:00:00,274,274,3187,8.6,3622232,66361802,5.46,274,3622232,66335758,5.46
2026-09-24 01:00:00,275,275,3191,8.62,3651252,66486812,5.49,275,3651252,66460788,5.49
2026-09-24 02:00:00,276,276,3197,8.63,3669112,66558813,5.51,276,3669112,66531769,5.51
2026-09-24 03:00:00,276,276,3196,8.64,3668842,66680023,5.5,276,3668842,66652999,5.5
2026-09-24 04:00:00,276,276,3198,8.63,3673262,66716643,5.51,276,3673262,66689619,5.51
2026-09-24 05:00:00,276,276,3203,8.62,3643012,66724545,5.46,276,3643012,66697501,5.46
2026-09-24 06:00:00,276,276,3197,8.63,3591082,66602804,5.39,276,3591082,66575780,5.39
2026-09-24 07:00:00,276,276,3192,8.65,3591922,66687266,5.39,276,3591922,66660242,5.39
2026-09-24 08:00:00,276,276,3198,8.63,3597212,66666987,5.4,276,3597212,66639943,5.4
2026-09-24 09:00:00,276,276,3197,8.63,3592232,66756548,5.38,276,3592232,66729524,5.38
2026-09-24 10:00:00,276,276,3199,8.63,3572642,66904247,5.34,276,3572642,66877223,5.34
2026-09-24 11:00:00,276,276,3198,8.63,3563152,66738137,5.34,276,3563152,66711093,5.34
2026-09-24 12:00:00,276,276,3201,8.62,3563822,66815178,5.33,276,3563822,66788134,5.34
2026-09-24 13:00:00,274,274,3180,8.62,3560052,66421768,5.36,274,3560052,66394744,5.36
2026-09-24 14:00:00,276,276,3176,8.69,3579902,66353979,5.4,276,3579902,66326935,5.4
2026-09-24 15:00:00,276,276,3197,8.63,3582902,66639973,5.38,276,3582902,66612929,5.38
2026-09-24 16:00:00,276,276,3201,8.62,3591982,66838653,5.37,276,3591982,66811629,5.38
2026-09-24 17:00:00,276,276,3199,8.63,3595892,66823489,5.38,276,3595892,66796465,5.38
2026-09-24 18:00:00,276,276,3199,8.63,3633842,66836363,5.44,276,3633842,66809319,5.44
2026-09-24 19:00:00,276,276,3195,8.64,3633342,67010235,5.42,276,3633342,66983210,5.42
2026-09-24 20:00:00,276,276,3195,8.64,3634582,67061607,5.42,276,3634582,67034582,5.42
2026-09-24 21:00:00,275,275,3191,8.62,3619622,66901336,5.41,275,3619622,66874291,5.41
2026-09-24 22:00:00,276,276,3191,8.65,3631732,66948626,5.42,276,3631732,66921601,5.43
2026-09-24 23:00:00,276,276,3197,8.63,3619242,67102786,5.39,276,3619242,67075761,5.4
2026-09-25 00:00:00,276,276,3197,8.63,3611952,67055206,5.39,276,3611952,67028161,5.39
2026-09-25 01:00:00,276,276,3197,8.63,3607332,67250185,5.36,276,3607332,67223160,5.37
2026-09-25 02:00:00,276,276,3196,8.64,3609402,67310608,5.36,276,3609402,67283583,5.36
2026-09-25 03:00:00,276,276,3202,8.62,3607182,67288068,5.36,276,3607182,67261023,5.36
2026-09-25 04:00:00,276,276,3198,8.63,3581712,67273268,5.32,276,3581712,67246244,5.33
2026-09-25 05:00:00,276,276,3201,8.62,3582902,67251378,5.33,276,3582902,67224354,5.33
2026-09-25 06:00:00,276,276,3213,8.59,3581282,67180379,5.33,276,3581282,67153334,5.33
2026-09-25 07:00:00,276,276,3182,8.67,3584142,65716440,5.45,276,3584142,65689395,5.46
2026-09-25 08:00:00,276,276,3170,8.71,3591812,65700659,5.47,276,3591812,65673633,5.47
2026-09-25 09:00:00,276,276,3179,8.68,3595932,65852459,5.46,276,3595932,65825433,5.46
2026-09-25 10:00:00,276,276,3191,8.65,3566142,65891483,5.41,276,3566142,65864437,5.41
2026-09-25 11:00:00,276,276,3188,8.66,3562102,65939623,5.4,276,3562102,65912597,5.4
2026-09-25 12:00:00,276,276,3182,8.67,3573052,65766003,5.43,276,3573052,65738977,5.44
2026-09-25 13:00:00,276,276,3180,8.68,3574322,65735442,5.44,276,3574322,65708396,5.44
2026-09-25 14:00:00,276,276,3161,8.73,3568922,65594233,5.44,276,3568922,65567187,5.44
2026-09-25 15:00:00,276,276,3160,8.73,3566532,65698332,5.43,276,3566532,65671306,5.43
2026-09-25 16:00:00,276,276,3161,8.73,3558272,65787879,5.41,276,3558272,65662853,5.42
2026-09-25 17:00:00,276,276,3157,8.74,3559712,65676931,5.42,276,3559712,65551885,5.43
2026-09-25 18:00:00,276,276,3140,8.79,3560912,65587910,5.43,276,3560912,65560884,5.43
2026-09-25 19:00:00,276,276,3151,8.76,3564122,65810261,5.42,276,3564122,65783235,5.42
2026-09-25 20:00:00,276,276,3159,8.74,3558122,65902579,5.4,276,3558122,65875533,5.4
2026-09-25 21:00:00,276,276,3154,8.75,3562692,65898181,5.41,276,3562692,65871155,5.41
2026-09-25 22:00:00,276,276,3158,8.74,3567492,65934379,5.41,276,3567492,65907353,5.41
2026-09-25 23:00:00,276,276,3153,8.75,3569991,65874445,5.42,276,3569991,65847399,5.42
2026-09-26 00:00:00,276,276,3152,8.76,3566691,65890364,5.41,276,3566691,65863338,5.42
2026-09-26 01:00:00,276,276,3150,8.76,3571531,65796555,5.43,276,3571531,65769529,5.43
2026-09-26 02:00:00,276,276,3159,8.74,3573941,65785684,5.43,276,3573941,65758638,5.43
2026-09-26 03:00:00,276,276,3152,8.76,3567681,65648324,5.43,276,3567681,65621298,5.44
2026-09-26 04:00:00,276,276,3154,8.75,3568991,65807329,5.42,276,3568991,65776104,5.43
2026-09-26 05:00:00,276,276,3159,8.74,3573091,65863630,5.42,276,3573091,65830085,5.43
2026-09-26 06:00:00,276,276,3164,8.72,3572871,66081420,5.41,276,3572871,66047895,5.41
2026-09-26 07:00:00,276,276,3168,8.71,3571111,66041289,5.41,276,3571111,66007764,5.41
2026-09-26 08:00:00,276,276,3174,8.7,3573061,66110441,5.4,276,3573061,66076896,5.41
2026-09-26 09:00:00,276,276,3172,8.7,3577291,66102641,5.41,276,3577291,66069096,5.41
2026-09-26 10:00:00,276,276,3170,8.71,3577591,66020649,5.42,276,3577591,65987124,5.42
2026-09-26 11:00:00,276,276,3168,8.71,3579611,66023745,5.42,276,3579611,65990220,5.42
2026-09-26 12:00:00,276,276,3169,8.71,3581921,65935187,5.43,276,3581921,65899362,5.44
2026-09-26 13:00:00,276,276,3163,8.73,3582671,65730120,5.45,276,3582671,65696595,5.45
2026-09-26 14:00:00,276,276,3150,8.76,3584481,65403249,5.48,276,3584481,65369724,5.48
2026-09-26 15:00:00,276,276,3155,8.75,3588781,65518965,5.48,276,3588781,65483140,5.48
2026-09-26 16:00:00,276,276,3163,8.73,3591021,65835135,5.45,276,3591021,65799310,5.46
2026-09-26 17:00:00,276,276,3161,8.73,3592921,65876414,5.45,276,3592921,65842889,5.46
2026-09-26 18:00:00,276,276,3159,8.74,3592131,65806958,5.46,276,3592131,65773433,5.46
2026-09-26 19:00:00,276,276,3190,8.65,3595931,67445179,5.33,276,3595931,67409354,5.33
2026-09-26 20:00:00,276,276,3186,8.66,3596971,67434957,5.33,276,3596971,67401432,5.34
2026-09-26 21:00:00,276,276,3185,8.67,3594071,67500805,5.32,276,3594071,67467280,5.33
2026-09-26 22:00:00,276,276,3176,8.69,3606111,67148247,5.37,276,3606111,67118922,5.37
2026-09-26 23:00:00,276,276,3180,8.68,3606181,67161237,5.37,276,3606181,67131912,5.37
2026-09-27 00:00:00,276,276,3186,8.66,3601651,67533648,5.33,276,3601651,67506623,5.34
2026-09-27 01:00:00,276,276,3188,8.66,3600481,67499959,5.33,276,3600481,67470634,5.34
2026-09-27 02:00:00,277,277,3186,8.69,3594501,67491939,5.33,277,3594501,67464914,5.33
2026-09-27 03:00:00,277,277,3182,8.71,3595121,67339031,5.34,277,3595121,67312006,5.34
2026-09-27 04:00:00,277,277,3191,8.68,3592441,67425825,5.33,277,3592441,67396500,5.33
2026-09-27 05:00:00,277,277,3190,8.68,3590972,67497726,5.32,277,3590972,67470701,5.32
2026-09-27 06:00:00,277,277,3191,8.68,3594492,67353794,5.34,277,3594492,67326769,5.34
2026-09-27 07:00:00,277,277,3198,8.66,3597892,67478844,5.33,277,3597892,67449519,5.33
2026-09-27 08:00:00,277,277,3195,8.67,3595442,67554029,5.32,277,3595442,67523704,5.32
2026-09-27 09:00:00,277,277,3193,8.68,3592651,67732329,5.3,277,3592651,67704304,5.31
2026-09-27 10:00:00,277,277,3193,8.68,3594331,67611821,5.32,277,3594331,67583796,5.32
2026-09-27 11:00:00,277,277,3197,8.66,3598831,67668462,5.32,277,3598831,67638135,5.32
2026-09-27 12:00:00,277,277,3187,8.69,3600701,67673520,5.32,277,3600701,67645493,5.32
2026-09-27 13:00:00,277,277,3177,8.72,3606411,67441933,5.35,277,3606411,67413906,5.35
2026-09-27 14:00:00,277,277,3175,8.72,3609841,67418385,5.35,277,3609841,67388058,5.36
2026-09-27 15:00:00,277,277,3182,8.71,3595411,67635449,5.32,277,3595411,67607422,5.32
2026-09-27 16:00:00,277,277,3175,8.72,3594631,67510488,5.32,277,3594631,67482461,5.33
2026-09-27 17:00:00,277,277,3184,8.7,3591831,67331429,5.33,277,3591831,67301102,5.34
2026-09-27 18:00:00,277,277,3172,8.73,3592961,67175075,5.35,277,3592961,67147048,5.35
2026-09-27 19:00:00,277,277,3186,8.69,3599971,67494224,5.33,277,3599971,67466197,5.34
2026-09-27 20:00:00,277,277,3184,8.7,3603871,67350560,5.35,277,3603871,67320233,5.35
2026-09-27 21:00:00,277,277,3182,8.71,3596271,67469171,5.33,277,3596271,67441144,5.33
2026-09-27 22:00:00,277,277,3183,8.7,3597971,67435116,5.34,277,3597971,67407089,5.34
2026-09-27 23:00:00,277,277,3190,8.68,3599941,67543148,5.33,277,3599941,67512821,5.33
2026-09-28 00:00:00,277,277,3192,8.68,3601541,67719398,5.32,277,3601541,67691371,5.32
2026-09-28 01:00:00,269,269,3190,8.43,3435861,67645067,5.08,269,3435861,67617040,5.08
2026-09-28 02:00:00,256,256,3182,8.05,3336801,67554527,4.94,256,3336801,67524200,4.94
2026-09-28 03:00:00,254,254,3173,8.01,3353391,67573127,4.96,254,3353391,67545100,4.96
2026-09-28 04:00:00,268,268,3189,8.4,3563511,67546857,5.28,268,3563511,67518830,5.28
2026-09-28 05:00:00,272,272,3194,8.52,3577981,67573288,5.29,272,3577981,67542961,5.3
2026-09-28 06:00:00,266,266,3182,8.36,3549461,67448584,5.26,266,3549461,67420557,5.26
2026-09-28 07:00:00,270,270,3187,8.47,3565991,67439775,5.29,270,3565991,67411748,5.29
2026-09-28 08:00:00,275,275,3197,8.6,3595381,67327595,5.34,275,3595381,67297268,5.34
2026-09-28 09:00:00,272,272,3203,8.49,3568931,67444415,5.29,272,3568931,67416388,5.29
2026-09-28 10:00:00,274,274,3207,8.54,3577611,67784106,5.28,274,3577611,67756079,5.28
2026-09-28 11:00:00,276,276,3208,8.6,3603200,67738822,5.32,276,3603200,67708495,5.32
2026-09-28 12:00:00,276,276,3202,8.62,3610720,67387609,5.36,276,3610720,67359582,5.36
2026-09-28 13:00:00,275,275,3187,8.63,3615550,67101443,5.39,275,3615550,67070316,5.39
2026-09-28 14:00:00,271,271,3171,8.55,3567890,67165568,5.31,271,3567890,67134441,5.31
2026-09-28 15:00:00,272,272,3165,8.59,3567920,67208017,5.31,272,3567920,67176890,5.31
2026-09-28 16:00:00,274,274,3182,8.61,3567400,67456198,5.29,274,3567400,67423871,5.29
2026-09-28 17:00:00,275,275,3187,8.63,3574790,67594058,5.29,275,3574790,67561731,5.29
2026-09-28 18:00:00,275,275,3205,8.58,3590290,67654087,5.31,275,3590290,67621760,5.31
2026-09-28 19:00:00,274,274,3204,8.55,3581610,67607029,5.3,274,3581610,67574702,5.3
2026-09-28 20:00:00,275,275,3209,8.57,3580310,67701343,5.29,275,3580310,67669016,5.29
2026-09-28 21:00:00,277,277,3216,8.61,3618610,67806256,5.34,277,3618610,67773929,5.34
2026-09-28 22:00:00,277,277,3217,8.61,3615480,67744577,5.34,277,3615480,67709950,5.34
2026-09-28 23:00:00,276,276,3216,8.58,3605580,67670301,5.33,276,3605580,67635674,5.33
2026-09-29 00:00:00,276,276,3212,8.59,3616430,67657600,5.35,276,3616430,67625273,5.35
2026-09-29 01:00:00,277,277,3214,8.62,3622130,67728319,5.35,277,3622130,67693592,5.35
2026-09-29 02:00:00,277,277,3218,8.61,3625840,67761229,5.35,277,3625840,67728902,5.35
2026-09-29 03:00:00,276,276,3215,8.58,3636370,67713965,5.37,276,3636370,67681638,5.37
2026-09-29 04:00:00,272,272,3216,8.46,3570410,67714017,5.27,272,3570410,67679290,5.28
2026-09-29 05:00:00,274,274,3214,8.53,3574340,67601120,5.29,274,3574340,67568793,5.29
2026-09-29 06:00:00,276,276,3214,8.59,3628430,67672833,5.36,276,3628430,67640506,5.36
2026-09-29 07:00:00,276,276,3215,8.58,3629280,67804565,5.35,276,3629280,67769838,5.36
2026-09-29 08:00:00,276,276,3207,8.61,3629360,67897441,5.35,276,3629360,67865114,5.35
2026-09-29 09:00:00,277,277,3215,8.62,3638450,67905129,5.36,277,3638450,67872801,5.36
2026-09-29 10:00:00,275,275,3098,8.88,3635270,63545690,5.72,275,3635270,63510962,5.72
2026-09-29 11:00:00,277,277,3096,8.95,3629080,63578916,5.71,277,3629080,63546588,5.71
2026-09-29 12:00:00,277,277,3095,8.95,3627890,63602016,5.7,277,3627890,63569688,5.71
2026-09-29 13:00:00,267,267,3079,8.67,3489770,63273908,5.52,267,3489770,63239180,5.52
2026-09-29 14:00:00,266,266,3067,8.67,3483490,63064614,5.52,266,3483490,63029886,5.53
2026-09-29 15:00:00,268,268,3052,8.78,3460980,62865795,5.51,268,3460980,62834467,5.51
2026-09-29 16:00:00,271,271,3070,8.83,3495890,63122775,5.54,271,3495890,63091447,5.54
2026-09-29 17:00:00,277,277,3110,8.91,3624230,63789974,5.68,277,3624230,63754646,5.68
2026-09-29 18:00:00,277,277,3110,8.91,3615770,63757914,5.67,277,3615770,63722586,5.67
2026-09-29 19:00:00,277,277,3112,8.9,3615690,63637811,5.68,277,3615690,63602483,5.68
2026-09-29 20:00:00,277,277,3097,8.94,3614520,63497768,5.69,277,3614520,63462440,5.7
2026-09-29 21:00:00,277,277,3087,8.97,3612170,63223602,5.71,277,3612170,63188274,5.72
2026-09-29 22:00:00,277,277,3095,8.95,3603860,63426492,5.68,277,3603860,63391164,5.69
2026-09-29 23:00:00,277,277,3098,8.94,3600050,63486922,5.67,277,3600050,63451594,5.67
2026-09-30 00:00:00,277,277,3091,8.96,3585950,63191003,5.67,277,3585950,63155675,5.68
2026-09-30 01:00:00,277,277,3098,8.94,3583280,63369212,5.65,277,3583280,63333884,5.66
2026-09-30 02:00:00,277,277,3097,8.94,3577060,63308190,5.65,277,3577060,63272862,5.65
2026-09-30 03:00:00,277,277,3098,8.94,3571050,63371959,5.64,277,3571050,63336631,5.64
2026-09-30 04:00:00,277,277,3100,8.94,3566430,63050519,5.66,277,3566430,63015191,5.66
2026-09-30 05:00:00,277,277,3097,8.94,3561840,63020441,5.65,277,3561840,62985113,5.66
2026-09-30 06:00:00,277,277,3093,8.96,3551870,62848392,5.65,277,3551870,62813064,5.65
2026-09-30 07:00:00,277,277,3095,8.95,3551460,62824560,5.65,277,3551460,62789232,5.66
2026-09-30 08:00:00,277,277,3082,8.99,3542820,62294745,5.69,277,3542820,62259417,5.69
2026-09-30 09:00:00,277,277,3089,8.97,3536820,62784112,5.63,277,3536820,62748784,5.64
2026-09-30 10:00:00,276,276,3092,8.93,3538020,62801034,5.63,276,3538020,62765706,5.64
2026-09-30 11:00:00,276,276,3090,8.93,3574350,64000522,5.58,276,3574350,63965194,5.59
2026-09-30 12:00:00,276,276,3070,8.99,3571680,63460744,5.63,276,3571680,63427416,5.63
2026-09-30 13:00:00,270,270,3062,8.82,3445640,63027597,5.47,270,3445640,62994269,5.47
2026-09-30 14:00:00,269,269,3061,8.79,3424640,63431176,5.4,269,3424640,63395848,5.4
2026-09-30 15:00:00,276,276,3100,8.9,3567710,64221524,5.56,276,3567710,64186196,5.56
2026-09-30 16:00:00,277,277,3101,8.93,3574700,64329343,5.56,277,3574700,64294015,5.56
2026-09-30 17:00:00,277,277,3099,8.94,3565800,64290653,5.55,277,3565800,64255325,5.55
2026-09-30 18:00:00,276,276,3094,8.92,3554950,64196506,5.54,276,3554950,64163178,5.54
2026-09-30 19:00:00,277,277,3097,8.94,3562830,64281671,5.54,277,3562830,64248343,5.55
2026-09-30 20:00:00,277,277,3100,8.94,3561640,64320476,5.54,277,3561640,64287148,5.54
2026-09-30 21:00:00,277,277,3099,8.94,3556020,64352811,5.53,277,3556020,64319483,5.53
2026-09-30 22:00:00,277,277,3088,8.97,3560920,64334191,5.54,277,3560920,64300863,5.54
2026-09-30 23:00:00,277,277,3083,8.98,3556400,64259133,5.53,277,3556400,64225905,5.54
2026-10-01 00:00:00,276,276,3069,8.99,3533970,64050592,5.52,276,3533970,64017364,5.52
2026-10-01 01:00:00,277,277,3084,8.98,3541050,64233932,5.51,277,3541050,64200704,5.52
2026-10-01 02:00:00,276,276,3071,8.99,3513000,63922182,5.5,276,3513000,63888954,5.5
2026-10-01 03:00:00,273,273,3059,8.92,3463130,63704792,5.44,273,3463130,63671564,5.44
2026-10-01 04:00:00,273,273,3069,8.9,3486520,63569013,5.48,273,3486520,63535785,5.49
2026-10-01 05:00:00,275,275,3073,8.95,3483720,63652609,5.47,275,3483720,63619381,5.48
2026-10-01 06:00:00,276,276,3074,8.98,3493090,63785069,5.48,276,3493090,63751841,5.48
2026-10-01 07:00:00,276,276,3073,8.98,3477830,64055298,5.43,276,3477830,64022070,5.43
2026-10-01 08:00:00,276,276,3080,8.96,3463010,64236112,5.39,276,3463010,64202884,5.39
2026-10-01 09:00:00,276,276,3083,8.95,3461830,64321501,5.38,276,3461830,64288273,5.38
2026-10-01 10:00:00,276,276,3059,9.02,3463190,63607901,5.44,276,3463190,63574673,5.45
2026-10-01 11:00:00,275,275,3074,8.95,3444330,64287669,5.36,275,3444330,64254441,5.36
2026-10-01 12:00:00,276,276,3075,8.98,3473250,64317008,5.4,276,3473250,64283780,5.4
2026-10-01 13:00:00,275,275,3043,9.04,3453730,63892094,5.41,275,3453730,63857866,5.41
2026-10-01 14:00:00,273,273,3052,8.94,3444550,63966635,5.38,273,3444550,63932407,5.39
2026-10-01 15:00:00,276,276,3071,8.99,3477040,64368804,5.4,276,3477040,64334576,5.4
2026-10-01 16:00:00,273,273,3062,8.92,3415820,64118253,5.33,273,3415820,64084025,5.33
2026-10-01 17:00:00,274,274,3064,8.94,3434340,64295471,5.34,274,3434340,64261243,5.34
2026-10-01 18:00:00,277,277,3077,9.0,3487780,64541008,5.4,277,3487780,64506780,5.41
2026-10-01 20:00:00,277,277,3070,9.02,3478760,64392850,5.4,277,3478760,64358622,5.41
2026-10-01 21:00:00,277,277,3066,9.03,3477670,64506850,5.39,277,3477670,64472622,5.39
2026-10-01 22:00:00,277,277,3062,9.05,3472080,64647497,5.37,277,3472080,64613269,5.37
2026-10-01 23:00:00,277,277,3071,9.02,3466880,64654100,5.36,277,3466880,64618872,5.37
2026-10-02 00:00:00,277,277,3068,9.03,3467070,64670190,5.36,277,3467070,64634962,5.36
2026-10-02 01:00:00,277,277,3070,9.02,3466780,64790343,5.35,277,3466780,64755115,5.35
2026-10-02 02:00:00,277,277,3074,9.01,3468700,64830581,5.35,277,3468700,64795353,5.35
2026-10-02 03:00:00,277,277,3075,9.01,3464230,64725525,5.35,277,3464230,64690297,5.36
2026-10-02 04:00:00,277,277,3079,9.0,3457420,64853903,5.33,277,3457420,64818675,5.33
2026-10-02 05:00:00,277,277,3077,9.0,3454800,64947355,5.32,277,3454800,64912127,5.32
2026-10-02 06:00:00,277,277,3076,9.01,3459360,64832961,5.34,277,3459360,64797733,5.34
2026-10-02 07:00:00,277,277,3077,9.0,3460560,64777751,5.34,277,3460560,64742523,5.35
2026-10-02 08:00:00,277,277,3061,9.05,3457870,64153780,5.39,277,3457870,64118552,5.39
2026-10-02 09:00:00,277,277,3077,9.0,3458000,65010761,5.32,277,3458000,64975533,5.32
2026-10-02 10:00:00,277,277,3081,8.99,3458750,64988157,5.32,277,3458750,64952929,5.33
2026-10-02 11:00:00,277,277,3093,8.96,3458640,65232017,5.3,277,3458640,65196789,5.3
2026-10-02 12:00:00,277,277,3090,8.96,3458380,65245115,5.3,277,3458380,65209887,5.3
2026-10-02 13:00:00,277,277,3081,8.99,3458690,65207885,5.3,277,3458690,65172657,5.31
2026-10-02 14:00:00,277,277,3081,8.99,3459660,65169675,5.31,277,3459660,65134447,5.31
2026-10-02 15:00:00,277,277,3097,8.94,3428500,65399898,5.24,277,3428500,65364670,5.25
2026-10-02 16:00:00,277,277,3091,8.96,3463570,65655088,5.28,277,3463570,65624060,5.28
2026-10-02 17:00:00,277,277,3093,8.96,3461650,65626182,5.27,277,3461650,65595154,5.28
2026-10-02 18:00:00,277,277,3092,8.96,3440530,65629546,5.24,277,3440530,65594318,5.25
2026-10-02 19:00:00,277,277,3094,8.95,3441190,65897391,5.22,277,3441190,65862163,5.22
2026-10-02 20:00:00,277,277,3087,8.97,3441890,65740812,5.24,277,3441890,65705584,5.24
2026-10-02 21:00:00,277,277,3082,8.99,3438320,65821741,5.22,277,3438320,65786513,5.23
2026-10-02 22:00:00,277,277,3079,9.0,3435920,65035431,5.28,277,3435920,65000203,5.29
2026-10-02 23:00:00,277,277,3085,8.98,3433720,64997050,5.28,277,3433720,64961822,5.29
2026-10-03 00:00:00,277,277,3087,8.97,3430750,65232652,5.26,277,3430750,65197424,5.26
2026-10-03 01:00:00,277,277,3090,8.96,3427610,65198355,5.26,277,3427610,65163127,5.26
2026-10-03 02:00:00,277,277,3086,8.98,3423130,65188859,5.25,277,3423130,65153631,5.25
2026-10-03 03:00:00,277,277,3086,8.98,3416830,65203540,5.24,277,3416830,65168312,5.24
2026-10-03 04:00:00,277,277,3086,8.98,3414730,65262368,5.23,277,3414730,65227140,5.24
2026-10-03 05:00:00,277,277,3088,8.97,3409060,65221772,5.23,277,3409060,65186544,5.23
2026-10-03 06:00:00,277,277,3092,8.96,3402760,65417088,5.2,277,3402760,65381860,5.2
2026-10-03 07:00:00,277,277,3084,8.98,3402780,65447092,5.2,277,3402780,65411864,5.2
2026-10-03 08:00:00,277,277,3086,8.98,3390750,65350763,5.19,277,3390750,65315535,5.19
2026-10-03 09:00:00,277,277,3095,8.95,3389890,65525543,5.17,277,3389890,65490315,5.18
2026-10-03 10:00:00,277,277,3091,8.96,3377030,65668625,5.14,277,3377030,65633397,5.15
2026-10-03 11:00:00,277,277,3108,8.91,3369550,65877465,5.11,277,3369550,65842237,5.12
2026-10-03 12:00:00,277,277,3108,8.91,3370100,65963582,5.11,277,3370100,65928354,5.11
2026-10-03 13:00:00,277,277,3101,8.93,3368400,65603017,5.13,277,3368400,65567789,5.14
2026-10-03 14:00:00,275,275,3100,8.87,3283760,65411257,5.02,275,3283760,65376029,5.02
2026-10-03 15:00:00,275,275,3096,8.88,3289480,65880595,4.99,275,3289480,65845367,5.0
2026-10-03 16:00:00,275,275,3060,8.99,3288710,64233713,5.12,275,3288710,64198485,5.12
2026-10-03 17:00:00,273,273,3063,8.91,3230570,64153813,5.04,273,3230570,64118585,5.04
2026-10-03 18:00:00,273,273,3064,8.91,3230280,63964002,5.05,273,3230280,63928775,5.05
2026-10-03 19:00:00,273,273,3073,8.88,3229270,64331775,5.02,273,3229270,64296548,5.02
2026-10-03 20:00:00,273,273,3069,8.9,3224570,64333214,5.01,273,3224570,64297987,5.02
2026-10-03 21:00:00,272,272,3062,8.88,3201970,64182344,4.99,272,3201970,64147117,4.99
2026-10-03 22:00:00,273,273,3070,8.89,3212790,64149428,5.01,273,3212790,64113199,5.01
2026-10-03 23:00:00,273,273,3073,8.88,3209640,64463520,4.98,273,3209640,64427291,4.98
2026-10-04 00:00:00,277,277,3072,9.02,3344550,64796184,5.16,277,3344550,64759955,5.16
2026-10-04 01:00:00,277,277,3071,9.02,3347720,64705994,5.17,277,3347720,64669765,5.18
2026-10-04 02:00:00,277,277,3078,9.0,3338020,64659866,5.16,277,3338020,64623637,5.17
2026-10-04 03:00:00,277,277,3081,8.99,3325800,64665726,5.14,277,3325800,64629497,5.15
2026-10-04 04:00:00,277,277,3083,8.98,3324990,64945975,5.12,277,3324990,64909746,5.12
2026-10-04 05:00:00,275,275,3078,8.93,3305040,64960317,5.09,275,3305040,64924088,5.09
2026-10-04 06:00:00,277,277,3085,8.98,3319080,64912115,5.11,277,3319080,64875886,5.12
2026-10-04 07:00:00,272,272,3081,8.83,3292720,64899113,5.07,272,3292720,64862884,5.08
2026-10-04 08:00:00,277,277,3080,8.99,3312630,65046122,5.09,277,3312630,65009893,5.1
2026-10-04 09:00:00,277,277,3084,8.98,3313110,65090993,5.09,277,3313110,65054765,5.09
2026-10-04 10:00:00,277,277,3083,8.98,3314250,64921704,5.1,277,3314250,64885476,5.11
2026-10-04 11:00:00,277,277,3080,8.99,3310410,64938322,5.1,277,3310410,64901894,5.1
2026-10-04 12:00:00,277,277,3079,9.0,3309880,65156291,5.08,277,3309880,65119863,5.08
2026-10-04 13:00:00,277,277,3076,9.01,3307070,64860681,5.1,277,3307070,64856253,5.1
2026-10-04 14:00:00,277,277,3063,9.04,3308400,64548097,5.13,277,3308400,64543669,5.13
2026-10-04 15:00:00,272,272,3064,8.88,3106190,64609098,4.81,272,3106190,64572670,4.81
2026-10-04 16:00:00,248,248,3044,8.15,2404870,64010026,3.76,248,2404870,63973598,3.76
2026-10-04 17:00:00,230,230,3032,7.59,1901030,63613976,2.99,230,1901030,63609548,2.99
2026-10-04 18:00:00,210,210,3005,6.99,1321410,62777831,2.1,210,1321410,62773403,2.11
2026-10-04 19:00:00,153,153,2956,5.18,1018500,62561621,1.63,153,1018500,62525193,1.63
2026-10-04 20:00:00,31,31,2825,1.1,197500,61670635,0.32,31,197500,61634207,0.32
2026-10-04 21:00:00,8,0,2744,0.0,0,60907038,0.0,0,0,60511610,0.0
2026-10-04 22:00:00,8,0,2745,0.0,0,60958077,0.0,0,0,60562649,0.0
2026-10-04 23:00:00,6,0,2745,0.0,0,60949807,0.0,0,0,60588379,0.0
2026-10-05 00:00:00,4,0,2746,0.0,0,60533235,0.0,0,0,60218807,0.0
2026-10-05 01:00:00,4,0,2743,0.0,0,60481214,0.0,0,0,60166786,0.0
2026-10-05 02:00:00,0,0,2743,0.0,0,60450203,0.0,0,0,60135775,0.0
2026-10-05 03:00:00,0,0,2735,0.0,0,60358903,0.0,0,0,60044475,0.0
2026-10-05 04:00:00,0,0,2730,0.0,0,60424093,0.0,0,0,60109665,0.0
2026-10-05 05:00:00,0,0,2733,0.0,0,60421603,0.0,0,0,60107175,0.0
2026-10-05 06:00:00,0,0,2738,0.0,0,60367593,0.0,0,0,60053165,0.0
2026-10-05 07:00:00,0,0,2732,0.0,0,60398283,0.0,0,0,60083855,0.0
2026-10-05 08:00:00,0,0,2723,0.0,0,60231573,0.0,0,0,60195145,0.0
2026-10-05 09:00:00,0,0,2732,0.0,0,60337023,0.0,0,0,60300595,0.0
2026-10-05 10:00:00,82,0,2733,0.0,0,60368476,0.0,0,0,60332048,0.0
2026-10-05 11:00:00,218,0,2730,0.0,0,60379296,0.0,0,0,60342868,0.0
2026-10-05 12:00:00,208,0,2726,0.0,0,60871474,0.0,0,0,60835046,0.0
2026-10-05 13:00:00,111,0,2723,0.0,0,60733823,0.0,0,0,60697395,0.0
2026-10-05 14:00:00,0,0,2718,0.0,0,60348413,0.0,0,0,60309885,0.0
2026-10-05 15:00:00,0,0,2717,0.0,0,60384442,0.0,0,0,60345314,0.0
2026-10-05 16:00:00,0,0,2709,0.0,0,60280536,0.0,0,0,60241408,0.0
2026-10-05 17:00:00,0,0,2683,0.0,0,60271808,0.0,0,0,60232680,0.0
2026-10-05 18:00:00,0,0,2682,0.0,0,60243754,0.0,0,0,60204626,0.0
2026-10-05 19:00:00,0,0,2681,0.0,0,60216744,0.0,0,0,60177616,0.0
2026-10-05 20:00:00,0,0,2642,0.0,0,58345204,0.0,0,0,58305076,0.0
2026-10-05 21:00:00,0,0,2691,0.0,0,60384854,0.0,0,0,60343726,0.0
2026-10-05 22:00:00,0,0,2692,0.0,0,60305684,0.0,0,0,60264556,0.0
2026-10-05 23:00:00,0,0,2685,0.0,0,59950955,0.0,0,0,59909827,0.0
2026-10-06 00:00:00,0,0,2689,0.0,0,60102056,0.0,0,0,60060928,0.0
2026-10-06 01:00:00,0,0,2693,0.0,0,60352677,0.0,0,0,60311549,0.0
2026-10-06 02:00:00,0,0,2690,0.0,0,60269258,0.0,0,0,60228130,0.0
2026-10-06 03:00:00,0,0,2693,0.0,0,60260150,0.0,0,0,60219022,0.0
2026-10-06 04:00:00,0,0,2689,0.0,0,60195303,0.0,0,0,60154175,0.0
2026-10-06 05:00:00,0,0,2691,0.0,0,60192163,0.0,0,0,60152035,0.0
2026-10-06 06:00:00,0,0,2691,0.0,0,60225864,0.0,0,0,60185736,0.0
2026-10-06 07:00:00,0,0,2698,0.0,0,60335663,0.0,0,0,60295635,0.0
2026-10-06 08:00:00,0,0,2699,0.0,0,60386079,0.0,0,0,60346051,0.0
2026-10-06 09:00:00,0,0,2700,0.0,0,60430286,0.0,0,0,60390258,0.0
2026-10-06 10:00:00,0,0,2694,0.0,0,60212887,0.0,0,0,60172859,0.0
2026-10-06 11:00:00,0,0,2728,0.0,0,61499651,0.0,0,0,61459623,0.0
2026-10-06 12:00:00,0,0,2724,0.0,0,61473850,0.0,0,0,61433822,0.0
2026-10-06 13:00:00,0,0,2722,0.0,0,61732170,0.0,0,0,61692142,0.0
2026-10-06 14:00:00,0,0,2714,0.0,0,61452042,0.0,0,0,61412014,0.0
2026-10-06 15:00:00,0,0,2716,0.0,0,61583393,0.0,0,0,61543365,0.0
2026-10-06 16:00:00,0,0,2727,0.0,0,61823391,0.0,0,0,61783363,0.0
2026-10-06 17:00:00,0,0,2732,0.0,0,61713402,0.0,0,0,61673374,0.0
2026-10-06 18:00:00,0,0,2675,0.0,0,61367910,0.0,0,0,61327882,0.0
2026-10-06 19:00:00,0,0,2666,0.0,0,61292457,0.0,0,0,61252429,0.0
2026-10-06 20:00:00,0,0,2694,0.0,0,61564160,0.0,0,0,61524132,0.0
2026-10-06 21:00:00,0,0,2695,0.0,0,61640401,0.0,0,0,61600373,0.0
2026-10-06 22:00:00,0,0,2698,0.0,0,61683922,0.0,0,0,61643894,0.0
2026-10-06 23:00:00,0,0,2698,0.0,0,61557073,0.0,0,0,61517045,0.0
2026-10-07 00:00:00,0,0,2711,0.0,0,61738254,0.0,0,0,61698226,0.0
2026-10-07 01:00:00,0,0,2716,0.0,0,62039026,0.0,0,0,61998998,0.0
2026-10-07 02:00:00,0,0,2713,0.0,0,61902607,0.0,0,0,61862579,0.0
