valid_after,family_present,Exit,BadExit,MiddleOnly,Guard,near_open_pline
2026-09-24 00:00:00,274,274,0,0,191,0
2026-09-24 01:00:00,275,275,0,0,192,0
2026-09-24 02:00:00,276,276,0,0,193,0
2026-09-24 03:00:00,276,276,0,0,194,0
2026-09-24 04:00:00,276,276,0,0,194,0
2026-09-24 05:00:00,276,276,0,0,194,0
2026-09-24 06:00:00,276,276,0,0,193,0
2026-09-24 07:00:00,276,276,0,0,192,0
2026-09-24 08:00:00,276,276,0,0,192,0
2026-09-24 09:00:00,276,276,0,0,192,0
2026-09-24 10:00:00,276,276,0,0,192,0
2026-09-24 11:00:00,276,276,0,0,192,0
2026-09-24 12:00:00,276,276,0,0,192,0
2026-09-24 13:00:00,274,274,0,0,190,0
2026-09-24 14:00:00,276,276,0,0,192,0
2026-09-24 15:00:00,276,276,0,0,192,0
2026-09-24 16:00:00,276,276,0,0,192,0
2026-09-24 17:00:00,276,276,0,0,193,0
2026-09-24 18:00:00,276,276,0,0,195,0
2026-09-24 19:00:00,276,276,0,0,195,0
2026-09-24 20:00:00,276,276,0,0,195,0
2026-09-24 21:00:00,275,275,0,0,195,0
2026-09-24 22:00:00,276,276,0,0,197,0
2026-09-24 23:00:00,276,276,0,0,197,0
2026-09-25 00:00:00,276,276,0,0,197,0
2026-09-25 01:00:00,276,276,0,0,198,0
2026-09-25 02:00:00,276,276,0,0,198,0
2026-09-25 03:00:00,276,276,0,0,198,0
2026-09-25 04:00:00,276,276,0,0,195,0
2026-09-25 05:00:00,276,276,0,0,197,0
2026-09-25 06:00:00,276,276,0,0,198,0
2026-09-25 07:00:00,276,276,0,0,198,0
2026-09-25 08:00:00,276,276,0,0,198,0
2026-09-25 09:00:00,276,276,0,0,198,0
2026-09-25 10:00:00,276,276,0,0,198,0
2026-09-25 11:00:00,276,276,0,0,198,0
2026-09-25 12:00:00,276,276,0,0,199,0
2026-09-25 13:00:00,276,276,0,0,199,0
2026-09-25 14:00:00,276,276,0,0,199,0
2026-09-25 15:00:00,276,276,0,0,199,0
2026-09-25 16:00:00,276,276,0,0,199,0
2026-09-25 17:00:00,276,276,0,0,200,0
2026-09-25 18:00:00,276,276,0,0,200,0
2026-09-25 19:00:00,276,276,0,0,200,0
2026-09-25 20:00:00,276,276,0,0,200,0
2026-09-25 21:00:00,276,276,0,0,201,0
2026-09-25 22:00:00,276,276,0,0,201,0
2026-09-25 23:00:00,276,276,0,0,202,0
2026-09-26 00:00:00,276,276,0,0,201,0
2026-09-26 01:00:00,276,276,0,0,201,0
2026-09-26 02:00:00,276,276,0,0,202,0
2026-09-26 03:00:00,276,276,0,0,201,0
2026-09-26 04:00:00,276,276,0,0,201,0
2026-09-26 05:00:00,276,276,0,0,201,0
2026-09-26 06:00:00,276,276,0,0,201,0
2026-09-26 07:00:00,276,276,0,0,202,0
2026-09-26 08:00:00,276,276,0,0,202,0
2026-09-26 09:00:00,276,276,0,0,202,0
2026-09-26 10:00:00,276,276,0,0,202,0
2026-09-26 11:00:00,276,276,0,0,200,0
2026-09-26 12:00:00,276,276,0,0,200,0
2026-09-26 13:00:00,276,276,0,0,201,0
2026-09-26 14:00:00,276,276,0,0,201,0
2026-09-26 15:00:00,276,276,0,0,201,0
2026-09-26 16:00:00,276,276,0,0,201,0
2026-09-26 17:00:00,276,276,0,0,201,0
2026-09-26 18:00:00,276,276,0,0,201,0
2026-09-26 19:00:00,276,276,0,0,195,0
2026-09-26 20:00:00,276,276,0,0,195,0
2026-09-26 21:00:00,276,276,0,0,202,0
2026-09-26 22:00:00,276,276,0,0,202,0
2026-09-26 23:00:00,276,276,0,0,202,0
2026-09-27 00:00:00,276,276,0,0,203,0
2026-09-27 01:00:00,276,276,0,0,203,0
2026-09-27 02:00:00,277,277,0,0,203,0
2026-09-27 03:00:00,277,277,0,0,203,0
2026-09-27 04:00:00,277,277,0,0,203,0
2026-09-27 05:00:00,277,277,0,0,203,0
2026-09-27 06:00:00,277,277,0,0,203,0
2026-09-27 07:00:00,277,277,0,0,204,0
2026-09-27 08:00:00,277,277,0,0,205,0
2026-09-27 09:00:00,277,277,0,0,205,0
2026-09-27 10:00:00,277,277,0,0,205,0
2026-09-27 11:00:00,277,277,0,0,205,0
2026-09-27 12:00:00,277,277,0,0,206,0
2026-09-27 13:00:00,277,277,0,0,207,0
2026-09-27 14:00:00,277,277,0,0,207,0
2026-09-27 15:00:00,277,277,0,0,207,0
2026-09-27 16:00:00,277,277,0,0,207,0
2026-09-27 17:00:00,277,277,0,0,207,0
2026-09-27 18:00:00,277,277,0,0,206,0
2026-09-27 19:00:00,277,277,0,0,206,0
2026-09-27 20:00:00,277,277,0,0,206,0
2026-09-27 21:00:00,277,277,0,0,206,0
2026-09-27 22:00:00,277,277,0,0,206,0
2026-09-27 23:00:00,277,277,0,0,206,0
2026-09-28 00:00:00,277,277,0,0,206,0
2026-09-28 01:00:00,269,269,0,0,199,0
2026-09-28 02:00:00,256,256,0,0,190,0
2026-09-28 03:00:00,254,254,0,0,188,0
2026-09-28 04:00:00,268,268,0,0,201,0
2026-09-28 05:00:00,272,272,0,0,203,0
2026-09-28 06:00:00,266,266,0,0,200,0
2026-09-28 07:00:00,270,270,0,0,203,0
2026-09-28 08:00:00,275,275,0,0,203,0
2026-09-28 09:00:00,272,272,0,0,199,0
2026-09-28 10:00:00,274,274,0,0,195,0
2026-09-28 11:00:00,276,276,0,0,196,0
2026-09-28 12:00:00,276,276,0,0,193,0
2026-09-28 13:00:00,275,275,0,0,193,0
2026-09-28 14:00:00,271,271,0,0,191,0
2026-09-28 15:00:00,272,272,0,0,190,0
2026-09-28 16:00:00,274,274,0,0,189,0
2026-09-28 17:00:00,275,275,0,0,191,0
2026-09-28 18:00:00,275,275,0,0,192,0
2026-09-28 19:00:00,274,274,0,0,191,0
2026-09-28 20:00:00,275,275,0,0,191,0
2026-09-28 21:00:00,277,277,0,0,193,0
2026-09-28 22:00:00,277,277,0,0,192,0
2026-09-28 23:00:00,276,276,0,0,191,0
2026-09-29 00:00:00,276,276,0,0,191,0
2026-09-29 01:00:00,277,277,0,0,192,0
2026-09-29 02:00:00,277,277,0,0,192,0
2026-09-29 03:00:00,276,276,0,0,191,0
2026-09-29 04:00:00,272,272,0,0,189,0
2026-09-29 05:00:00,274,274,0,0,190,0
2026-09-29 06:00:00,276,276,0,0,192,0
2026-09-29 07:00:00,276,276,0,0,192,0
2026-09-29 08:00:00,276,276,0,0,189,0
2026-09-29 09:00:00,277,277,0,0,190,0
2026-09-29 10:00:00,275,275,0,0,193,0
2026-09-29 11:00:00,277,277,0,0,193,0
2026-09-29 12:00:00,277,277,0,0,193,0
2026-09-29 13:00:00,267,267,0,0,186,0
2026-09-29 14:00:00,266,266,0,0,185,0
2026-09-29 15:00:00,268,268,0,0,184,0
2026-09-29 16:00:00,271,271,0,0,187,0
2026-09-29 17:00:00,277,277,0,0,193,0
2026-09-29 18:00:00,277,277,0,0,194,0
2026-09-29 19:00:00,277,277,0,0,193,0
2026-09-29 20:00:00,277,277,0,0,193,0
2026-09-29 21:00:00,277,277,0,0,193,0
2026-09-29 22:00:00,277,277,0,0,194,0
2026-09-29 23:00:00,277,277,0,0,194,0
2026-09-30 00:00:00,277,277,0,0,195,0
2026-09-30 01:00:00,277,277,0,0,195,0
2026-09-30 02:00:00,277,277,0,0,196,0
2026-09-30 03:00:00,277,277,0,0,196,0
2026-09-30 04:00:00,277,277,0,0,196,0
2026-09-30 05:00:00,277,277,0,0,195,0
2026-09-30 06:00:00,277,277,0,0,196,0
2026-09-30 07:00:00,277,277,0,0,197,0
2026-09-30 08:00:00,277,277,0,0,197,0
2026-09-30 09:00:00,277,277,0,0,197,0
2026-09-30 10:00:00,276,276,0,0,197,0
2026-09-30 11:00:00,276,276,0,0,197,0
2026-09-30 12:00:00,276,276,0,0,196,0
2026-09-30 13:00:00,270,270,0,0,192,0
2026-09-30 14:00:00,269,269,0,0,191,0
2026-09-30 15:00:00,276,276,0,0,197,0
2026-09-30 16:00:00,277,277,0,0,198,0
2026-09-30 17:00:00,277,277,0,0,198,0
2026-09-30 18:00:00,276,276,0,0,197,0
2026-09-30 19:00:00,277,277,0,0,198,0
2026-09-30 20:00:00,277,277,0,0,198,0
2026-09-30 21:00:00,277,277,0,0,198,0
2026-09-30 22:00:00,277,277,0,0,198,0
2026-09-30 23:00:00,277,277,0,0,198,0
2026-10-01 00:00:00,276,276,0,0,198,0
2026-10-01 01:00:00,277,277,0,0,198,0
2026-10-01 02:00:00,276,276,0,0,197,0
2026-10-01 03:00:00,273,273,0,0,196,0
2026-10-01 04:00:00,273,273,0,0,196,0
2026-10-01 05:00:00,275,275,0,0,197,0
2026-10-01 06:00:00,276,276,0,0,197,0
2026-10-01 07:00:00,276,276,0,0,197,0
2026-10-01 08:00:00,276,276,0,0,197,0
2026-10-01 09:00:00,276,276,0,0,197,0
2026-10-01 10:00:00,276,276,0,0,197,0
2026-10-01 11:00:00,275,275,0,0,196,0
2026-10-01 12:00:00,276,276,0,0,197,0
2026-10-01 13:00:00,275,275,0,0,198,0
2026-10-01 14:00:00,273,273,0,0,197,0
2026-10-01 15:00:00,276,276,0,0,198,0
2026-10-01 16:00:00,273,273,0,0,196,0
2026-10-01 17:00:00,274,274,0,0,197,0
2026-10-01 18:00:00,277,277,0,0,199,0
2026-10-01 20:00:00,277,277,0,0,198,0
2026-10-01 21:00:00,277,277,0,0,198,0
2026-10-01 22:00:00,277,277,0,0,197,0
2026-10-01 23:00:00,277,277,0,0,195,0
2026-10-02 00:00:00,277,277,0,0,194,0
2026-10-02 01:00:00,277,277,0,0,194,0
2026-10-02 02:00:00,277,277,0,0,196,0
2026-10-02 03:00:00,277,277,0,0,196,0
2026-10-02 04:00:00,277,277,0,0,195,0
2026-10-02 05:00:00,277,277,0,0,195,0
2026-10-02 06:00:00,277,277,0,0,195,0
2026-10-02 07:00:00,277,277,0,0,195,0
2026-10-02 08:00:00,277,277,0,0,196,0
2026-10-02 09:00:00,277,277,0,0,196,0
2026-10-02 10:00:00,277,277,0,0,196,277
2026-10-02 11:00:00,277,277,0,0,196,277
2026-10-02 12:00:00,277,277,0,0,196,277
2026-10-02 13:00:00,277,277,0,0,196,277
2026-10-02 14:00:00,277,277,0,0,196,277
2026-10-02 15:00:00,277,277,0,0,194,277
2026-10-02 16:00:00,277,277,0,0,194,277
2026-10-02 17:00:00,277,277,0,0,193,277
2026-10-02 18:00:00,277,277,0,0,193,277
2026-10-02 19:00:00,277,277,0,0,193,277
2026-10-02 20:00:00,277,277,0,0,193,277
2026-10-02 21:00:00,277,277,0,0,193,277
2026-10-02 22:00:00,277,277,0,0,193,277
2026-10-02 23:00:00,277,277,0,0,193,277
2026-10-03 00:00:00,277,277,0,0,193,277
2026-10-03 01:00:00,277,277,0,0,193,277
2026-10-03 02:00:00,277,277,0,0,193,277
2026-10-03 03:00:00,277,277,0,0,193,277
2026-10-03 04:00:00,277,277,0,0,196,277
2026-10-03 05:00:00,277,277,0,0,196,277
2026-10-03 06:00:00,277,277,0,0,196,277
2026-10-03 07:00:00,277,277,0,0,197,277
2026-10-03 08:00:00,277,277,0,0,197,277
2026-10-03 09:00:00,277,277,0,0,198,277
2026-10-03 10:00:00,277,277,0,0,198,277
2026-10-03 11:00:00,277,277,0,0,198,277
2026-10-03 12:00:00,277,277,0,0,198,277
2026-10-03 13:00:00,277,277,0,0,198,277
2026-10-03 14:00:00,275,275,0,0,196,275
2026-10-03 15:00:00,275,275,0,0,197,275
2026-10-03 16:00:00,275,275,0,0,197,275
2026-10-03 17:00:00,273,273,0,0,195,273
2026-10-03 18:00:00,273,273,0,0,195,273
2026-10-03 19:00:00,273,273,0,0,195,273
2026-10-03 20:00:00,273,273,0,0,195,273
2026-10-03 21:00:00,272,272,0,0,195,272
2026-10-03 22:00:00,273,273,0,0,195,273
2026-10-03 23:00:00,273,273,0,0,195,273
2026-10-04 00:00:00,277,277,0,0,196,277
2026-10-04 01:00:00,277,277,0,0,196,277
2026-10-04 02:00:00,277,277,0,0,196,277
2026-10-04 03:00:00,277,277,0,0,196,277
2026-10-04 04:00:00,277,277,0,0,197,277
2026-10-04 05:00:00,275,275,0,0,195,275
2026-10-04 06:00:00,277,277,0,0,197,277
2026-10-04 07:00:00,272,272,0,0,194,272
2026-10-04 08:00:00,277,277,0,0,196,277
2026-10-04 09:00:00,277,277,0,0,196,277
2026-10-04 10:00:00,277,277,0,0,196,277
2026-10-04 11:00:00,277,277,0,0,197,277
2026-10-04 12:00:00,277,277,0,0,197,277
2026-10-04 13:00:00,277,277,0,0,197,277
2026-10-04 14:00:00,277,277,0,0,198,277
2026-10-04 15:00:00,272,272,0,0,194,272
2026-10-04 16:00:00,248,248,0,0,168,248
2026-10-04 17:00:00,230,230,0,0,141,230
2026-10-04 18:00:00,210,210,0,0,89,210
2026-10-04 19:00:00,153,153,0,0,51,153
2026-10-04 20:00:00,31,31,0,0,1,31
2026-10-04 21:00:00,8,0,8,8,0,8
2026-10-04 22:00:00,8,0,8,8,0,8
2026-10-04 23:00:00,6,0,6,6,0,6
2026-10-05 00:00:00,4,0,4,4,0,4
2026-10-05 01:00:00,4,0,4,4,0,4
2026-10-05 02:00:00,0,0,0,0,0,0
2026-10-05 03:00:00,0,0,0,0,0,0
2026-10-05 04:00:00,0,0,0,0,0,0
2026-10-05 05:00:00,0,0,0,0,0,0
2026-10-05 06:00:00,0,0,0,0,0,0
2026-10-05 07:00:00,0,0,0,0,0,0
2026-10-05 08:00:00,0,0,0,0,0,0
2026-10-05 09:00:00,0,0,0,0,0,0
2026-10-05 10:00:00,82,0,81,81,0,82
2026-10-05 11:00:00,218,0,167,167,0,218
2026-10-05 12:00:00,208,0,0,0,0,208
2026-10-05 13:00:00,111,0,0,0,0,111
2026-10-05 14:00:00,0,0,0,0,0,0
2026-10-05 15:00:00,0,0,0,0,0,0
2026-10-05 16:00:00,0,0,0,0,0,0
2026-10-05 17:00:00,0,0,0,0,0,0
2026-10-05 18:00:00,0,0,0,0,0,0
2026-10-05 19:00:00,0,0,0,0,0,0
2026-10-05 20:00:00,0,0,0,0,0,0
2026-10-05 21:00:00,0,0,0,0,0,0
2026-10-05 22:00:00,0,0,0,0,0,0
2026-10-05 23:00:00,0,0,0,0,0,0
2026-10-06 00:00:00,0,0,0,0,0,0
2026-10-06 01:00:00,0,0,0,0,0,0
2026-10-06 02:00:00,0,0,0,0,0,0
2026-10-06 03:00:00,0,0,0,0,0,0
2026-10-06 04:00:00,0,0,0,0,0,0
2026-10-06 05:00:00,0,0,0,0,0,0
2026-10-06 06:00:00,0,0,0,0,0,0
2026-10-06 07:00:00,0,0,0,0,0,0
2026-10-06 08:00:00,0,0,0,0,0,0
2026-10-06 09:00:00,0,0,0,0,0,0
2026-10-06 10:00:00,0,0,0,0,0,0
2026-10-06 11:00:00,0,0,0,0,0,0
2026-10-06 12:00:00,0,0,0,0,0,0
2026-10-06 13:00:00,0,0,0,0,0,0
2026-10-06 14:00:00,0,0,0,0,0,0
2026-10-06 15:00:00,0,0,0,0,0,0
2026-10-06 16:00:00,0,0,0,0,0,0
2026-10-06 17:00:00,0,0,0,0,0,0
2026-10-06 18:00:00,0,0,0,0,0,0
2026-10-06 19:00:00,0,0,0,0,0,0
2026-10-06 20:00:00,0,0,0,0,0,0
2026-10-06 21:00:00,0,0,0,0,0,0
2026-10-06 22:00:00,0,0,0,0,0,0
2026-10-06 23:00:00,0,0,0,0,0,0
2026-10-07 00:00:00,0,0,0,0,0,0
2026-10-07 01:00:00,0,0,0,0,0,0
2026-10-07 02:00:00,0,0,0,0,0,0
