asn,as_name,relays_present,exit_policy_relays,victims,hit_rate,family_relays,family_victims,nonfamily_relays,nonfamily_victims,nonfamily_hit_rate,nonfamily_exit_policy_relays,nonfamily_exit_victims,nonfamily_nonexit_relays,nonfamily_nonexit_victims
36352,HostPapa,228,124,123,0.5395,123,123,105,0,0.0,1,0,104,0
53667,FranTech Solutions,149,118,119,0.7987,48,48,101,71,0.703,70,56,31,15
197540,netcup GmbH,288,56,39,0.1354,39,39,249,0,0.0,17,0,232,0
141995,Contabo Asia Private Limited,34,27,23,0.6765,23,23,11,0,0.0,4,0,7,0
51167,Contabo GmbH,66,20,16,0.2424,16,16,50,0,0.0,4,0,46,0
211619,MAXKO d.o.o.,47,36,16,0.3404,16,16,31,0,0.0,20,0,11,0
40021,Contabo Inc.,14,9,8,0.5714,8,8,6,0,0.0,1,0,5,0
200019,ALEXHOST SRL,23,1,4,0.1739,0,0,23,4,0.1739,1,0,22,4
211720,"Datashield, Inc.",5,5,4,0.8,0,0,5,4,0.8,5,4,0,0
9044,BSE Software GmbH,3,0,2,0.6667,0,0,3,2,0.6667,0,0,3,2
20473,"The Constant Company, LLC",95,9,1,0.0105,0,0,95,1,0.0105,9,0,86,1
27176,DataWagon LLC,8,7,1,0.125,0,0,8,1,0.125,7,1,1,0
399646,Snaju Development,6,0,1,0.1667,0,0,6,1,0.1667,0,0,6,1
36849,1st Amendment Encrypted Openness LLC,978,0,0,0.0,0,0,978,0,0.0,0,0,978,0
215125,Church of Cyberology,630,476,0,0.0,0,0,630,0,0.0,476,0,154,0
62744,Quintex Alliance Consulting,594,594,0,0.0,0,0,594,0,0.0,594,0,0,0
16276,OVH SAS,578,19,0,0.0,0,0,578,0,0.0,19,0,559,0
24940,Hetzner Online GmbH,332,1,0,0.0,0,0,332,0,0.0,1,0,331,0
60729,Stiftung Erneuerbare Freiheit,321,260,0,0.0,0,0,321,0,0.0,260,0,61,0
8560,IONOS SE,237,2,0,0.0,0,0,237,0,0.0,2,0,235,0
208323,Foundation for Applied Privacy,152,120,0,0.0,0,0,152,0,0.0,120,0,32,0
198093,Foreningen for digitala fri- och rattigheter,149,148,0,0.0,0,0,149,0,0.0,148,0,1,0
401401,Unredacted Inc,118,118,0,0.0,0,0,118,0,0.0,118,0,0,0
31898,Oracle Corporation,103,0,0,0.0,0,0,103,0,0.0,0,0,103,0
63949,"Akamai Technologies, Inc.",101,14,0,0.0,0,0,101,0,0.0,14,0,87,0
396507,Emerald Onion,97,97,0,0.0,0,0,97,0,0.0,97,0,0,0
11878,"tzulo, inc.",90,0,0,0.0,0,0,90,0,0.0,0,0,90,0
29222,Infomaniak Network SA,82,0,0,0.0,0,0,82,0,0.0,0,0,82,0
27284,Fourplex Telecom LLC,82,80,0,0.0,0,0,82,0,0.0,80,0,2,0
12876,Scaleway SAS,79,7,0,0.0,0,0,79,0,0.0,7,0,72,0
56655,Gigahost AS,69,43,0,0.0,0,0,69,0,0.0,43,0,26,0
14061,"DigitalOcean, LLC",65,1,0,0.0,0,0,65,0,0.0,1,0,64,0
200651,FlokiNET ehf,60,47,0,0.0,0,0,60,0,0.0,47,0,13,0
3320,Deutsche Telekom AG,53,0,0,0.0,0,0,53,0,0.0,0,0,53,0
7922,"Comcast Cable Communications, LLC",52,0,0,0.0,0,0,52,0,0.0,0,0,52,0
51852,Private Layer INC,44,19,0,0.0,0,0,44,0,0.0,19,0,25,0
7018,"AT&T Enterprises, LLC",43,1,0,0.0,0,0,43,0,0.0,1,0,42,0
8283,Netwerkvereniging Coloclue,42,4,0,0.0,0,0,42,0,0.0,4,0,38,0
211507,Julian Achter,40,24,0,0.0,0,0,40,0,0.0,24,0,16,0
60404,The Infrastructure Group B.V.,39,27,0,0.0,0,0,39,0,0.0,27,0,12,0
26832,Rica Web Services,38,6,0,0.0,0,0,38,0,0.0,6,0,32,0
3209,Vodafone GmbH,38,0,0,0.0,0,0,38,0,0.0,0,0,38,0
41281,KeFF Networks Ltd,37,37,0,0.0,0,0,37,0,0.0,37,0,0,0
41075,ATW Internet Kft.,37,8,0,0.0,0,0,37,0,0.0,8,0,29,0
214503,QuxLabs AB,36,5,0,0.0,0,0,36,0,0.0,5,0,31,0
400226,StormyCloud Inc,34,34,0,0.0,0,0,34,0,0.0,34,0,0,0
29802,"HIVELOCITY, Inc.",33,1,0,0.0,0,0,33,0,0.0,1,0,32,0
9009,M247 Europe SRL,31,5,0,0.0,0,0,31,0,0.0,5,0,26,0
212477,RoyaleHosting BV,30,13,0,0.0,0,0,30,0,0.0,13,0,17,0
24961,WIIT AG,30,0,0,0.0,0,0,30,0,0.0,0,0,30,0
61125,SABOTAGE LLC,26,25,0,0.0,0,0,26,0,0.0,25,0,1,0
13030,Init7 (Switzerland) Ltd.,25,2,0,0.0,0,0,25,0,0.0,2,0,23,0
701,Verizon Business,25,0,0,0.0,0,0,25,0,0.0,0,0,25,0
200303,LUMASERV GmbH,24,0,0,0.0,0,0,24,0,0.0,0,0,24,0
205100,F3 Netze e.V.,24,24,0,0.0,0,0,24,0,0.0,24,0,0,0
20860,IOMART CLOUD SERVICES LIMITED,24,1,0,0.0,0,0,24,0,0.0,1,0,23,0
12322,Free SAS,23,0,0,0.0,0,0,23,0,0.0,0,0,23,0
136258,"BrainStorm Network, Inc",22,0,0,0.0,0,0,22,0,0.0,0,0,22,0
174,"Cogent Communications, LLC",21,0,0,0.0,0,0,21,0,0.0,0,0,21,0
16019,Vodafone Czech Republic a.s.,21,8,0,0.0,0,0,21,0,0.0,8,0,13,0
201814,MEVSPACE sp. z o.o.,20,0,0,0.0,0,0,20,0,0.0,0,0,20,0
215288,Michele Branchini,20,0,0,0.0,0,0,20,0,0.0,0,0,20,0
1136,KPN B.V.,19,0,0,0.0,0,0,19,0,0.0,0,0,19,0
40676,Psychz Networks,18,1,0,0.0,0,0,18,0,0.0,1,0,17,0
48314,Michael Sebastian Schinzel trading as IP-Projects GmbH & Co. KG,18,1,0,0.0,0,0,18,0,0.0,1,0,17,0
47890,UNMANAGED LTD,18,18,0,0.0,0,0,18,0,0.0,18,0,0,0
199950,HJELM ENTERPRISES AB,18,4,0,0.0,0,0,18,0,0.0,4,0,14,0
215248,Bastiaan Mathijs Brink,18,0,0,0.0,0,0,18,0,0.0,0,0,18,0
31103,Keyweb AG,17,11,0,0.0,0,0,17,0,0.0,11,0,6,0
44925,1984 ehf,17,7,0,0.0,0,0,17,0,0.0,7,0,10,0
5089,Virgin Media Limited,17,0,0,0.0,0,0,17,0,0.0,0,0,17,0
214366,Moustafa Mohamed Mohamed Ahmed Elghoubashi,17,0,0,0.0,0,0,17,0,0.0,0,0,17,0
29075,IELO-LIAZO SERVICES SAS,16,16,0,0.0,0,0,16,0,0.0,16,0,0,0
49981,WorldStream B.V.,16,1,0,0.0,0,0,16,0,0.0,1,0,15,0
3301,Telia Company AB,16,1,0,0.0,0,0,16,0,0.0,1,0,15,0
51396,Pfcloud UG (haftungsbeschrankt),15,7,0,0.0,0,0,15,0,0.0,7,0,8,0
213873,MOJI SAS,15,15,0,0.0,0,0,15,0,0.0,15,0,0,0
206238,Freedom Internet BV,15,0,0,0.0,0,0,15,0,0.0,0,0,15,0
60781,LeaseWeb Netherlands B.V.,15,2,0,0.0,0,0,15,0,0.0,2,0,13,0
8881,1&1 Versatel GmbH,15,0,0,0.0,0,0,15,0,0.0,0,0,15,0
5650,Verizon Business,14,0,0,0.0,0,0,14,0,0.0,0,0,14,0
39798,MivoCloud SRL,13,0,0,0.0,0,0,13,0,0.0,0,0,13,0
40663,IncogNet LLC,13,6,0,0.0,0,0,13,0,0.0,6,0,7,0
43350,NForce Entertainment B.V.,13,3,0,0.0,0,0,13,0,0.0,3,0,10,0
12479,Orange Espagne SA,13,0,0,0.0,0,0,13,0,0.0,0,0,13,0
5432,Proximus NV,12,0,0,0.0,0,0,12,0,0.0,0,0,12,0
263812,SONDATECH S.A.S.,12,4,0,0.0,0,0,12,0,0.0,4,0,8,0
199654,Oxide Group Limited,12,0,0,0.0,0,0,12,0,0.0,0,0,12,0
1653,Vetenskapsradet / SUNET,12,0,0,0.0,0,0,12,0,0.0,0,0,12,0
56322,ServerAstra Kft.,12,0,0,0.0,0,0,12,0,0.0,0,0,12,0
47583,Hostinger International Limited,12,1,0,0.0,0,0,12,0,0.0,1,0,11,0
38195,SUPERLOOP (AUSTRALIA) PTY LTD,12,0,0,0.0,0,0,12,0,0.0,0,0,12,0
924,Cloudie Networks LLC,12,2,0,0.0,0,0,12,0,0.0,2,0,10,0
3215,Orange S.A.,12,0,0,0.0,0,0,12,0,0.0,0,0,12,0
63023,GTHost,11,0,0,0.0,0,0,11,0,0.0,0,0,11,0
852,TELUS Communications Inc.,11,0,0,0.0,0,0,11,0,0.0,0,0,11,0
215381,ROCKHOSTER PRIVATE LIMITED,11,0,0,0.0,0,0,11,0,0.0,0,0,11,0
3,Massachusetts Institute of Technology,11,1,0,0.0,0,0,11,0,0.0,1,0,10,0
28753,Leaseweb Deutschland GmbH,11,4,0,0.0,0,0,11,0,0.0,4,0,7,0
214996,netcup GmbH,11,8,0,0.0,0,0,11,0,0.0,8,0,3,0
33915,Vodafone Libertel B.V.,11,0,0,0.0,0,0,11,0,0.0,0,0,11,0
202422,G-Core Labs S.A.,11,0,0,0.0,0,0,11,0,0.0,0,0,11,0
62005,BlueVPS OU,11,0,0,0.0,0,0,11,0,0.0,0,0,11,0
6730,Sunrise GmbH,11,0,0,0.0,0,0,11,0,0.0,0,0,11,0
210731,Forening for DotSrc,11,11,0,0.0,0,0,11,0,0.0,11,0,0,0
44570,"Xodo Technology, LLC.",11,2,0,0.0,0,0,11,0,0.0,2,0,9,0
2856,British Telecommunications Limited,11,0,0,0.0,0,0,11,0,0.0,0,0,11,0
58087,Florian Kolb,11,8,0,0.0,0,0,11,0,0.0,8,0,3,0
15435,DELTA Fiber Nederland B.V.,11,0,0,0.0,0,0,11,0,0.0,0,0,11,0
209,"CenturyLink Communications, LLC",10,0,0,0.0,0,0,10,0,0.0,0,0,10,0
42730,EVANZO e-commerce GmbH,10,0,0,0.0,0,0,10,0,0.0,0,0,10,0
328364,Host Africa (Pty) Ltd,10,3,0,0.0,0,0,10,0,0.0,3,0,7,0
57269,DIGI SPAIN TELECOM S.A,10,0,0,0.0,0,0,10,0,0.0,0,0,10,0
42237,w1n ltd,10,5,0,0.0,0,0,10,0,0.0,5,0,5,0
63473,"HostHatch, LLC",10,0,0,0.0,0,0,10,0,0.0,0,0,10,0
50613,Advania Island ehf,10,7,0,0.0,0,0,10,0,0.0,7,0,3,0
1205,University Linz,10,0,0,0.0,0,0,10,0,0.0,0,0,10,0
2027,MilkyWan Association,10,8,0,0.0,0,0,10,0,0.0,8,0,2,0
35592,Coolhousing s.r.o.,10,0,0,0.0,0,0,10,0,0.0,0,0,10,0
13285,TalkTalk Communications Limited,10,0,0,0.0,0,0,10,0,0.0,0,0,10,0
55720,Gigabit Hosting Sdn Bhd,10,4,0,0.0,0,0,10,0,0.0,4,0,6,0
1257,Tele2 Sverige AB,10,0,0,0.0,0,0,10,0,0.0,0,0,10,0
26383,Baxet Group Inc.,10,0,0,0.0,0,0,10,0,0.0,0,0,10,0
16591,Google Fiber Inc.,10,0,0,0.0,0,0,10,0,0.0,0,0,10,0
3356,"Level 3 Parent, LLC",10,0,0,0.0,0,0,10,0,0.0,0,0,10,0
49683,MASSIVEGRID LTD,9,0,0,0.0,0,0,9,0,0.0,0,0,9,0
51765,Oy Crea Nova Hosting Solution Ltd,9,0,0,0.0,0,0,9,0,0.0,0,0,9,0
6181,Cincinnati Bell Telephone Company LLC,9,0,0,0.0,0,0,9,0,0.0,0,0,9,0
8473,Bahnhof AB,9,2,0,0.0,0,0,9,0,0.0,2,0,7,0
204957,ROUTE 95 LLC,9,0,0,0.0,0,0,9,0,0.0,0,0,9,0
136052,PT Cloud Hosting Indonesia,9,5,0,0.0,0,0,9,0,0.0,5,0,4,0
42675,Obehosting AB,9,0,0,0.0,0,0,9,0,0.0,0,0,9,0
3303,Swisscom (Schweiz) AG,9,0,0,0.0,0,0,9,0,0.0,0,0,9,0
577,Bell Canada,9,0,0,0.0,0,0,9,0,0.0,0,0,9,0
57043,HOSTKEY B.V.,9,0,0,0.0,0,0,9,0,0.0,0,0,9,0
43289,Trabia SRL,9,4,0,0.0,0,0,9,0,0.0,4,0,5,0
47610,RWTH Aachen University,8,0,0,0.0,0,0,8,0,0.0,0,0,8,0
133210,EN Technologies Pte Ltd,8,2,0,0.0,0,0,8,0,0.0,2,0,6,0
207992,FEELB SARL,8,0,0,0.0,0,0,8,0,0.0,0,0,8,0
201409,HOSTSHIELD LTD,8,0,0,0.0,0,0,8,0,0.0,0,0,8,0
36149,"Hawaiian Telcom Services Company, Inc.",8,7,0,0.0,0,0,8,0,0.0,7,0,1,0
214094,Davide Silvetti trading as 'Association Osservatorio Nessuno ODV',8,8,0,0.0,0,0,8,0,0.0,8,0,0,0
213373,IP Connect Inc,8,1,0,0.0,0,0,8,0,0.0,1,0,7,0
8708,DIGI ROMANIA S.A.,8,0,0,0.0,0,0,8,0,0.0,0,0,8,0
63806,Human-life Information Platforms Institute,8,0,0,0.0,0,0,8,0,0.0,0,0,8,0
29551,Aixit GmbH,8,0,0,0.0,0,0,8,0,0.0,0,0,8,0
214209,Internet Magnate (Pty) Ltd,8,4,0,0.0,0,0,8,0,0.0,4,0,4,0
18460,Fort Hays State University,8,0,0,0.0,0,0,8,0,0.0,0,0,8,0
3462,"Chunghwa Telecom Co., Ltd.",8,4,0,0.0,0,0,8,0,0.0,4,0,4,0
59711,HZ Hosting Ltd,8,0,0,0.0,0,0,8,0,0.0,0,0,8,0
34224,Neterra Ltd.,8,4,0,0.0,0,0,8,0,0.0,4,0,4,0
44382,"Fiba Cloud Operation Company, LLC",8,5,0,0.0,0,0,8,0,0.0,5,0,3,0
47447,23M GmbH,8,0,0,0.0,0,0,8,0,0.0,0,0,8,0
48090,TECHOFF SRV LIMITED,8,8,0,0.0,0,0,8,0,0.0,8,0,0,0
49808,Energie AG Oberoesterreich Services und Digital Solutions GmbH,8,0,0,0.0,0,0,8,0,0.0,0,0,8,0
203003,Magna Capax Finland Oy,8,0,0,0.0,0,0,8,0,0.0,0,0,8,0
43513,Sia Nano IT,8,0,0,0.0,0,0,8,0,0.0,0,0,8,0
680,Verein zur Foerderung eines Deutschen Forschungsnetzes e.V.,8,2,0,0.0,0,0,8,0,0.0,2,0,6,0
399629,BL Networks,7,6,0,0.0,0,0,7,0,0.0,6,0,1,0
6724,Strato GmbH,7,1,0,0.0,0,0,7,0,0.0,1,0,6,0
50266,Odido Netherlands B.V.,7,0,0,0.0,0,0,7,0,0.0,0,0,7,0
213438,ColocaTel Inc.,7,1,0,0.0,0,0,7,0,0.0,1,0,6,0
35366,ISPpro Internet KG,7,0,0,0.0,0,0,7,0,0.0,0,0,7,0
4764,Aussie Fibre Pty Ltd,7,1,0,0.0,0,0,7,0,0.0,1,0,6,0
19437,SECURED SERVERS LLC,7,0,0,0.0,0,0,7,0,0.0,0,0,7,0
4766,Korea Telecom,7,0,0,0.0,0,0,7,0,0.0,0,0,7,0
5410,Bouygues Telecom SA,7,0,0,0.0,0,0,7,0,0.0,0,0,7,0
214677,Matteo Martelloni trading as DELUXHOST,7,2,0,0.0,0,0,7,0,0.0,2,0,5,0
43641,SOLLUTIUM EU Sp z.o.o.,7,2,0,0.0,0,0,7,0,0.0,2,0,5,0
16509,"Amazon.com, Inc.",7,0,0,0.0,0,0,7,0,0.0,0,0,7,0
20115,Charter Communications LLC,7,0,0,0.0,0,0,7,0,0.0,0,0,7,0
30600,Metronet,7,0,0,0.0,0,0,7,0,0.0,0,0,7,0
399820,SPARKED HOST LLC,6,5,0,0.0,0,0,6,0,0.0,5,0,1,0
48753,AVA HOST SRL,6,0,0,0.0,0,0,6,0,0.0,0,0,6,0
215365,Tom Gewiese,6,0,0,0.0,0,0,6,0,0.0,0,0,6,0
15943,wilhelm.tel GmbH,6,0,0,0.0,0,0,6,0,0.0,0,0,6,0
212238,Datacamp Limited,6,0,0,0.0,0,0,6,0,0.0,0,0,6,0
14956,RouterHosting LLC,6,1,0,0.0,0,0,6,0,0.0,1,0,5,0
5617,Orange Polska Spolka Akcyjna,6,0,0,0.0,0,0,6,0,0.0,0,0,6,0
44133,IPAX GmbH,6,2,0,0.0,0,0,6,0,0.0,2,0,4,0
20055,Wholesail networks LLC,6,0,0,0.0,0,0,6,0,0.0,0,0,6,0
214481,Wojciech Czapkowicz,6,0,0,0.0,0,0,6,0,0.0,0,0,6,0
5483,Magyar Telekom Plc.,6,0,0,0.0,0,0,6,0,0.0,0,0,6,0
16125,"UAB ""Cherry Servers""",6,0,0,0.0,0,0,6,0,0.0,0,0,6,0
51290,BARTOSZ WASZAK trading as HOSTEAM S.C. TOMASZ GROSZEWSKI BARTOSZ WASZAK LUKASZ GROSZEWSKI,6,5,0,0.0,0,0,6,0,0.0,5,0,1,0
200462,"Lennart Seitz trading as ""ETH-Services""",6,0,0,0.0,0,0,6,0,0.0,0,0,6,0
6718,NAV COMMUNICATIONS SRL,6,6,0,0.0,0,0,6,0,0.0,6,0,0,0
213250,Dominic Scholz trading as ITP-Solutions GmbH & Co. KG,6,0,0,0.0,0,0,6,0,0.0,0,0,6,0
24971,MasterDC s.r.o.,6,0,0,0.0,0,0,6,0,0.0,0,0,6,0
1103,SURF B.V.,6,0,0,0.0,0,0,6,0,0.0,0,0,6,0
201670,S.C. INFOTECH-GRUP S.R.L.,6,0,0,0.0,0,0,6,0,0.0,0,0,6,0
59729,ROUTE 95 LLC,6,1,0,0.0,0,0,6,0,0.0,1,0,5,0
199058,SERVA ONE LTD,6,0,0,0.0,0,0,6,0,0.0,0,0,6,0
21409,Ikoula Net SAS,6,1,0,0.0,0,0,6,0,0.0,1,0,5,0
20845,DIGI Tavkozlesi es Szolgaltato Kft.,6,0,0,0.0,0,0,6,0,0.0,0,0,6,0
6805,Telefonica Germany GmbH & Co.OHG,6,0,0,0.0,0,0,6,0,0.0,0,0,6,0
212508,Lowhosting services of Davide Gennari,5,3,0,0.0,0,0,5,0,0.0,3,0,2,0
207083,HOSTSLIM OU,5,0,0,0.0,0,0,5,0,0.0,0,0,5,0
49770,Internetport Sweden AB,5,4,0,0.0,0,0,5,0,0.0,4,0,1,0
63770,Industrial Cyber Security Center of Excellence,5,0,0,0.0,0,0,5,0,0.0,0,0,5,0
59253,LEASEWEB SINGAPORE PTE. LTD.,5,0,0,0.0,0,0,5,0,0.0,0,0,5,0
20766,"Association ""Gitoyen""",5,4,0,0.0,0,0,5,0,0.0,4,0,1,0
13036,T-Mobile Czech Republic a.s.,5,0,0,0.0,0,0,5,0,0.0,0,0,5,0
5378,Vodafone Limited,5,0,0,0.0,0,0,5,0,0.0,0,0,5,0
3269,Telecom Italia S.p.A.,5,0,0,0.0,0,0,5,0,0.0,0,0,5,0
16086,DNA Oyj,5,0,0,0.0,0,0,5,0,0.0,0,0,5,0
45731,"ARDH GLOBAL INDONESIA, PT",5,1,0,0.0,0,0,5,0,0.0,1,0,4,0
206804,EstNOC OU,5,3,0,0.0,0,0,5,0,0.0,3,0,2,0
1267,WIND TRE S.P.A.,5,0,0,0.0,0,0,5,0,0.0,0,0,5,0
2119,Telenor Norge AS,5,0,0,0.0,0,0,5,0,0.0,0,0,5,0
1759,Telia Finland Oyj,5,0,0,0.0,0,0,5,0,0.0,0,0,5,0
398101,"GoDaddy.com, LLC",5,0,0,0.0,0,0,5,0,0.0,0,0,5,0
215659,Aokigahara SRL,5,4,0,0.0,0,0,5,0,0.0,4,0,1,0
215540,GLOBAL CONNECTIVITY SOLUTIONS LLP,5,4,0,0.0,0,0,5,0,0.0,4,0,1,0
30860,Virtual Systems LLC,5,2,0,0.0,0,0,5,0,0.0,2,0,3,0
33837,Fredrik Holmqvist,5,5,0,0.0,0,0,5,0,0.0,5,0,0,0
20857,Signet B.V.,5,0,0,0.0,0,0,5,0,0.0,0,0,5,0
401833,AXNET LLC,5,0,0,0.0,0,0,5,0,0.0,0,0,5,0
3243,MEO - SERVICOS DE COMUNICACOES E MULTIMEDIA S.A.,5,0,0,0.0,0,0,5,0,0.0,0,0,5,0
401903,"Crimson Pacific Networks, LLC",5,0,0,0.0,0,0,5,0,0.0,0,0,5,0
5769,Videotron Ltee,5,0,0,0.0,0,0,5,0,0.0,0,0,5,0
11426,Charter Communications Inc,5,0,0,0.0,0,0,5,0,0.0,0,0,5,0
10796,Charter Communications Inc,5,0,0,0.0,0,0,5,0,0.0,0,0,5,0
26286,MysticDev LLC,5,3,0,0.0,0,0,5,0,0.0,3,0,2,0
6939,Hurricane Electric LLC,5,0,0,0.0,0,0,5,0,0.0,0,0,5,0
270013,J AND J SPA (INFOFRACTAL),5,1,0,0.0,0,0,5,0,0.0,1,0,4,0
13037,Zen Internet Ltd,5,1,0,0.0,0,0,5,0,0.0,1,0,4,0
8758,Iway AG,4,0,0,0.0,0,0,4,0,0.0,0,0,4,0
203020,HostRoyale Technologies Pvt Ltd,4,0,0,0.0,0,0,4,0,0.0,0,0,4,0
213934,IPV1 SIA,4,0,0,0.0,0,0,4,0,0.0,0,0,4,0
30633,"Leaseweb USA, Inc.",4,0,0,0.0,0,0,4,0,0.0,0,0,4,0
8412,T-Mobile Austria GmbH,4,0,0,0.0,0,0,4,0,0.0,0,0,4,0
203953,Hiper A/S,4,1,0,0.0,0,0,4,0,0.0,1,0,3,0
393886,"Leaseweb USA, Inc.",4,0,0,0.0,0,0,4,0,0.0,0,0,4,0
8648,dogado GmbH,4,2,0,0.0,0,0,4,0,0.0,2,0,2,0
8151,Uninet S.A. de C.V.,4,0,0,0.0,0,0,4,0,0.0,0,0,4,0
206996,ZAP-Hosting GmbH,4,0,0,0.0,0,0,4,0,0.0,0,0,4,0
2900,Arizona Tri University Network,4,2,0,0.0,0,0,4,0,0.0,2,0,2,0
7552,Viettel Group,4,1,0,0.0,0,0,4,0,0.0,1,0,3,0
5645,"TekSavvy Solutions, Inc.",4,0,0,0.0,0,0,4,0,0.0,0,0,4,0
3352,TELEFONICA DE ESPANA S.A.U.,4,0,0,0.0,0,0,4,0,0.0,0,0,4,0
812,Rogers Communications Canada Inc.,4,0,0,0.0,0,0,4,0,0.0,0,0,4,0
216405,Metric Systems UK LTD,4,0,0,0.0,0,0,4,0,0.0,0,0,4,0
202448,MVPS LTD,4,0,0,0.0,0,0,4,0,0.0,0,0,4,0
151660,Neptune Internet,4,0,0,0.0,0,0,4,0,0.0,0,0,4,0
34222,ZONER a.s.,4,0,0,0.0,0,0,4,0,0.0,0,0,4,0
197019,"WEDOS Internet, a.s.",4,0,0,0.0,0,0,4,0,0.0,0,0,4,0
133159,Mammoth Media Pty Ltd,4,0,0,0.0,0,0,4,0,0.0,0,0,4,0
11232,Midcontinent Communications,4,0,0,0.0,0,0,4,0,0.0,0,0,4,0
11427,Charter Communications Inc,4,0,0,0.0,0,0,4,0,0.0,0,0,4,0
12312,ecotel communication ag,4,0,0,0.0,0,0,4,0,0.0,0,0,4,0
51395,Datasource AG,4,0,0,0.0,0,0,4,0,0.0,0,0,4,0
46375,Sonic Telecom LLC,4,0,0,0.0,0,0,4,0,0.0,0,0,4,0
30893,No ACK Group Holding AB,4,3,0,0.0,0,0,4,0,0.0,3,0,1,0
33705,Digital Shape Technologies Inc.,4,0,0,0.0,0,0,4,0,0.0,0,0,4,0
214379,South Park Networks LLC,4,0,0,0.0,0,0,4,0,0.0,0,0,4,0
52173,Sia Nano IT,4,0,0,0.0,0,0,4,0,0.0,0,0,4,0
215960,Hollander & Jacobsen UG (haftungsbeschraenkt),4,0,0,0.0,0,0,4,0,0.0,0,0,4,0
198985,AQUILENET,4,4,0,0.0,0,0,4,0,0.0,4,0,0,0
7029,Windstream Communications LLC,4,0,0,0.0,0,0,4,0,0.0,0,0,4,0
6830,Liberty Global Europe Holding B.V.,4,0,0,0.0,0,0,4,0,0.0,0,0,4,0
21100,ROUTE 95 LLC,4,1,0,0.0,0,0,4,0,0.0,1,0,3,0
62240,Clouvider Limited,4,0,0,0.0,0,0,4,0,0.0,0,0,4,0
394380,"Leaseweb USA, Inc.",4,0,0,0.0,0,0,4,0,0.0,0,0,4,0
42708,Glesys AB,4,0,0,0.0,0,0,4,0,0.0,0,0,4,0
197422,Tetaneutral.net Association declaree,4,4,0,0.0,0,0,4,0,0.0,4,0,0,0
6206,Netrouting B.V.,4,0,0,0.0,0,0,4,0,0.0,0,0,4,0
61138,Zappie Host LLC,4,2,0,0.0,0,0,4,0,0.0,2,0,2,0
8767,M-net Telekommunikations GmbH,4,0,0,0.0,0,0,4,0,0.0,0,0,4,0
559,SWITCH,4,4,0,0.0,0,0,4,0,0.0,4,0,0,0
61272,UAB Bacloud,4,0,0,0.0,0,0,4,0,0.0,0,0,4,0
197922,Techcrea Solutions SAS,4,0,0,0.0,0,0,4,0,0.0,0,0,4,0
399122,VPS House Technology Group LLC,4,0,0,0.0,0,0,4,0,0.0,0,0,4,0
11351,Charter Communications Inc,4,0,0,0.0,0,0,4,0,0.0,0,0,4,0
1299,Arelion Sweden AB,3,0,0,0.0,0,0,3,0,0.0,0,0,3,0
44486,"Oliver Horscht trading as ""SYNLINQ""",3,2,0,0.0,0,0,3,0,0.0,2,0,1,0
214677_42831,Matteo Martelloni trading as DELUXHOST,3,0,0,0.0,0,0,3,0,0.0,0,0,3,0
278,Universidad Nacional Autonoma de Mexico,3,0,0,0.0,0,0,3,0,0.0,0,0,3,0
58212,dataforest GmbH,3,0,0,0.0,0,0,3,0,0.0,0,0,3,0
207143,hosttech GmbH,3,0,0,0.0,0,0,3,0,0.0,0,0,3,0
7684,SAKURA Internet Inc.,3,0,0,0.0,0,0,3,0,0.0,0,0,3,0
57860,Zencurity ApS,3,3,0,0.0,0,0,3,0,0.0,3,0,0,0
3236,SERVER.UA LLC,3,1,0,0.0,0,0,3,0,0.0,1,0,2,0
7545,TPG Internet Pty Ltd,3,0,0,0.0,0,0,3,0,0.0,0,0,3,0
9318,SK Broadband Co Ltd,3,0,0,0.0,0,0,3,0,0.0,0,0,3,0
2516,KDDI CORPORATION,3,0,0,0.0,0,0,3,0,0.0,0,0,3,0
52423,Data Miners S.A. ( Racknation.cr ),3,1,0,0.0,0,0,3,0,0.0,1,0,2,0
54290,HostPapa,3,0,0,0.0,0,0,3,0,0.0,0,0,3,0
22773,Cox Communications Inc.,3,0,0,0.0,0,0,3,0,0.0,0,0,3,0
135377,UCLOUD INFORMATION TECHNOLOGY (HK) LIMITED,3,0,0,0.0,0,0,3,0,0.0,0,0,3,0
214036,"Ultahost, Inc.",3,0,0,0.0,0,0,3,0,0.0,0,0,3,0
32244,"Liquid Web, L.L.C",3,0,0,0.0,0,0,3,0,0.0,0,0,3,0
26042,"FiberState, LLC",3,1,0,0.0,0,0,3,0,0.0,1,0,2,0
201838,Community Fibre Limited,3,0,0,0.0,0,0,3,0,0.0,0,0,3,0
215730,H2NEXUS CLOUD SERVICES - FZCO,3,0,0,0.0,0,0,3,0,0.0,0,0,3,0
214354,SiteHUB Agency Ltd,3,0,0,0.0,0,0,3,0,0.0,0,0,3,0
29066,velia.net Internetdienste GmbH,3,0,0,0.0,0,0,3,0,0.0,0,0,3,0
198189,Throttle Limited,3,1,0,0.0,0,0,3,0,0.0,1,0,2,0
12430,VODAFONE ESPANA S.A.U.,3,0,0,0.0,0,0,3,0,0.0,0,0,3,0
398721,OXIO,3,0,0,0.0,0,0,3,0,0.0,0,0,3,0
27411,"Leaseweb USA, Inc.",3,0,0,0.0,0,0,3,0,0.0,0,0,3,0
29691,Nine Internet Solutions AG,3,3,0,0.0,0,0,3,0,0.0,3,0,0,0
9370,SAKURA Internet Inc.,3,0,0,0.0,0,0,3,0,0.0,0,0,3,0
197706,Keminet SHPK,3,0,0,0.0,0,0,3,0,0.0,0,0,3,0
3223,Voxility LLP,3,0,0,0.0,0,0,3,0,0.0,0,0,3,0
62068,SpectraIP B.V.,3,0,0,0.0,0,0,3,0,0.0,0,0,3,0
401736,Project Daylily,3,0,0,0.0,0,0,3,0,0.0,0,0,3,0
39642,Sinal A/S,3,0,0,0.0,0,0,3,0,0.0,0,0,3,0
213790,Limited Network LTD,3,3,0,0.0,0,0,3,0,0.0,3,0,0,0
207656,Epinatura LLC,3,2,0,0.0,0,0,3,0,0.0,2,0,1,0
47066,"Tornado VPS, Inc.",3,0,0,0.0,0,0,3,0,0.0,0,0,3,0
149440,Evoxt Sdn. Bhd.,3,0,0,0.0,0,0,3,0,0.0,0,0,3,0
39699,Lounea Palvelut Oy,3,0,0,0.0,0,0,3,0,0.0,0,0,3,0
11403,NYI,3,0,0,0.0,0,0,3,0,0.0,0,0,3,0
12586,GHOSTnet GmbH,3,1,0,0.0,0,0,3,0,0.0,1,0,2,0
197648,CLOUDLAYER8 LIMITED,3,2,0,0.0,0,0,3,0,0.0,2,0,1,0
36850,University of North Carolina at Chapel Hill,3,3,0,0.0,0,0,3,0,0.0,3,0,0,0
9145,EWE TEL GmbH,3,0,0,0.0,0,0,3,0,0.0,0,0,3,0
11776,Breezeline,3,0,0,0.0,0,0,3,0,0.0,0,0,3,0
48927,ESEVEN DevOps GmbH,3,0,0,0.0,0,0,3,0,0.0,0,0,3,0
50360,Tamatiya EOOD,3,0,0,0.0,0,0,3,0,0.0,0,0,3,0
202053,UpCloud Ltd,3,0,0,0.0,0,0,3,0,0.0,0,0,3,0
134677,Dromatics Systems Pte Ltd,3,0,0,0.0,0,0,3,0,0.0,0,0,3,0
209605,UAB Host Baltic,3,1,0,0.0,0,0,3,0,0.0,1,0,2,0
214790,Brainoza OU,3,0,0,0.0,0,0,3,0,0.0,0,0,3,0
24768,ALMOUROLTEC SERVICOS DE INFORMATICA E INTERNET LDA,3,0,0,0.0,0,0,3,0,0.0,0,0,3,0
15704,XTRA TELECOM S.A.,3,0,0,0.0,0,0,3,0,0.0,0,0,3,0
329184,Host Africa (Pty) Ltd,3,2,0,0.0,0,0,3,0,0.0,2,0,1,0
47172,Greenhost BV,3,0,0,0.0,0,0,3,0,0.0,0,0,3,0
34087,NTE TELEKOM AS,3,0,0,0.0,0,0,3,0,0.0,0,0,3,0
28573,Claro NXT Telecomunicacoes Ltda,3,0,0,0.0,0,0,3,0,0.0,0,0,3,0
8866,Vivacom Bulgaria EAD,3,1,0,0.0,0,0,3,0,0.0,1,0,2,0
208226,Ouiheberg SARL,3,0,0,0.0,0,0,3,0,0.0,0,0,3,0
33387,"Nocix, LLC",3,0,0,0.0,0,0,3,0,0.0,0,0,3,0
4713,"NTT DOCOMO BUSINESS, Inc.",3,0,0,0.0,0,0,3,0,0.0,0,0,3,0
210226,Windcloud 4.0 GmbH,3,0,0,0.0,0,0,3,0,0.0,0,0,3,0
719,Elisa Oyj,3,0,0,0.0,0,0,3,0,0.0,0,0,3,0
48014,Albanian Hosting SH.P.K.,3,0,0,0.0,0,0,3,0,0.0,0,0,3,0
19318,"Interserver, Inc",3,1,0,0.0,0,0,3,0,0.0,1,0,2,0
210403,Groupe LWS SARL,2,0,0,0.0,0,0,2,0,0.0,0,0,2,0
213900,RS Computers L.L.C,2,0,0,0.0,0,0,2,0,0.0,0,0,2,0
329325,Maxko for Gaming Development LLC,2,1,0,0.0,0,0,2,0,0.0,1,0,1,0
216071,SERVERS TECH FZCO,2,0,0,0.0,0,0,2,0,0.0,0,0,2,0
8422,NetCologne Gesellschaft fur Telekommunikation mbH,2,0,0,0.0,0,0,2,0,0.0,0,0,2,0
398242,Prentiss County Electric Power Association,2,0,0,0.0,0,0,2,0,0.0,0,0,2,0
152992,ONLINE DATA COMPANY LIMITED,2,0,0,0.0,0,0,2,0,0.0,0,0,2,0
34702,Aktsiaselts WaveCom,2,0,0,0.0,0,0,2,0,0.0,0,0,2,0
212219,HOSTING DUNYAM BILISIM TEKNOLOJILERI TICARET LIMITED SIRKETI,2,0,0,0.0,0,0,2,0,0.0,0,0,2,0
43150,MK Netzdienste Verwaltungs GmbH trading as MK Netzdienste GmbH & Co. KG,2,0,0,0.0,0,0,2,0,0.0,0,0,2,0
8447,A1 Telekom Austria AG,2,0,0,0.0,0,0,2,0,0.0,0,0,2,0
58791,"GMO Internet, Inc.",2,0,0,0.0,0,0,2,0,0.0,0,0,2,0
49372,w1n ltd,2,0,0,0.0,0,0,2,0,0.0,0,0,2,0
1002,Bytefilter LLC,2,0,0,0.0,0,0,2,0,0.0,0,0,2,0
6315,"XMission, L.C.",2,1,0,0.0,0,0,2,0,0.0,1,0,1,0
37611,AFRIHOST SP (PTY) LTD,2,0,0,0.0,0,0,2,0,0.0,0,0,2,0
29580,A1 Bulgaria EAD,2,0,0,0.0,0,0,2,0,0.0,0,0,2,0
38074,Ayao Takata,2,0,0,0.0,0,0,2,0,0.0,0,0,2,0
49592,Pipe Networks LTD,2,0,0,0.0,0,0,2,0,0.0,0,0,2,0
31242,P4 Sp. z o.o.,2,0,0,0.0,0,0,2,0,0.0,0,0,2,0
41634,Svea Hosting AB,2,2,0,0.0,0,0,2,0,0.0,2,0,0,0
29695,Lyse Tele AS,2,0,0,0.0,0,0,2,0,0.0,0,0,2,0
213230,Hetzner Online GmbH,2,0,0,0.0,0,0,2,0,0.0,0,0,2,0
215762,Bullet Group LTD,2,0,0,0.0,0,0,2,0,0.0,0,0,2,0
41108,comtrance service GmbH,2,0,0,0.0,0,0,2,0,0.0,0,0,2,0
49367,Seflow s.r.l.,2,0,0,0.0,0,0,2,0,0.0,0,0,2,0
8849,Melbikomas UAB,2,0,0,0.0,0,0,2,0,0.0,0,0,2,0
198930,Vereinigte Stadtwerke Media GmbH,2,0,0,0.0,0,0,2,0,0.0,0,0,2,0
206075,Hollander & Jacobsen UG (haftungsbeschraenkt),2,2,0,0.0,0,0,2,0,0.0,2,0,0,0
2586,Elisa Eesti AS,2,1,0,0.0,0,0,2,0,0.0,1,0,1,0
12989,Black HOST Ltd,2,1,0,0.0,0,0,2,0,0.0,1,0,1,0
15600,Quickline AG,2,0,0,0.0,0,0,2,0,0.0,0,0,2,0
40244,Turnkey Internet Inc.,2,0,0,0.0,0,0,2,0,0.0,0,0,2,0
786,Jisc Services Limited,2,0,0,0.0,0,0,2,0,0.0,0,0,2,0
7418,TELEFÓNICA CHILE S.A.,2,0,0,0.0,0,0,2,0,0.0,0,0,2,0
7489,YFNET,2,0,0,0.0,0,0,2,0,0.0,0,0,2,0
43118,East & West Sp. z o.o.,2,0,0,0.0,0,0,2,0,0.0,0,0,2,0
6848,Telenet BV,2,0,0,0.0,0,0,2,0,0.0,0,0,2,0
7602,Sai gon Postel Corporation,2,0,0,0.0,0,0,2,0,0.0,0,0,2,0
13101,TNG Stadtnetz GmbH,2,0,0,0.0,0,0,2,0,0.0,0,0,2,0
33796,BOLIGNET-AARHUS F.M.B.A.,2,0,0,0.0,0,0,2,0,0.0,0,0,2,0
22295,Advin Services LLC,2,1,0,0.0,0,0,2,0,0.0,1,0,1,0
205007,Maxim Azarov trading as eServer,2,0,0,0.0,0,0,2,0,0.0,0,0,2,0
34700,"MAXNET TELECOM, LTD",2,0,0,0.0,0,0,2,0,0.0,0,0,2,0
34878,Karlsruhe Institute of Technology,2,0,0,0.0,0,0,2,0,0.0,0,0,2,0
12271,Charter Communications Inc,2,0,0,0.0,0,0,2,0,0.0,0,0,2,0
20712,Andrews & Arnold Ltd,2,0,0,0.0,0,0,2,0,0.0,0,0,2,0
51758,ProcoliX B.V.,2,0,0,0.0,0,0,2,0,0.0,0,0,2,0
215114,Stevan Durand--L'Hours t/a SLBCLOUD,2,2,0,0.0,0,0,2,0,0.0,2,0,0,0
9031,EDPNET Belgium BV,2,0,0,0.0,0,0,2,0,0.0,0,0,2,0
398256,"Ultahost, Inc.",2,0,0,0.0,0,0,2,0,0.0,0,0,2,0
6871,British Telecommunications Limited,2,0,0,0.0,0,0,2,0,0.0,0,0,2,0
212271,Cinzia Tocci trading as Lumanex Srl,2,0,0,0.0,0,0,2,0,0.0,0,0,2,0
13213,THG HOSTING LIMITED,2,0,0,0.0,0,0,2,0,0.0,0,0,2,0
8495,INTERNET AG Global Network,2,0,0,0.0,0,0,2,0,0.0,0,0,2,0
553,Universitaet Stuttgart,2,0,0,0.0,0,0,2,0,0.0,0,0,2,0
6517,LAKENETWORKS,2,0,0,0.0,0,0,2,0,0.0,0,0,2,0
8400,TELEKOM SRBIJA a.d.,2,0,0,0.0,0,0,2,0,0.0,0,0,2,0
34244,Teleservice Bredband Skane AB,2,0,0,0.0,0,0,2,0,0.0,0,0,2,0
56630,Melbikomas UAB,2,0,0,0.0,0,0,2,0,0.0,0,0,2,0
44869,FIBIA P/S,2,0,0,0.0,0,0,2,0,0.0,0,0,2,0
212655,YouFibre Limited,2,0,0,0.0,0,0,2,0,0.0,0,0,2,0
203662,3K33 sp. z o.o.,2,1,0,0.0,0,0,2,0,0.0,1,0,1,0
12400,Partner Communications Ltd.,2,0,0,0.0,0,0,2,0,0.0,0,0,2,0
5408,National Infrastructures for Research and Technology S.A.,2,0,0,0.0,0,0,2,0,0.0,0,0,2,0
202520,SkyPass Solutions Sp. z o.o.,2,0,0,0.0,0,0,2,0,0.0,0,0,2,0
48900,Info Data Center Ltd.,2,1,0,0.0,0,0,2,0,0.0,1,0,1,0
49447,Nice IT Services Group Inc.,2,1,0,0.0,0,0,2,0,0.0,1,0,1,0
399804,Hostodo,2,0,0,0.0,0,0,2,0,0.0,0,0,2,0
199524,G-Core Labs S.A.,2,0,0,0.0,0,0,2,0,0.0,0,0,2,0
202616,Wien Energie GmbH,2,0,0,0.0,0,0,2,0,0.0,0,0,2,0
46690,Verizon Business,2,0,0,0.0,0,0,2,0,0.0,0,0,2,0
210558,1337 Services GmbH,2,0,0,0.0,0,0,2,0,0.0,0,0,2,0
216475,NKtelecom INC,2,0,0,0.0,0,0,2,0,0.0,0,0,2,0
27651,ENTEL CHILE S.A.,2,0,0,0.0,0,0,2,0,0.0,0,0,2,0
40994,Hohl IT e.U.,2,0,0,0.0,0,0,2,0,0.0,0,0,2,0
24800,BornFiber Service Provider ApS,2,0,0,0.0,0,0,2,0,0.0,0,0,2,0
7303,Telecom Argentina S.A.,2,0,0,0.0,0,0,2,0,0.0,0,0,2,0
202585,Nick Bouwhuis,2,0,0,0.0,0,0,2,0,0.0,0,0,2,0
12093,University of Waterloo,2,1,0,0.0,0,0,2,0,0.0,1,0,1,0
393238,"ImOn Communications, LLC",2,0,0,0.0,0,0,2,0,0.0,0,0,2,0
9136,Wobcom GmbH,2,0,0,0.0,0,0,2,0,0.0,0,0,2,0
3329,Vodafone-panafon Hellenic Telecommunications Company SA,2,0,0,0.0,0,0,2,0,0.0,0,0,2,0
5466,Eircom Limited,2,0,0,0.0,0,0,2,0,0.0,0,0,2,0
46979,Madison County Telephone Company,2,0,0,0.0,0,0,2,0,0.0,0,0,2,0
32097,"WholeSale Internet, Inc.",2,0,0,0.0,0,0,2,0,0.0,0,0,2,0
403005,"Blatant Technologies, LLC",2,2,0,0.0,0,0,2,0,0.0,2,0,0,0
209341,WHG Hosting Services Ltd,2,0,0,0.0,0,0,2,0,0.0,0,0,2,0
151873,TOTHOST SOLUTIONS AND TECHNOLOGIES COMPANY LIMITED,2,0,0,0.0,0,0,2,0,0.0,0,0,2,0
397982,GRAND MOUND COOPERATIVE TELEPHONE ASSOCIATION,2,0,0,0.0,0,0,2,0,0.0,0,0,2,0
207590,Matteo Filiberto Sciacca trading as LocLix,2,0,0,0.0,0,0,2,0,0.0,0,0,2,0
57169,EDIS GmbH,2,0,0,0.0,0,0,2,0,0.0,0,0,2,0
36007,"Kamatera, Inc.",2,0,0,0.0,0,0,2,0,0.0,0,0,2,0
56153,Digital Storage Company Limited,2,0,0,0.0,0,0,2,0,0.0,0,0,2,0
11572,PhoenixNAP LLC,2,0,0,0.0,0,0,2,0,0.0,0,0,2,0
62336,PURtel.com GmbH,2,0,0,0.0,0,0,2,0,0.0,0,0,2,0
21499,Host Europe GmbH,2,0,0,0.0,0,0,2,0,0.0,0,0,2,0
399275,Solid Systems LLC,2,0,0,0.0,0,0,2,0,0.0,0,0,2,0
47147,Anexia Cloud Solutions GmbH,2,0,0,0.0,0,0,2,0,0.0,0,0,2,0
34927,iFog GmbH,2,0,0,0.0,0,0,2,0,0.0,0,0,2,0
8339,kabelplus GmbH,2,0,0,0.0,0,0,2,0,0.0,0,0,2,0
39405,Eurofiber France SAS,2,2,0,0.0,0,0,2,0,0.0,2,0,0,0
213354,INTERNATIONAL HOSTING SOLUTIONS LLP,2,2,0,0.0,0,0,2,0,0.0,2,0,0,0
17552,KGI Securities (Thailand) Public Company Limited,2,0,0,0.0,0,0,2,0,0.0,0,0,2,0
14618,"Amazon.com, Inc.",2,0,0,0.0,0,0,2,0,0.0,0,0,2,0
211301,Collin Schneeweiss trading as Unesty Company,2,0,0,0.0,0,0,2,0,0.0,0,0,2,0
7992,Cogeco Connexion Inc.,2,0,0,0.0,0,0,2,0,0.0,0,0,2,0
4181,TDS TELECOM,2,0,0,0.0,0,0,2,0,0.0,0,0,2,0
213693,Imad Nabil Daher trading as ID Performance,2,0,0,0.0,0,0,2,0,0.0,0,0,2,0
45382,Hostcenter,2,1,0,0.0,0,0,2,0,0.0,1,0,1,0
43341,MDlink online service center GmbH,2,0,0,0.0,0,0,2,0,0.0,0,0,2,0
3292,TDC Holding A/S,2,0,0,0.0,0,0,2,0,0.0,0,0,2,0
3164,Astimp IT Solution SRL,2,0,0,0.0,0,0,2,0,0.0,0,0,2,0
63018,Dedicated.com,2,0,0,0.0,0,0,2,0,0.0,0,0,2,0
29447,Scaleway SAS,2,0,0,0.0,0,0,2,0,0.0,0,0,2,0
199087,KaseNet Oy,2,0,0,0.0,0,0,2,0,0.0,0,0,2,0
214973,Apex Strata Ltd,2,0,0,0.0,0,0,2,0,0.0,0,0,2,0
42532,SIA VEESP,2,0,0,0.0,0,0,2,0,0.0,0,0,2,0
262287,Latitude.sh LTDA,2,0,0,0.0,0,0,2,0,0.0,0,0,2,0
3790,RADIOGRAFICA COSTARRICENSE,2,1,0,0.0,0,0,2,0,0.0,1,0,1,0
55286,B2 Net Solutions Inc.,2,1,0,0.0,0,0,2,0,0.0,1,0,1,0
18526,"DDPS Networks, LLC",2,0,0,0.0,0,0,2,0,0.0,0,0,2,0
46475,"Limestone Networks, Inc.",2,0,0,0.0,0,0,2,0,0.0,0,0,2,0
29314,VECTRA S.A.,2,0,0,0.0,0,0,2,0,0.0,0,0,2,0
8434,Telenor Sverige AB,2,0,0,0.0,0,0,2,0,0.0,0,0,2,0
400304,Redoubt Networks,2,0,0,0.0,0,0,2,0,0.0,0,0,2,0
211882,AQUILENET,2,0,0,0.0,0,0,2,0,0.0,0,0,2,0
45102,"Alibaba (US) Technology Co., Ltd.",2,0,0,0.0,0,0,2,0,0.0,0,0,2,0
44709,O.M.C. COMPUTERS & COMMUNICATIONS LTD,2,0,0,0.0,0,0,2,0,0.0,0,0,2,0
25512,CD-Telematika a.s.,2,0,0,0.0,0,0,2,0,0.0,0,0,2,0
50436,Tele Columbus AG,2,0,0,0.0,0,0,2,0,0.0,0,0,2,0
59741,Marco Sandro Naef,2,0,0,0.0,0,0,2,0,0.0,0,0,2,0
200533,Civil association Init Lab,2,0,0,0.0,0,0,2,0,0.0,0,0,2,0
33083,AxcelX Technologies LLC,2,1,0,0.0,0,0,2,0,0.0,1,0,1,0
62000,SERVERD SAS,2,0,0,0.0,0,0,2,0,0.0,0,0,2,0
56478,Hyperoptic Ltd,2,0,0,0.0,0,0,2,0,0.0,0,0,2,0
855,Bell Canada,2,0,0,0.0,0,0,2,0,0.0,0,0,2,0
1835,Forskningsnettet - Danish network for Research and Education,2,0,0,0.0,0,0,2,0,0.0,0,0,2,0
2611,BELNET,2,0,0,0.0,0,0,2,0,0.0,0,0,2,0
19148,"Leaseweb USA, Inc.",2,0,0,0.0,0,0,2,0,0.0,0,0,2,0
45045,FOP Kazakov Oleksandr Oleksandrovich,2,1,0,0.0,0,0,2,0,0.0,1,0,1,0
4922,Shenandoah Cable Television LLC,2,0,0,0.0,0,0,2,0,0.0,0,0,2,0
35244,Tele Columbus AG,2,0,0,0.0,0,0,2,0,0.0,0,0,2,0
50673,Serverius Holding B.V.,2,1,0,0.0,0,0,2,0,0.0,1,0,1,0
12392,Orange Belgium SA,2,0,0,0.0,0,0,2,0,0.0,0,0,2,0
803,Saskatchewan Telecommunications,2,0,0,0.0,0,0,2,0,0.0,0,0,2,0
39622,ZERGRUSH SRL,2,0,0,0.0,0,0,2,0,0.0,0,0,2,0
206264,Amarutu Technology Ltd,2,1,0,0.0,0,0,2,0,0.0,1,0,1,0
56030,Voyager Internet Ltd.,2,0,0,0.0,0,0,2,0,0.0,0,0,2,0
204615,IP Fiber Inc,2,0,0,0.0,0,0,2,0,0.0,0,0,2,0
9050,Orange Romania S.A.,2,0,0,0.0,0,0,2,0,0.0,0,0,2,0
47638,Cadence Networks Ltd,2,0,0,0.0,0,0,2,0,0.0,0,0,2,0
42541,Fiberby ApS,2,0,0,0.0,0,0,2,0,0.0,0,0,2,0
208208,Marco Lingl trading as Cyberse GmbH & Co. KG,2,0,0,0.0,0,0,2,0,0.0,0,0,2,0
207459,TEKNOSOS BILISIM HIZMETLERI VE TIC. LTD. STI.,2,0,0,0.0,0,0,2,0,0.0,0,0,2,0
61098,Akenes SA,2,0,0,0.0,0,0,2,0,0.0,0,0,2,0
393746,Amazing Creations and More LLC,1,0,0,0.0,0,0,1,0,0.0,0,0,1,0
1221,Telstra Limited,1,0,0,0.0,0,0,1,0,0.0,0,0,1,0
56803,Datasource AG,1,1,0,0.0,0,0,1,0,0.0,1,0,0,0
59702,Junet AB,1,0,0,0.0,0,0,1,0,0.0,0,0,1,0
8075,Microsoft Corporation,1,0,0,0.0,0,0,1,0,0.0,0,0,1,0
205406,Access2.IT Group B.V.,1,0,0,0.0,0,0,1,0,0.0,0,0,1,0
207326,HostLAB Bilisim Teknolojileri A.S.,1,0,0,0.0,0,0,1,0,0.0,0,0,1,0
150826,VR VIET NAM COMPANY LIMITED,1,1,0,0.0,0,0,1,0,0.0,1,0,0,0
17931,"Netforest,Inc",1,0,0,0.0,0,0,1,0,0.0,0,0,1,0
6167,Verizon Business,1,0,0,0.0,0,0,1,0,0.0,0,0,1,0
46632,Southwest Arkansas Telephone Cooperative,1,0,0,0.0,0,0,1,0,0.0,0,0,1,0
28886,RETN Limited,1,0,0,0.0,0,0,1,0,0.0,0,0,1,0
39819,Optima Telecom Ltd.,1,0,0,0.0,0,0,1,0,0.0,0,0,1,0
4773,M1 LIMITED,1,0,0,0.0,0,0,1,0,0.0,0,0,1,0
17676,SoftBank Mobile Corp.,1,0,0,0.0,0,0,1,0,0.0,0,0,1,0
12364,"University of Macedonia, Economic and Social Sciences",1,0,0,0.0,0,0,1,0,0.0,0,0,1,0
9008,Visual Online S.A.,1,1,0,0.0,0,0,1,0,0.0,1,0,0,0
62214,Rackforest Zrt.,1,0,0,0.0,0,0,1,0,0.0,0,0,1,0
32181,GigeNET,1,0,0,0.0,0,0,1,0,0.0,0,0,1,0
401933,HashIT,1,1,0,0.0,0,0,1,0,0.0,1,0,0,0
215305,Mastersoft S.R.L.,1,1,0,0.0,0,0,1,0,0.0,1,0,0,0
197451,Brno University of Technology,1,0,0,0.0,0,0,1,0,0.0,0,0,1,0
3242,REEVO S.P.A.,1,1,0,0.0,0,0,1,0,0.0,1,0,0,0
19504,"WTC Communications, Inc.",1,0,0,0.0,0,0,1,0,0.0,0,0,1,0
25400,Telia Norge AS,1,0,0,0.0,0,0,1,0,0.0,0,0,1,0
400587,"Ryamer, LLC",1,1,0,0.0,0,0,1,0,0.0,1,0,0,0
202539,Internetmanufaktur Karlsruhe UG (haftungsbeschraenkt),1,0,0,0.0,0,0,1,0,0.0,0,0,1,0
13045,htp GmbH,1,0,0,0.0,0,0,1,0,0.0,0,0,1,0
33993,UFO Hosting LLC,1,0,0,0.0,0,0,1,0,0.0,0,0,1,0
36012,HUNTER COMMUNICATIONS,1,0,0,0.0,0,0,1,0,0.0,0,0,1,0
1659,Taiwan Academic Network (TANet) Information Center,1,0,0,0.0,0,0,1,0,0.0,0,0,1,0
13110,INEA sp. z o.o.,1,0,0,0.0,0,0,1,0,0.0,0,0,1,0
18106,Viewqwest Pte Ltd,1,0,0,0.0,0,0,1,0,0.0,0,0,1,0
49544,i3D.net B.V,1,0,0,0.0,0,0,1,0,0.0,0,0,1,0
41608,"NextGenWebs, S.L.",1,0,0,0.0,0,0,1,0,0.0,0,0,1,0
329007,"ELENDE - TECNOLOGIAS DE INFORMACAO - COMERCIO E SERVICOS, LDA",1,0,0,0.0,0,0,1,0,0.0,0,0,1,0
214329,BGP Network LLC,1,0,0,0.0,0,0,1,0,0.0,0,0,1,0
147181,Flarezen Ltd.,1,0,0,0.0,0,0,1,0,0.0,0,0,1,0
49601,UNITEL-MEDIA Sp. z o.o.,1,0,0,0.0,0,0,1,0,0.0,0,0,1,0
202759,RJ Network OU,1,1,0,0.0,0,0,1,0,0.0,1,0,0,0
2527,Sony Network Communications Inc.,1,0,0,0.0,0,0,1,0,0.0,0,0,1,0
30823,aurologic GmbH,1,1,0,0.0,0,0,1,0,0.0,1,0,0,0
12874,Fastweb SpA,1,0,0,0.0,0,0,1,0,0.0,0,0,1,0
399493,Petit Jean Fiber,1,0,0,0.0,0,0,1,0,0.0,0,0,1,0
202425,IP Volume inc,1,0,0,0.0,0,0,1,0,0.0,0,0,1,0
60117,Host Sailor Ltd,1,0,0,0.0,0,0,1,0,0.0,0,0,1,0
15502,Vodafone Ireland Limited,1,0,0,0.0,0,0,1,0,0.0,0,0,1,0
51202,NUXOA GmbH,1,1,0,0.0,0,0,1,0,0.0,1,0,0,0
23033,Wowrack.com,1,0,0,0.0,0,0,1,0,0.0,0,0,1,0
34911,ELDATA prazska s.r.o.,1,0,0,0.0,0,0,1,0,0.0,0,0,1,0
25795,"ARP NETWORKS, INC.",1,0,0,0.0,0,0,1,0,0.0,0,0,1,0
209825,Katanytsia Lyubov Viktorivna,1,0,0,0.0,0,0,1,0,0.0,0,0,1,0
401652,"FOREVER BUCKET, INC.",1,0,0,0.0,0,0,1,0,0.0,0,0,1,0
207916,Velocity1 Limited,1,0,0,0.0,0,0,1,0,0.0,0,0,1,0
211673,Mynymbox Hosting LLC,1,0,0,0.0,0,0,1,0,0.0,0,0,1,0
219337,PLAY2GO - FZCO,1,0,0,0.0,0,0,1,0,0.0,0,0,1,0
9063,VSE NET GmbH,1,0,0,0.0,0,0,1,0,0.0,0,0,1,0
199173,TechnoLux Ltd.,1,0,0,0.0,0,0,1,0,0.0,0,0,1,0
215467,Skhron OU,1,0,0,0.0,0,0,1,0,0.0,0,0,1,0
22030,Zipcon LLC,1,0,0,0.0,0,0,1,0,0.0,0,0,1,0
394195,Clearnetworx,1,0,0,0.0,0,0,1,0,0.0,0,0,1,0
133619,SRIYAAN TECHNOLOGIES,1,0,0,0.0,0,0,1,0,0.0,0,0,1,0
42652,inexio Informationstechnologie und Telekommunikation Gmbh,1,0,0,0.0,0,0,1,0,0.0,0,0,1,0
47325,VPS4You Kft.,1,0,0,0.0,0,0,1,0,0.0,0,0,1,0
61493,InterBS S.R.L. (BAEHOST),1,0,0,0.0,0,0,1,0,0.0,0,0,1,0
216275,Netnoerden ApS,1,0,0,0.0,0,0,1,0,0.0,0,0,1,0
15614,Dragon Internet a.s.,1,0,0,0.0,0,0,1,0,0.0,0,0,1,0
12183,"Talkie Communications, Inc",1,0,0,0.0,0,0,1,0,0.0,0,0,1,0
29485,A1 Hrvatska d.o.o.,1,0,0,0.0,0,0,1,0,0.0,0,0,1,0
57403,HFM S.R.L,1,0,0,0.0,0,0,1,0,0.0,0,0,1,0
215311,Regxa Company for Information Technology Ltd,1,0,0,0.0,0,0,1,0,0.0,0,0,1,0
58340,Napapiirin Kuituverkot Oy,1,0,0,0.0,0,0,1,0,0.0,0,0,1,0
26801,"Zito Media, L.P.",1,0,0,0.0,0,0,1,0,0.0,0,0,1,0
29518,Bredband2 AB,1,0,0,0.0,0,0,1,0,0.0,0,0,1,0
39618,HostCram LLC,1,0,0,0.0,0,0,1,0,0.0,0,0,1,0
44489,"STARNET, s.r.o.",1,0,0,0.0,0,0,1,0,0.0,0,0,1,0
26068,"OnShore, Inc.",1,1,0,0.0,0,0,1,0,0.0,1,0,0,0
12508,Rainside s.r.o.,1,0,0,0.0,0,0,1,0,0.0,0,0,1,0
52092,"Alf servis, s.r.o.",1,0,0,0.0,0,0,1,0,0.0,0,0,1,0
264617,GRUPO PANAGLOBAL 15 S.A,1,1,0,0.0,0,0,1,0,0.0,1,0,0,0
6698,Virtual Systems LLC,1,0,0,0.0,0,0,1,0,0.0,0,0,1,0
140543,"ReadyDedis, LLC",1,0,0,0.0,0,0,1,0,0.0,0,0,1,0
29169,GANDI SAS,1,0,0,0.0,0,0,1,0,0.0,0,0,1,0
16302,Suomi Communications Oy,1,0,0,0.0,0,0,1,0,0.0,0,0,1,0
8943,Jump Networks Ltd,1,1,0,0.0,0,0,1,0,0.0,1,0,0,0
16652,Riseup Networks,1,0,0,0.0,0,0,1,0,0.0,0,0,1,0
3399,Obenet AB,1,0,0,0.0,0,0,1,0,0.0,0,0,1,0
48266,Catixs Ltd,1,0,0,0.0,0,0,1,0,0.0,0,0,1,0
393336,Catalyst Host LLC,1,0,0,0.0,0,0,1,0,0.0,0,0,1,0
31371,Wissenschaftsladen Dortmund e.V.,1,0,0,0.0,0,0,1,0,0.0,0,0,1,0
17356,"Vermont Telephone Company, Inc.",1,1,0,0.0,0,0,1,0,0.0,1,0,0,0
210152,Jon Vanvik trading as Vanvik Internet,1,0,0,0.0,0,0,1,0,0.0,0,0,1,0
6128,Cablevision Systems Corp.,1,0,0,0.0,0,0,1,0,0.0,0,0,1,0
20001,Charter Communications Inc,1,0,0,0.0,0,0,1,0,0.0,0,0,1,0
200918,Pavel Zizka,1,0,0,0.0,0,0,1,0,0.0,0,0,1,0
15461,"NVTOV ""SOLVER""",1,0,0,0.0,0,0,1,0,0.0,0,0,1,0
55592,"Korea Data Telecommunication Co., Ltd.",1,0,0,0.0,0,0,1,0,0.0,0,0,1,0
7506,"GMO Internet, Inc.",1,0,0,0.0,0,0,1,0,0.0,0,0,1,0
25353,BAR Informatik AG,1,0,0,0.0,0,0,1,0,0.0,0,0,1,0
395662,"OzarksGo, LLC",1,0,0,0.0,0,0,1,0,0.0,0,0,1,0
46841,"Fork Networking, LLC",1,1,0,0.0,0,0,1,0,0.0,1,0,0,0
7377,"University of California, San Diego",1,0,0,0.0,0,0,1,0,0.0,0,0,1,0
8632,Luxembourg Online S.A.,1,0,0,0.0,0,0,1,0,0.0,0,0,1,0
24875,NovoServe B.V.,1,0,0,0.0,0,0,1,0,0.0,0,0,1,0
199912,Layer7 Networks GmbH,1,0,0,0.0,0,0,1,0,0.0,0,0,1,0
207267,IBRAHIM POYRAZOGLU,1,0,0,0.0,0,0,1,0,0.0,0,0,1,0
12552,GlobalConnect AB,1,0,0,0.0,0,0,1,0,0.0,0,0,1,0
203919,LUMADOCK LTD,1,0,0,0.0,0,0,1,0,0.0,0,0,1,0
12334,"R Cable y Telecable Telecomunicaciones, S.A.U.",1,0,0,0.0,0,0,1,0,0.0,0,0,1,0
216127,INTERNATIONAL HOSTING COMPANY LIMITED,1,1,0,0.0,0,0,1,0,0.0,1,0,0,0
202412,Omegatech LTD,1,1,0,0.0,0,0,1,0,0.0,1,0,0,0
203380,DA International Group Ltd.,1,0,0,0.0,0,0,1,0,0.0,0,0,1,0
9158,Telenor A/S,1,0,0,0.0,0,0,1,0,0.0,0,0,1,0
36375,University of Michigan,1,1,0,0.0,0,0,1,0,0.0,1,0,0,0
198161,"Sokolovska uhelna, pravni nastupce, a.s.",1,0,0,0.0,0,0,1,0,0.0,0,0,1,0
16075,TAZ Verlags- und Vertriebsgesellschaft mit beschraenkter Haftung Berlin,1,0,0,0.0,0,0,1,0,0.0,0,0,1,0
207491,Max Pueschel,1,0,0,0.0,0,0,1,0,0.0,0,0,1,0
26347,"New Dream Network, LLC",1,0,0,0.0,0,0,1,0,0.0,0,0,1,0
197071,active 1 GmbH,1,0,0,0.0,0,0,1,0,0.0,0,0,1,0
152900,Onidel Pty Ltd,1,0,0,0.0,0,0,1,0,0.0,0,0,1,0
400771,Codehof LLC,1,0,0,0.0,0,0,1,0,0.0,0,0,1,0
204876,BGZ BILISIM TEKNOLOJILERI LIMITED SIRKETI,1,0,0,0.0,0,0,1,0,0.0,0,0,1,0
134090,Leaptel,1,0,0,0.0,0,0,1,0,0.0,0,0,1,0
202329,Verein zur Foerderung freier Netze Region Mittlerer Oberrhein e.V.,1,0,0,0.0,0,0,1,0,0.0,0,0,1,0
53914,"Genesis Hosting Solutions, LLC",1,0,0,0.0,0,0,1,0,0.0,0,0,1,0
12033,"Adams TelSystems, Inc.",1,0,0,0.0,0,0,1,0,0.0,0,0,1,0
210100,Adam Chodkowski,1,0,0,0.0,0,0,1,0,0.0,0,0,1,0
12741,Netia SA,1,0,0,0.0,0,0,1,0,0.0,0,0,1,0
263108,OPANET TELECOMUNICACOES LTDA - ME,1,0,0,0.0,0,0,1,0,0.0,0,0,1,0
35434,PirxNet Grzegorz Bialas,1,0,0,0.0,0,0,1,0,0.0,0,0,1,0
34694,Stadtwerke Woergl GmbH,1,0,0,0.0,0,0,1,0,0.0,0,0,1,0
22987,BrightRidge,1,0,0,0.0,0,0,1,0,0.0,0,0,1,0
8254,GREEN FLOID LLC,1,0,0,0.0,0,0,1,0,0.0,0,0,1,0
199091,The Best Media Halina Ostrowska,1,0,0,0.0,0,0,1,0,0.0,0,0,1,0
400175,"Microtronix ESolutions, LLC",1,0,0,0.0,0,0,1,0,0.0,0,0,1,0
50606,Horyzont Technologie Internetowe sp.z.o.o.,1,0,0,0.0,0,0,1,0,0.0,0,0,1,0
208172,Proton AG,1,0,0,0.0,0,0,1,0,0.0,0,0,1,0
13113,ISI Line srl,1,0,0,0.0,0,0,1,0,0.0,0,0,1,0
400992,ZhouyiSat Communications,1,0,0,0.0,0,0,1,0,0.0,0,0,1,0
200233,Berner Fachhochschule,1,0,0,0.0,0,0,1,0,0.0,0,0,1,0
64073,VETTA TRADING LIMITED,1,0,0,0.0,0,0,1,0,0.0,0,0,1,0
58291,ColoCenter b.v.,1,0,0,0.0,0,0,1,0,0.0,0,0,1,0
29553,Toya sp.z.o.o,1,0,0,0.0,0,0,1,0,0.0,0,0,1,0
30983,CNRST (Centre National pour la Recherche Scientifique et Technique),1,0,0,0.0,0,0,1,0,0.0,0,0,1,0
401604,Colocataires Inc.,1,0,0,0.0,0,0,1,0,0.0,0,0,1,0
43653,"PEGO Slovakia, s.r.o.",1,0,0,0.0,0,0,1,0,0.0,0,0,1,0
44901,Belcloud LTD,1,0,0,0.0,0,0,1,0,0.0,0,0,1,0
44716,D-hosting die Rackspace & Connectivity GmbH,1,1,0,0.0,0,0,1,0,0.0,1,0,0,0
9500,One New Zealand Group Limited,1,0,0,0.0,0,0,1,0,0.0,0,0,1,0
19901,Brightspeed,1,0,0,0.0,0,0,1,0,0.0,0,0,1,0
48101,Trooli Ltd.,1,0,0,0.0,0,0,1,0,0.0,0,0,1,0
12338,Euskaltel S.A.,1,0,0,0.0,0,0,1,0,0.0,0,0,1,0
152565,JOY SERVICES,1,0,0,0.0,0,0,1,0,0.0,0,0,1,0
17506,UCOM Corp.,1,0,0,0.0,0,0,1,0,0.0,0,0,1,0
133398,Tele Asia Limited,1,0,0,0.0,0,0,1,0,0.0,0,0,1,0
19045,"Direct Communications Cedar Valley, LLC",1,0,0,0.0,0,0,1,0,0.0,0,0,1,0
218877,Samuel Dierich,1,0,0,0.0,0,0,1,0,0.0,0,0,1,0
205703,Stadtwerke Teterow GmbH,1,0,0,0.0,0,0,1,0,0.0,0,0,1,0
31863,"Centrilogic, Inc.",1,0,0,0.0,0,0,1,0,0.0,0,0,1,0
25697,UpCloud USA Inc,1,0,0,0.0,0,0,1,0,0.0,0,0,1,0
1241,Nova Telecommunications & Media Single Member S.A,1,0,0,0.0,0,0,1,0,0.0,0,0,1,0
46887,Zayo Bandwidth,1,0,0,0.0,0,0,1,0,0.0,0,0,1,0
5607,Sky UK Limited,1,0,0,0.0,0,0,1,0,0.0,0,0,1,0
50629,LWLcom GmbH,1,0,0,0.0,0,0,1,0,0.0,0,0,1,0
51659,LLC Baxet,1,0,0,0.0,0,0,1,0,0.0,0,0,1,0
200490,Felix Annen,1,0,0,0.0,0,0,1,0,0.0,0,0,1,0
46015,Exa Bytes Network Sdn.Bhd.,1,0,0,0.0,0,0,1,0,0.0,0,0,1,0
3214,xTom GmbH,1,0,0,0.0,0,0,1,0,0.0,0,0,1,0
395673,"ALABAMA LIGHTWAVE, INC.",1,0,0,0.0,0,0,1,0,0.0,0,0,1,0
132115,INDINET SERVICE PRIVATE LIMITED,1,0,0,0.0,0,0,1,0,0.0,0,0,1,0
19165,Webpass Inc.,1,0,0,0.0,0,0,1,0,0.0,0,0,1,0
137495,Skyline Networks NZ Ltd,1,0,0,0.0,0,0,1,0,0.0,0,0,1,0
62248,MODIRUM MDPAY OU,1,1,0,0.0,0,0,1,0,0.0,1,0,0,0
206125,Nicklas Yli-Lantta,1,0,0,0.0,0,0,1,0,0.0,0,0,1,0
8455,atom86 BV,1,0,0,0.0,0,0,1,0,0.0,0,0,1,0
59891,FSIT AG,1,1,0,0.0,0,0,1,0,0.0,1,0,0,0
395570,Beanfield Technologies Inc.,1,0,0,0.0,0,0,1,0,0.0,0,0,1,0
26727,Brandenburg Telephone Company,1,0,0,0.0,0,0,1,0,0.0,0,0,1,0
1102,SURF B.V.,1,0,0,0.0,0,0,1,0,0.0,0,0,1,0
3927,RGnet OU,1,0,0,0.0,0,0,1,0,0.0,0,0,1,0
41653,Aqua Ray SAS,1,1,0,0.0,0,0,1,0,0.0,1,0,0,0
16097,HL komm Telekommunikations GmbH,1,0,0,0.0,0,0,1,0,0.0,0,0,1,0
58423,Stratanet Limited,1,0,0,0.0,0,0,1,0,0.0,0,0,1,0
21211,"Penkiu kontinentu komunikaciju centras, Ltd.",1,0,0,0.0,0,0,1,0,0.0,0,0,1,0
199741_42831,TransitX Ltd,1,0,0,0.0,0,0,1,0,0.0,0,0,1,0
30766,GGew net GmbH,1,0,0,0.0,0,0,1,0,0.0,0,0,1,0
154317,VyomCloud,1,0,0,0.0,0,0,1,0,0.0,0,0,1,0
198825,VERYCLOUD SAS,1,0,0,0.0,0,0,1,0,0.0,0,0,1,0
396362,"Leaseweb USA, Inc.",1,0,0,0.0,0,0,1,0,0.0,0,0,1,0
12605,LIWEST Kabelmedien GmbH,1,0,0,0.0,0,0,1,0,0.0,0,0,1,0
21859,Zenlayer Inc,1,0,0,0.0,0,0,1,0,0.0,0,0,1,0
35916,MULTACOM CORPORATION,1,1,0,0.0,0,0,1,0,0.0,1,0,0,0
9416,Hoshin Multimedia Center Inc.,1,0,0,0.0,0,0,1,0,0.0,0,0,1,0
213468,HD-decor Oy,1,0,0,0.0,0,0,1,0,0.0,0,0,1,0
8972,Host Europe GmbH,1,0,0,0.0,0,0,1,0,0.0,0,0,1,0
46109,"Ardent Wireless, LLC",1,0,0,0.0,0,0,1,0,0.0,0,0,1,0
399647,Rumble USA Inc.,1,0,0,0.0,0,0,1,0,0.0,0,0,1,0
212317,Hetzner Online GmbH,1,0,0,0.0,0,0,1,0,0.0,0,0,1,0
396420,Valley Fiber Ltd.,1,0,0,0.0,0,0,1,0,0.0,0,0,1,0
9299,Philippine Long Distance Telephone Co.,1,0,0,0.0,0,0,1,0,0.0,0,0,1,0
5603,"Telekom Slovenije, d.d.",1,0,0,0.0,0,0,1,0,0.0,0,0,1,0
59720,Bofiber AS,1,0,0,0.0,0,0,1,0,0.0,0,0,1,0
207847,CloudBlast LLC,1,1,0,0.0,0,0,1,0,0.0,1,0,0,0
16342,Toya sp.z.o.o,1,0,0,0.0,0,0,1,0,0.0,0,0,1,0
24282,KAGOYA JAPAN Inc.,1,0,0,0.0,0,0,1,0,0.0,0,0,1,0
44770,Savvy s.r.o.,1,0,0,0.0,0,0,1,0,0.0,0,0,1,0
48239,Scientific-Production Enterprise Information Technologies Ltd,1,0,0,0.0,0,0,1,0,0.0,0,0,1,0
6821,Makedonski Telekom AD-Skopje,1,0,0,0.0,0,0,1,0,0.0,0,0,1,0
202870,Dimensione S.r.l.,1,0,0,0.0,0,0,1,0,0.0,0,0,1,0
34362,Terrakom d.o.o.,1,0,0,0.0,0,0,1,0,0.0,0,0,1,0
215439,PLAY2GO INTERNATIONAL LIMITED,1,1,0,0.0,0,0,1,0,0.0,1,0,0,0
203446,SMARTNET Germany GmbH,1,0,0,0.0,0,0,1,0,0.0,0,0,1,0
57717,FiberXpress BV,1,0,0,0.0,0,0,1,0,0.0,0,0,1,0
30217,Desync Networks,1,0,0,0.0,0,0,1,0,0.0,0,0,1,0
198859,Osuuskunta Keskikaista,1,0,0,0.0,0,0,1,0,0.0,0,0,1,0
60131,High5! B.V.,1,0,0,0.0,0,0,1,0,0.0,0,0,1,0
64457,Matteo Fruhwald trading as PipeHost e.U.,1,0,0,0.0,0,0,1,0,0.0,0,0,1,0
20904,Cinia Oy,1,1,0,0.0,0,0,1,0,0.0,1,0,0,0
7765,Koumbit,1,0,0,0.0,0,0,1,0,0.0,0,0,1,0
16010,Magticom Ltd.,1,0,0,0.0,0,0,1,0,0.0,0,0,1,0
23470,ReliableSite.Net LLC,1,0,0,0.0,0,0,1,0,0.0,0,0,1,0
35179,Korbank S. A.,1,0,0,0.0,0,0,1,0,0.0,0,0,1,0
10996,Concorde inc.,1,1,0,0.0,0,0,1,0,0.0,1,0,0,0
45037,Propelin Consulting S.L.U.,1,0,0,0.0,0,0,1,0,0.0,0,0,1,0
9,Carnegie Mellon University,1,1,0,0.0,0,0,1,0,0.0,1,0,0,0
38826,Infinite Networks PTY LTD,1,0,0,0.0,0,0,1,0,0.0,0,0,1,0
43809,Forss IT AB,1,0,0,0.0,0,0,1,0,0.0,0,0,1,0
132203,Shenzhen Tencent Computer Systems Company Limited,1,0,0,0.0,0,0,1,0,0.0,0,0,1,0
216063,24fire GmbH,1,0,0,0.0,0,0,1,0,0.0,0,0,1,0
39788,Chaos Computer Club e.V.,1,0,0,0.0,0,0,1,0,0.0,0,0,1,0
53486,Niagara Regional Broadband Networks Limited,1,0,0,0.0,0,0,1,0,0.0,0,0,1,0
4739,iiNet Limited,1,0,0,0.0,0,0,1,0,0.0,0,0,1,0
203476,GANDI SAS,1,0,0,0.0,0,0,1,0,0.0,0,0,1,0
51809,BRSK Limited,1,0,0,0.0,0,0,1,0,0.0,0,0,1,0
33984,Surfplanet GmbH,1,0,0,0.0,0,0,1,0,0.0,0,0,1,0
42885,Paraisten Puhelin Oy,1,0,0,0.0,0,0,1,0,0.0,0,0,1,0
134835,Starry Network Limited,1,0,0,0.0,0,0,1,0,0.0,0,0,1,0
397423,Tier.Net Technologies LLC,1,0,0,0.0,0,0,1,0,0.0,0,0,1,0
210464,ANDREW KRISTULI,1,0,0,0.0,0,0,1,0,0.0,0,0,1,0
24482,HostSG,1,0,0,0.0,0,0,1,0,0.0,0,0,1,0
12161,"dao Consulting, LLC",1,0,0,0.0,0,0,1,0,0.0,0,0,1,0
205714,Telemach Hrvatska d.o.o.,1,0,0,0.0,0,0,1,0,0.0,0,0,1,0
3249,Telia Eesti AS,1,0,0,0.0,0,0,1,0,0.0,0,0,1,0
209604,2E TELEKOMUNIKASYON LTD STI,1,0,0,0.0,0,0,1,0,0.0,0,0,1,0
393552,Longmont Power & Communications,1,0,0,0.0,0,0,1,0,0.0,0,0,1,0
51265,Mass Response Service GmbH,1,0,0,0.0,0,0,1,0,0.0,0,0,1,0
131970,Hikarinet Inc.,1,0,0,0.0,0,0,1,0,0.0,0,0,1,0
43067,"PE ""Pretcher""",1,0,0,0.0,0,0,1,0,0.0,0,0,1,0
23473,PAVLOV MEDIA INC,1,0,0,0.0,0,0,1,0,0.0,0,0,1,0
12,New York University,1,0,0,0.0,0,0,1,0,0.0,0,0,1,0
13188,CONTENT DELIVERY NETWORK LTD,1,0,0,0.0,0,0,1,0,0.0,0,0,1,0
48823,Hosting.de GmbH,1,1,0,0.0,0,0,1,0,0.0,1,0,0,0
2116,GLOBALCONNECT AS,1,0,0,0.0,0,0,1,0,0.0,0,0,1,0
34779,"T-2, d.o.o.",1,0,0,0.0,0,0,1,0,0.0,0,0,1,0
10242,US Internet Corp,1,0,0,0.0,0,0,1,0,0.0,0,0,1,0
138754,Kerala Vision Broad Band Private Limited,1,0,0,0.0,0,0,1,0,0.0,0,0,1,0
210893,Layered Technologies Limited,1,0,0,0.0,0,0,1,0,0.0,0,0,1,0
45899,Vietnam Posts and Telecommunications (VNPT),1,0,0,0.0,0,0,1,0,0.0,0,0,1,0
15924,Vodafone Net Iletisim Hizmetler AS,1,0,0,0.0,0,0,1,0,0.0,0,0,1,0
24953,NETPLANET GmbH,1,0,0,0.0,0,0,1,0,0.0,0,0,1,0
213877,U1 DIGITAL SERVICES LTD,1,1,0,0.0,0,0,1,0,0.0,1,0,0,0
10961,Boston GigaPoP,1,1,0,0.0,0,0,1,0,0.0,1,0,0,0
41079,Cyber_Folks S.A.,1,0,0,0.0,0,0,1,0,0.0,0,0,1,0
212531,"UAB ""Interneto vizija""",1,0,0,0.0,0,0,1,0,0.0,0,0,1,0
205544,Leaseweb UK Limited,1,0,0,0.0,0,0,1,0,0.0,0,0,1,0
56508,Amateur Radio Digital Communications,1,0,0,0.0,0,0,1,0,0.0,0,0,1,0
201308,Castlegem SRL,1,1,0,0.0,0,0,1,0,0.0,1,0,0,0
206774,Internetnord AB,1,0,0,0.0,0,0,1,0,0.0,0,0,1,0
11404,Wave Broadband,1,0,0,0.0,0,0,1,0,0.0,0,0,1,0
215733,Blacknight Internet Solutions Limited,1,0,0,0.0,0,0,1,0,0.0,0,0,1,0
153003,Digital Shield Technology Company Limited,1,1,0,0.0,0,0,1,0,0.0,1,0,0,0
196883,MT SPOLKA Z OGRANICZONA ODPOWIEDZIALNOSCIA,1,0,0,0.0,0,0,1,0,0.0,0,0,1,0
62425,Mailbox Internet Hizmetleri Ltd. Sti.,1,0,0,0.0,0,0,1,0,0.0,0,0,1,0
213449,Jann-Ole Wagenaar,1,0,0,0.0,0,0,1,0,0.0,0,0,1,0
61112,AKILE LTD,1,0,0,0.0,0,0,1,0,0.0,0,0,1,0
402253,SKN Subnet & Telecom Ltd,1,1,0,0.0,0,0,1,0,0.0,1,0,0,0
132986,Digital Dreams Consulting Pvt Ltd,1,0,0,0.0,0,0,1,0,0.0,0,0,1,0
15895,"""Kyivstar"" PJSC",1,0,0,0.0,0,0,1,0,0.0,0,0,1,0
394056,BIF IV,1,0,0,0.0,0,0,1,0,0.0,0,0,1,0
20676,Plusnet GmbH,1,0,0,0.0,0,0,1,0,0.0,0,0,1,0
197170,TechTies Inc.,1,1,0,0.0,0,0,1,0,0.0,1,0,0,0
57811,Redge Technologies sp. z o.o.,1,0,0,0.0,0,0,1,0,0.0,0,0,1,0
56380,''IT FRUIT'' S.R.L.,1,0,0,0.0,0,0,1,0,0.0,0,0,1,0
2518,BIGLOBE Inc.,1,0,0,0.0,0,0,1,0,0.0,0,0,1,0
393408,University of Portland,1,0,0,0.0,0,0,1,0,0.0,0,0,1,0
12355,HeLi NET Telekommunikation GmbH & Co.,1,0,0,0.0,0,0,1,0,0.0,0,0,1,0
57494,Adman LLC,1,0,0,0.0,0,0,1,0,0.0,0,0,1,0
24806,"INTERNET CZ, a.s.",1,0,0,0.0,0,0,1,0,0.0,0,0,1,0
11272,C Spire Fiber,1,0,0,0.0,0,0,1,0,0.0,0,0,1,0
13156,"NOWO COMMUNICATIONS, S.A.",1,0,0,0.0,0,0,1,0,0.0,0,0,1,0
214854,VULUT BILISIM TEKNOLOJILERI LIMITED SIRKETI,1,0,0,0.0,0,0,1,0,0.0,0,0,1,0
216107,Noah van der Aa trading as Frumentum Media,1,0,0,0.0,0,0,1,0,0.0,0,0,1,0
48925,VibeGAMES B.V.,1,0,0,0.0,0,0,1,0,0.0,0,0,1,0
399760,Zabbly,1,0,0,0.0,0,0,1,0,0.0,0,0,1,0
22612,"Namecheap, Inc.",1,0,0,0.0,0,0,1,0,0.0,0,0,1,0
13692,Douglas FastNet,1,0,0,0.0,0,0,1,0,0.0,0,0,1,0
212000,Zeljko Rosic trading as 1337 Hosting Solutions e.U.,1,0,0,0.0,0,0,1,0,0.0,0,0,1,0
204911,Digitale Partizipation e.V.,1,0,0,0.0,0,0,1,0,0.0,0,0,1,0
154177,LIGHT NODE LIMITED,1,0,0,0.0,0,0,1,0,0.0,0,0,1,0
88,Princeton University,1,0,0,0.0,0,0,1,0,0.0,0,0,1,0
1213,ASIERA TECHNOLOGY SERVICES CLG,1,0,0,0.0,0,0,1,0,0.0,0,0,1,0
50053,Anton Levin,1,0,0,0.0,0,0,1,0,0.0,0,0,1,0
23089,Hotwire Communications,1,0,0,0.0,0,0,1,0,0.0,0,0,1,0
6855,"Slovak Telekom, a.s.",1,0,0,0.0,0,0,1,0,0.0,0,0,1,0
9371,SAKURA Internet Inc.,1,0,0,0.0,0,0,1,0,0.0,0,0,1,0
49581,Ferdinand Zink trading as Tube-Hosting,1,0,0,0.0,0,0,1,0,0.0,0,0,1,0
11664,Techtel LMDS Comunicaciones Interactivas S.A.,1,0,0,0.0,0,0,1,0,0.0,0,0,1,0
200736,MEDIANET INVEST AE,1,0,0,0.0,0,0,1,0,0.0,0,0,1,0
53072,INETVIP TELECOM LTDA,1,0,0,0.0,0,0,1,0,0.0,0,0,1,0
198983,Joseph Hofmann trading as 'Tornado Datacenter GmbH & Co. KG',1,0,0,0.0,0,0,1,0,0.0,0,0,1,0
64236,"UnReal Servers, LLC",1,0,0,0.0,0,0,1,0,0.0,0,0,1,0
12337,noris network AG,1,1,0,0.0,0,0,1,0,0.0,1,0,0,0
204800,WHG Hosting Services Ltd,1,0,0,0.0,0,0,1,0,0.0,0,0,1,0
15962,Orange Slovensko a.s.,1,0,0,0.0,0,0,1,0,0.0,0,0,1,0
400564,"Weston Reed, Sole Proprietorship",1,0,0,0.0,0,0,1,0,0.0,0,0,1,0
395354,"Starry, Inc.",1,0,0,0.0,0,0,1,0,0.0,0,0,1,0
12731,IPHH Internet Port Hamburg GmbH,1,0,0,0.0,0,0,1,0,0.0,0,0,1,0
8437,Hutchison Drei Austria GmbH,1,0,0,0.0,0,0,1,0,0.0,0,0,1,0
271957,SOMOS NETWORKS COLOMBIA S.A.S. BIC,1,0,0,0.0,0,0,1,0,0.0,0,0,1,0
272547,Servicos de Infraestrutura e Datacenter,1,0,0,0.0,0,0,1,0,0.0,0,0,1,0
1403,EBOX,1,0,0,0.0,0,0,1,0,0.0,0,0,1,0
54936,Wyyerd Group,1,0,0,0.0,0,0,1,0,0.0,0,0,1,0
13693,Vexus Fiber,1,0,0,0.0,0,0,1,0,0.0,0,0,1,0
39020,Comvive Servidores S.L.,1,0,0,0.0,0,0,1,0,0.0,0,0,1,0
215703,FREAKHOSTING LTD,1,0,0,0.0,0,0,1,0,0.0,0,0,1,0
17055,University of Utah,1,0,0,0.0,0,0,1,0,0.0,0,0,1,0
48574,T-Mobile Czech Republic a.s.,1,0,0,0.0,0,0,1,0,0.0,0,0,1,0
823,University of Western Ontario,1,0,0,0.0,0,0,1,0,0.0,0,0,1,0
200912,Joel Krause,1,1,0,0.0,0,0,1,0,0.0,1,0,0,0
197448,NT Group Systemy Informatyczne Sp. z o.o.,1,0,0,0.0,0,0,1,0,0.0,0,0,1,0
59895,Binary Racks Limited,1,0,0,0.0,0,0,1,0,0.0,0,0,1,0
49889,Crystal Telecom Ltd,1,0,0,0.0,0,0,1,0,0.0,0,0,1,0
8820,tal.de GmbH,1,0,0,0.0,0,0,1,0,0.0,0,0,1,0
215904,HostingBazis Beteti Tarsasag,1,0,0,0.0,0,0,1,0,0.0,0,0,1,0
47474,Virtual1 Limited,1,0,0,0.0,0,0,1,0,0.0,0,0,1,0
399486,12651980 CANADA INC.,1,0,0,0.0,0,0,1,0,0.0,0,0,1,0
44259,"Ultahost, Inc.",1,1,0,0.0,0,0,1,0,0.0,1,0,0,0
17858,LG POWERCOMM,1,1,0,0.0,0,0,1,0,0.0,1,0,0,0
42763,FPUH Czajen Krzysztof Czaja,1,0,0,0.0,0,0,1,0,0.0,0,0,1,0
45758,MAYBANK KIM ENG SECURITIES PTE. LTD,1,0,0,0.0,0,0,1,0,0.0,0,0,1,0
25693,Virtual Machine Solutions LLC,1,0,0,0.0,0,0,1,0,0.0,0,0,1,0
41998,NetCom BW GmbH,1,0,0,0.0,0,0,1,0,0.0,0,0,1,0
203363,Kuroit Limited,1,0,0,0.0,0,0,1,0,0.0,0,0,1,0
41652,SHPV FRANCE SAS,1,1,0,0.0,0,0,1,0,0.0,1,0,0,0
395853,NYC Mesh Inc.,1,0,0,0.0,0,0,1,0,0.0,0,0,1,0
45839,Shinjiru Technology Sdn Bhd,1,0,0,0.0,0,0,1,0,0.0,0,0,1,0
18624,Greenlight,1,0,0,0.0,0,0,1,0,0.0,0,0,1,0
44679,INVITE Systems SRL,1,1,0,0.0,0,0,1,0,0.0,1,0,0,0
32,Stanford University,1,0,0,0.0,0,0,1,0,0.0,0,0,1,0
268581,QNAX LTDA,1,0,0,0.0,0,0,1,0,0.0,0,0,1,0
4226,Sumofiber,1,0,0,0.0,0,0,1,0,0.0,0,0,1,0
27364,Armstrong,1,0,0,0.0,0,0,1,0,0.0,0,0,1,0
208674,Association TekitUp,1,0,0,0.0,0,0,1,0,0.0,0,0,1,0
20454,SECURED SERVERS LLC,1,0,0,0.0,0,0,1,0,0.0,0,0,1,0
200713,Zettaplan AG,1,0,0,0.0,0,0,1,0,0.0,0,0,1,0
1133,SURF B.V.,1,0,0,0.0,0,0,1,0,0.0,0,0,1,0
3257,GTT Communications Inc.,1,0,0,0.0,0,0,1,0,0.0,0,0,1,0
204666,Jiri Tlapak,1,0,0,0.0,0,0,1,0,0.0,0,0,1,0
9286,KINX,1,0,0,0.0,0,0,1,0,0.0,0,0,1,0
2033,Panix,1,0,0,0.0,0,0,1,0,0.0,0,0,1,0
22296,Vorsk LLC,1,1,0,0.0,0,0,1,0,0.0,1,0,0,0
31389,Atomidata Oy,1,0,0,0.0,0,0,1,0,0.0,0,0,1,0
219206,BRANDON MAXWELL LOOI,1,0,0,0.0,0,0,1,0,0.0,0,0,1,0
142036,Hosteons Pte. Ltd.,1,0,0,0.0,0,0,1,0,0.0,0,0,1,0
35369,LINZ STROM GAS WAERME GmbH fuer Energiedienstleistungen und Telekommunikation,1,0,0,0.0,0,0,1,0,0.0,0,0,1,0
28855,Octopuce s.a.r.l.,1,1,0,0.0,0,0,1,0,0.0,1,0,0,0
50979,ROUTE 95 LLC,1,0,0,0.0,0,0,1,0,0.0,0,0,1,0
43619,Association pour l'union des reseaux des residences etudiantes (AURORE),1,0,0,0.0,0,0,1,0,0.0,0,0,1,0
60191,Nowatel Sp. z o.o.,1,0,0,0.0,0,0,1,0,0.0,0,0,1,0
49855,PLUTEX GmbH,1,0,0,0.0,0,0,1,0,0.0,0,0,1,0
8764,"Telia Lietuva, AB",1,0,0,0.0,0,0,1,0,0.0,0,0,1,0
63025,NOHAVPS LLC,1,0,0,0.0,0,0,1,0,0.0,0,0,1,0
32338,Hostiserver Ltd,1,0,0,0.0,0,0,1,0,0.0,0,0,1,0
197524_212443,Leonet GmbH,1,0,0,0.0,0,0,1,0,0.0,0,0,1,0
12353,Vodafone Portugal - Communicacoes Pessoais S.A.,1,0,0,0.0,0,0,1,0,0.0,0,0,1,0
12129,"123.Net, Inc.",1,0,0,0.0,0,0,1,0,0.0,0,0,1,0
199918,Wilton Arthur Poth,1,0,0,0.0,0,0,1,0,0.0,0,0,1,0
61424,eServer s.r.o.,1,0,0,0.0,0,0,1,0,0.0,0,0,1,0
203861,Miteflux Technologies Ltd,1,0,0,0.0,0,0,1,0,0.0,0,0,1,0
200088,Artnet Sp. z o.o.,1,0,0,0.0,0,0,1,0,0.0,0,0,1,0
40156,The Optimal Link Corporation,1,0,0,0.0,0,0,1,0,0.0,0,0,1,0
153371,BACK WAVES LIMITED,1,0,0,0.0,0,0,1,0,0.0,0,0,1,0
204548,Kamatera Inc,1,0,0,0.0,0,0,1,0,0.0,0,0,1,0
396356,Latitude.sh,1,0,0,0.0,0,0,1,0,0.0,0,0,1,0
200052,Feral.io Ltd,1,0,0,0.0,0,0,1,0,0.0,0,0,1,0
12578,SIA Tet,1,0,0,0.0,0,0,1,0,0.0,0,0,1,0
205941,Lungu Stefan Gabriel,1,1,0,0.0,0,0,1,0,0.0,1,0,0,0
8218,Zayo Infrastructure France SA,1,1,0,0.0,0,0,1,0,0.0,1,0,0,0
38731,Vietel - CHT Compamy Ltd,1,0,0,0.0,0,0,1,0,0.0,0,0,1,0
13428,"Surf Air Wireless, LLC",1,0,0,0.0,0,0,1,0,0.0,0,0,1,0
50304,Blix Solutions AS,1,1,0,0.0,0,0,1,0,0.0,1,0,0,0
207790,SWN Stadtwerke Neumuenster GmbH,1,0,0,0.0,0,0,1,0,0.0,0,0,1,0
11847,GoNetSpeed,1,0,0,0.0,0,0,1,0,0.0,0,0,1,0
6327,Shaw Communications,1,0,0,0.0,0,0,1,0,0.0,0,0,1,0
60294,Deutsche Glasfaser Wholesale GmbH,1,0,0,0.0,0,0,1,0,0.0,0,0,1,0
18041,Taiwan Digital Streaming Co.,1,0,0,0.0,0,0,1,0,0.0,0,0,1,0
34971,CDLAN SpA,1,0,0,0.0,0,0,1,0,0.0,0,0,1,0
9534,Maxis Broadband Sdn Bhd,1,0,0,0.0,0,0,1,0,0.0,0,0,1,0
213281,Greenfiber Internet & Dienste GmbH,1,0,0,0.0,0,0,1,0,0.0,0,0,1,0
44684,Mythic Beasts Ltd,1,0,0,0.0,0,0,1,0,0.0,0,0,1,0
43139,Maximum-Net LLC,1,0,0,0.0,0,0,1,0,0.0,0,0,1,0
42927,S-NET Sp. z o.o.,1,0,0,0.0,0,0,1,0,0.0,0,0,1,0
9141,P4 Sp. z o.o.,1,0,0,0.0,0,0,1,0,0.0,0,0,1,0
45007,VIPNET PRIM Ltd,1,1,0,0.0,0,0,1,0,0.0,1,0,0,0
6799,Ote SA (Hellenic Telecommunications Organisation),1,0,0,0.0,0,0,1,0,0.0,0,0,1,0
8873,Alexander Wagberg trading as Wberg Networks,1,0,0,0.0,0,0,1,0,0.0,0,0,1,0
6810,"""Bezeq""- THE ISRAEL TELECOMMUNICATION CORP. LTD.",1,0,0,0.0,0,0,1,0,0.0,0,0,1,0
33255,Hampden-Sydney College,1,0,0,0.0,0,0,1,0,0.0,0,0,1,0
19994,Rackspace Hosting,1,0,0,0.0,0,0,1,0,0.0,0,0,1,0
398777,Pioneer Connect,1,0,0,0.0,0,0,1,0,0.0,0,0,1,0
48732,Martial Duboc,1,0,0,0.0,0,0,1,0,0.0,0,0,1,0
48926,Pe3ny Net s.r.o.,1,0,0,0.0,0,0,1,0,0.0,0,0,1,0
198037,SPACECORE SOLUTION LTD,1,0,0,0.0,0,0,1,0,0.0,0,0,1,0
13022,Streams Telecommunicationsservices GmbH,1,1,0,0.0,0,0,1,0,0.0,1,0,0,0
1781,Korea Advanced Institute of Science and Technology,1,0,0,0.0,0,0,1,0,0.0,0,0,1,0
134351,Leaseweb Japan K.K.,1,0,0,0.0,0,0,1,0,0.0,0,0,1,0
39287,Materialism s.r.l.,1,0,0,0.0,0,0,1,0,0.0,0,0,1,0
53006,ALGAR TELECOM S/A,1,0,0,0.0,0,0,1,0,0.0,0,0,1,0
61157,PlusServer GmbH,1,0,0,0.0,0,0,1,0,0.0,0,0,1,0
43541,VSHosting s.r.o.,1,0,0,0.0,0,0,1,0,0.0,0,0,1,0
27823,Dattatec.com,1,0,0,0.0,0,0,1,0,0.0,0,0,1,0
25653,FortressITX,1,0,0,0.0,0,0,1,0,0.0,0,0,1,0
30722,Fastweb SpA,1,0,0,0.0,0,0,1,0,0.0,0,0,1,0
137643,MANAGE SERVER,1,0,0,0.0,0,0,1,0,0.0,0,0,1,0
198967,BITel Gesellschaft fuer Telekommunikation mbH,1,0,0,0.0,0,0,1,0,0.0,0,0,1,0
32598,Opzix,1,0,0,0.0,0,0,1,0,0.0,0,0,1,0
58915,Serversaurus,1,0,0,0.0,0,0,1,0,0.0,0,0,1,0
203424,TUSSA IKT AS,1,0,0,0.0,0,0,1,0,0.0,0,0,1,0
33588,Charter Communications LLC,1,0,0,0.0,0,0,1,0,0.0,0,0,1,0
8860,Delta HighTech Ltd.,1,0,0,0.0,0,0,1,0,0.0,0,0,1,0
50098,Melbikomas UAB,1,0,0,0.0,0,0,1,0,0.0,0,0,1,0
202282,FIBRUS NETWORKS LTD,1,0,0,0.0,0,0,1,0,0.0,0,0,1,0
9790,Two Degrees Mobile Limited,1,0,0,0.0,0,0,1,0,0.0,0,0,1,0
137967,Digicon Telecommunication Ltd,1,1,0,0.0,0,0,1,0,0.0,1,0,0,0
5390,Euronet Communications B.V.,1,0,0,0.0,0,0,1,0,0.0,0,0,1,0
6696,VERIXI SA,1,0,0,0.0,0,0,1,0,0.0,0,0,1,0
5404,conova communications GmbH,1,0,0,0.0,0,0,1,0,0.0,0,0,1,0
40662,Layer7 Technologies Inc,1,1,0,0.0,0,0,1,0,0.0,1,0,0,0
160,The University of Chicago,1,0,0,0.0,0,0,1,0,0.0,0,0,1,0
62390,NexonHost Srl,1,0,0,0.0,0,0,1,0,0.0,0,0,1,0
60900,Adrian Trifonov trading as Ssmidge Technologies,1,0,0,0.0,0,0,1,0,0.0,0,0,1,0
58061,Scalaxy B.V.,1,0,0,0.0,0,0,1,0,0.0,0,0,1,0
61323,ANS ACADEMY LIMITED,1,0,0,0.0,0,0,1,0,0.0,0,0,1,0
36103,"Central Utah Telephone, Inc.",1,1,0,0.0,0,0,1,0,0.0,1,0,0,0
22653,Cyber Wurx LLC,1,0,0,0.0,0,0,1,0,0.0,0,0,1,0
210083,Privex Inc.,1,1,0,0.0,0,0,1,0,0.0,1,0,0,0
34296,Millenicom Telekomunikasyon Hizmetleri Anonim Sirketi,1,0,0,0.0,0,0,1,0,0.0,0,0,1,0
