fp,nickname,family,asn,status,newest_published,newest_source,newest_class,collector_newest,collector_tor_start,votes_listing,votes_running,votes_exit,votes_flagged,listing_auths,never_flag_vote,onionoo_present,onionoo_running,onionoo_last_seen,onionoo_last_restarted,onionoo_flags
02FCF62C0AD3AD1D208D7F27E12E8840EF53C7E0,Quetzalcoatl,1,AS36352,silent,2026-10-05 08:57:55,db,B,2026-10-05 08:57:55,2026-10-05 08:57:48,0,0,0,0,,0,1,False,2026-10-05 13:00:00,2026-10-05 08:57:48,Fast Running Stable Valid
034DC4E8D29119BDC85B31879481905F8A5AF13F,klaxhex,0,AS53667,silent,2026-10-04 02:57:01,db,B,2026-10-04 02:57:01,2026-10-04 02:56:59,0,0,0,0,,1,1,False,2026-10-04 04:00:00,2026-10-04 02:56:59,Exit Fast Running Stable Valid
035F813195F0CB9F567EDFDF60C6745CA36BA0BD,Quetzalcoatl,1,AS53667,silent,2026-10-05 09:32:31,db,B,2026-10-05 09:32:31,2026-10-05 09:32:24,0,0,0,0,,0,1,False,2026-10-05 12:00:00,2026-10-05 09:32:24,Fast Running Stable Valid
044428D910C037932A0763BB089769943F6BA648,Polyphemus2,0,AS53667,silent,2026-10-04 15:37:30,db,A,2026-10-04 15:37:30,2026-09-29 14:15:52,0,0,0,0,,0,1,False,2026-10-05 15:00:00,2026-09-29 14:15:52,Fast Running Stable StaleDesc Valid
04FDE91F9846DFF1EDCB4A24472FBA127E3ACDC6,Quetzalcoatl,1,AS36352,silent,2026-10-05 10:06:33,db,B,2026-10-05 10:06:33,2026-10-05 10:06:11,0,0,0,0,,0,1,False,2026-10-05 13:00:00,2026-10-05 10:06:11,Fast Running Stable Valid
0632EC43FEA8EA3F377FE2E34DA671746F1642DD,Quetzalcoatl,1,AS36352,silent,2026-10-05 09:48:08,db,B,2026-10-05 09:48:08,2026-10-05 09:48:05,0,0,0,0,,0,1,False,2026-10-05 13:00:00,2026-10-05 09:48:05,Fast Running Valid
068FCA8801F66493EE75839752A30C860DF1AFEC,Quetzalcoatl,1,AS36352,silent,2026-10-05 10:25:40,db,B,2026-10-05 10:25:40,2026-10-05 10:25:32,0,0,0,0,,0,1,False,2026-10-05 12:00:00,2026-10-05 10:25:32,Fast Running Valid
0705F969B825FAE29BCEB3F692B0A4224DED82E0,Quetzalcoatl,1,AS197540,silent,2026-10-05 10:20:59,db,B,2026-10-05 10:20:59,2026-10-05 10:20:51,0,0,0,0,,0,1,False,2026-10-05 12:00:00,2026-10-05 10:20:51,Fast Running Valid
078A51987E72360E0D435B820D217C0580D06CE1,Quetzalcoatl,1,AS36352,silent,2026-10-05 10:07:21,db,B,2026-10-05 10:07:21,2026-10-05 10:07:12,0,0,0,0,,0,1,False,2026-10-05 12:00:00,2026-10-05 10:07:12,Fast Running Valid
07DCECDF04BE5D470C615C8E1CCF086F74FC8CA6,Quetzalcoatl,1,AS36352,publishing,2026-10-08 04:35:57,2026-10-08-07-38-29-server-descriptors,B,2026-10-08 04:35:57,2026-10-08 04:35:42,3,0,2,1,dannenberg dizum tor26,0,1,False,2026-10-05 12:00:00,2026-10-08 04:35:42,Fast Running Stable Valid
080D4210E54A62376A4A89E3B9CC98B2FB2D74D0,Quetzalcoatl,1,AS36352,silent,2026-10-05 10:25:59,db,B,2026-10-05 10:25:59,2026-10-05 10:25:52,0,0,0,0,,0,1,False,2026-10-05 12:00:00,2026-10-05 10:25:52,Fast Running Valid
09175D4C4E3D0440357306BC66831B1A6E333741,Quetzalcoatl,1,AS51167,silent,2026-10-05 10:37:42,db,B,2026-10-05 10:37:42,2026-10-05 10:36:56,0,0,0,0,,0,1,False,2026-10-05 13:00:00,2026-10-05 10:36:56,Fast Running Stable Valid
0932F9009DCF32EC60FD52F975318D3F6E8E59F9,wastedspace,0,AS53667,silent,2026-10-05 21:01:03,db,B,2026-10-05 21:01:03,2026-10-05 21:01:00,0,0,0,0,,1,1,False,2026-10-05 15:00:00,2026-10-05 21:01:00,Exit Fast Guard Running Stable V2Dir Valid
09768BD9ACA211008713BA481E0B8EE3239A9F0B,Quetzalcoatl,1,AS36352,publishing,2026-10-08 11:24:12,2026-10-08-13-29-10-server-descriptors,B,2026-10-08 11:24:12,2026-10-08 11:20:45,3,0,2,1,dannenberg dizum tor26,0,1,False,2026-10-05 01:00:00,2026-10-08 11:20:45,BadExit Fast MiddleOnly Running Stable Valid
09CA1957EC0671044DAD2EEA282A348FFD7D271E,Quetzalcoatl,1,AS53667,silent,2026-10-05 09:31:43,db,B,2026-10-05 09:31:43,2026-10-05 09:31:39,0,0,0,0,,0,1,False,2026-10-05 12:00:00,2026-10-05 09:31:39,Fast Running Stable Valid
0A11C7546A1332412D1EBD13BD4C3D6A6644D7E0,luxvptorex,0,AS53667,publishing,2026-10-08 20:12:14,2026-10-08-19-31-18-server-descriptors,A,2026-10-08 20:12:14,2026-10-04 22:28:48,3,3,2,1,dannenberg dizum tor26,0,1,False,2026-10-05 16:00:00,2026-10-04 22:28:48,Fast Running Stable Valid
0A76C0A0A721DDBC324B705ADBFC95FD806AE855,Quetzalcoatl,1,AS36352,silent,2026-10-05 09:10:12,db,B,2026-10-05 09:10:12,2026-10-05 09:10:03,0,0,0,0,,0,1,False,2026-10-05 13:00:00,2026-10-05 09:10:03,Fast Running Stable Valid
0ACF08670F1D9F95D02E959651B8DDE2C3CC188F,Quetzalcoatl,1,AS40021,silent,2026-10-05 12:44:38,db,B,2026-10-05 12:44:38,2026-10-05 09:42:23,0,0,0,0,,0,1,False,2026-10-04 19:00:00,2026-10-05 09:42:23,Exit Fast Running Stable V2Dir Valid
0AE156113CAF79C28EDF599F55FABDE03D5416DC,DingBerry,0,AS53667,publishing,2026-10-08 22:05:50,2026-10-08-22-44-16-server-descriptors,B,2026-10-08 22:05:50,2026-10-07 03:41:43,3,3,2,1,dannenberg dizum tor26,0,1,False,2026-10-05 16:00:00,2026-10-07 03:41:43,Running Stable Valid
0B360A909D967F2B6955A8F55DA3A92E04C8F19E,Quetzalcoatl,1,AS53667,silent,2026-10-05 09:28:30,db,B,2026-10-05 09:28:30,2026-10-05 09:28:15,0,0,0,0,,0,1,False,2026-10-05 12:00:00,2026-10-05 09:28:15,Fast Running Stable Valid
0B5BC76B3BE7553B229FD3E73F26AED41C31DD19,Quetzalcoatl,1,AS197540,silent,2026-10-05 10:23:13,db,B,2026-10-05 10:23:13,2026-10-05 10:23:10,0,0,0,0,,1,1,False,2026-10-04 18:00:00,2026-10-05 10:23:10,Exit Fast Guard Running Stable V2Dir Valid
0C478FFD86187DB4C690B84718CCD09165BEB73D,Quetzalcoatl,1,AS36352,silent,2026-10-04 01:14:22,db,B,2026-10-04 01:14:22,2026-10-04 01:14:20,0,0,0,0,,0,1,False,2026-10-04 19:00:00,2026-10-04 01:14:20,Exit Fast Guard Running Stable V2Dir Valid
0CA51D90B1DFAD0100933465C6D9C5DF31DE135C,Quetzalcoatl,1,AS36352,silent,2026-10-05 10:09:13,db,B,2026-10-05 10:09:13,2026-10-05 10:09:01,0,0,0,0,,0,1,False,2026-10-05 13:00:00,2026-10-05 10:09:01,Fast Running Stable Valid
0CABED9159F1E4BE82879F5A34ED8D7349E931BD,Polyphemus,0,AS53667,silent,2026-10-04 15:44:27,db,B,2026-10-04 15:44:27,2026-10-01 15:43:24,0,0,0,0,,0,1,False,2026-10-04 23:00:00,2026-10-01 15:43:24,BadExit Fast MiddleOnly Running Stable Valid
0CADF9650BE6F3CB6A09F29D8B91250D93DD91E6,TheSecondRelay,0,AS53667,publishing,2026-10-08 20:46:18,2026-10-08-22-44-16-server-descriptors,other,2026-10-08 20:46:18,2026-10-04 22:26:45,3,3,0,1,dannenberg dizum tor26,0,1,False,2026-10-05 16:00:00,2026-10-04 22:26:45,Fast Running Stable Valid
0CB83F633CFB20692E8A615C7B8E524835E2746E,knuckledragger,0,AS53667,silent,2026-10-05 21:01:03,db,B,2026-10-05 21:01:03,2026-10-05 21:01:00,0,0,0,0,,1,1,False,2026-10-05 15:00:00,2026-10-05 21:01:00,Exit Fast Guard Running Stable V2Dir Valid
0CD666F9C9A40A8CFB1E6B9465597A51D3A1CBF8,Quetzalcoatl,1,AS53667,silent,2026-10-05 09:34:09,db,B,2026-10-05 09:34:09,2026-10-05 09:34:05,0,0,0,0,,0,1,False,2026-10-05 12:00:00,2026-10-05 09:34:05,Fast Running Valid
0CF48696F004482C445D875BE376A58E3D660497,Quetzalcoatl,1,AS36352,silent,2026-10-05 09:20:50,db,B,2026-10-05 09:20:50,2026-10-05 09:20:41,0,0,0,0,,0,1,False,2026-10-05 13:00:00,2026-10-05 09:20:41,Fast Running Stable Valid
0D8826A5646B352A7EB843FFBE80326F4D018F1B,2mpe4b,0,AS53667,publishing,2026-10-08 21:48:34,2026-10-08-22-44-16-server-descriptors,B,2026-10-08 21:48:34,2026-10-08 03:37:30,3,3,2,1,dannenberg dizum tor26,0,1,False,2026-10-05 13:00:00,2026-10-08 03:37:30,Fast Running Valid
0DA24422FEDF42407EA931CA831C0C5E926A6278,Quetzalcoatl,1,AS36352,silent,2026-10-05 10:24:35,db,B,2026-10-05 10:24:35,2026-10-05 10:24:28,0,0,0,0,,0,1,False,2026-10-05 12:00:00,2026-10-05 10:24:28,Fast Running Valid
0E927D044DD2C739432C29E869C9C8EB8768E793,Quetzalcoatl,1,AS36352,silent,2026-10-05 10:07:15,db,B,2026-10-05 10:07:15,2026-10-05 10:07:05,0,0,0,0,,0,1,False,2026-10-05 13:00:00,2026-10-05 10:07:05,Fast Running Stable Valid
0EB05178DE949D3E8EEEC0BC02ED20FF0995F56C,devvulLV,0,AS53667,silent,2026-10-03 10:28:34,db,B,2026-10-03 10:28:34,2026-10-03 10:27:32,0,0,0,0,,1,1,False,2026-10-03 11:00:00,2026-10-03 10:27:32,Exit Fast Running Stable V2Dir Valid
0EE7F9C7947367AE3A75C220D5F1FC340BE3E0C1,Quetzalcoatl,1,AS36352,silent,2026-10-05 10:26:00,db,B,2026-10-05 10:26:00,2026-10-05 10:25:53,0,0,0,0,,0,1,False,2026-10-04 20:00:00,2026-10-05 10:25:53,Exit Fast Running Stable V2Dir Valid
0F3874C18BE50B83939D09AF2F6C362D1FC6C8CD,Polyphemus5,0,AS53667,silent,2026-10-04 15:37:32,db,A,2026-10-04 15:37:32,2026-09-29 14:15:53,0,0,0,0,,0,1,False,2026-10-05 15:00:00,2026-09-29 14:15:53,Fast Running Stable StaleDesc Valid
102C2BF86B10164E2469CF3258188D2A76822938,Quetzalcoatl,1,AS36352,silent,2026-10-05 10:25:09,db,B,2026-10-05 10:25:09,2026-10-05 10:25:04,0,0,0,0,,0,1,False,2026-10-05 12:00:00,2026-10-05 10:25:04,Fast Running Valid
110BCD3EAD60B236F107A6F7A1293726E6FEDB08,Quetzalcoatl,1,AS40021,silent,2026-10-05 12:37:59,db,B,2026-10-05 12:37:59,2026-10-05 09:36:07,0,0,0,0,,0,1,False,2026-10-04 19:00:00,2026-10-05 09:36:07,Exit Fast Running Stable V2Dir Valid
1179667EF7EA283506A6D7E03EBAE4A99C408731,Quetzalcoatl,1,AS36352,silent,2026-10-05 10:05:16,db,B,2026-10-05 10:05:16,2026-10-05 10:05:08,0,0,0,0,,0,1,False,2026-10-05 13:00:00,2026-10-05 10:05:08,Fast Running Valid
1322EE47D35541471D3A00F30FFF2EE7585E5B52,TorExitForYou,0,AS53667,publishing,2026-10-08 20:17:30,2026-10-08-22-44-16-server-descriptors,A,2026-10-08 20:17:30,2026-10-04 22:28:26,3,3,2,1,dannenberg dizum tor26,0,1,False,2026-10-05 16:00:00,2026-10-04 22:28:26,Fast Running Stable Valid
144C5DBEBD925D54A246A10832CBB293EE84C834,dn3a,0,AS399646,publishing,2026-10-08 20:29:38,2026-10-08-22-44-16-server-descriptors,B,2026-10-08 20:29:38,2026-10-07 17:59:05,3,3,3,0,dannenberg dizum tor26,1,1,False,2026-10-03 11:00:00,2026-10-07 17:59:05,Exit Fast Guard Running Stable V2Dir Valid
1467D2B222DD7638C1D14986101B1DF8D210244B,Quetzalcoatl,1,AS51167,silent,2026-10-05 09:50:38,db,B,2026-10-05 09:50:38,2026-10-05 09:50:16,0,0,0,0,,0,1,False,2026-10-05 13:00:00,2026-10-05 09:50:16,Fast Running Valid
15450640183D6488AFEFA8B50EE8E91F64AFE9AB,Quetzalcoatl,1,AS36352,silent,2026-10-05 09:19:03,db,B,2026-10-05 09:19:03,2026-10-05 09:18:54,0,0,0,0,,0,1,False,2026-10-05 13:00:00,2026-10-05 09:18:54,Fast Running Valid
15CA183DC161A0AF6FACDD7A0B6DA84C593E8D09,TorDola,0,AS211720,publishing,2026-10-08 21:50:07,2026-10-08-22-44-16-server-descriptors,other,2026-10-08 21:50:07,2026-10-06 08:49:07,3,3,3,0,dannenberg dizum tor26,1,1,False,2026-10-05 15:00:00,2026-10-06 08:49:07,Exit Fast Running V2Dir Valid
16355C1C0B02AF69618AE6A517A526B8A6B98B9B,Quetzalcoatl,1,AS53667,silent,2026-10-05 09:10:58,db,B,2026-10-05 09:10:58,2026-10-05 09:10:51,0,0,0,0,,0,1,False,2026-10-05 12:00:00,2026-10-05 09:10:51,Fast Running Stable Valid
176B5F593C12AE9556A5D996FC9B35A560CAE057,Quetzalcoatl,1,AS141995,silent,2026-10-05 10:02:58,db,B,2026-10-05 10:02:58,2026-10-05 10:02:38,0,0,0,0,,0,1,False,2026-10-05 13:00:00,2026-10-05 10:02:38,Running Valid
189C44DD06312D6DF8FB57A944E6819FF245740C,Quetzalcoatl,1,AS53667,silent,2026-10-05 09:22:03,db,B,2026-10-05 09:22:03,2026-10-05 09:21:56,0,0,0,0,,0,1,False,2026-10-05 12:00:00,2026-10-05 09:21:56,Fast Running Stable Valid
1A243DA6F639A9C99B4391158E0E14E89C29754C,Quetzalcoatl,1,AS36352,silent,2026-10-05 08:59:18,db,B,2026-10-05 08:59:18,2026-10-05 08:59:11,0,0,0,0,,0,1,False,2026-10-05 13:00:00,2026-10-05 08:59:11,Fast Running Stable Valid
1A9C9712ACBBDD83243F62FCE16BD892E2658DCD,Quetzalcoatl,1,AS141995,silent,2026-10-05 10:06:55,db,B,2026-10-05 10:06:55,2026-10-05 10:06:50,0,0,0,0,,0,1,False,2026-10-05 13:00:00,2026-10-05 10:06:50,Fast Running Valid
1B3844DC05A669DF8B8884F43834090F2AA151C7,Quetzalcoatl,1,AS51167,silent,2026-10-05 10:41:20,db,B,2026-10-05 10:41:20,2026-10-05 10:39:50,0,0,0,0,,0,1,False,2026-10-05 13:00:00,2026-10-05 10:39:50,Fast Running Stable Valid
1B6BCBCDB384364B6FB4F3576CA70AECFC083641,Quetzalcoatl,1,AS53667,silent,2026-10-05 09:32:12,db,B,2026-10-05 09:32:12,2026-10-05 09:32:05,0,0,0,0,,0,1,False,2026-10-05 11:00:00,2026-10-05 09:32:05,BadExit Fast MiddleOnly Running Stable Valid
1D9FE06D792BB0FE3B92BC22FE37C28CECD8BF54,dn3a,0,AS399646,silent,2026-10-04 05:16:57,db,B,2026-10-04 05:16:57,2026-10-03 10:40:44,0,0,0,0,,1,1,False,2026-10-04 11:00:00,2026-10-03 10:40:44,Exit Running V2Dir Valid
2022BCB37453DC168E6CB7B4DAD119AC072F2DEE,Unnamed,0,AS53667,silent,2026-10-05 14:12:35,db,other,2026-10-05 14:12:35,2026-10-05 06:24:33,0,0,0,0,,1,1,False,2026-10-05 13:00:00,2026-10-05 06:24:33,Fast Running V2Dir Valid
20F675EA34D7D8EA57D568858DEC030882455595,Quetzalcoatl,1,AS36352,silent,2026-10-05 10:06:56,db,B,2026-10-05 10:06:56,2026-10-05 10:06:46,0,0,0,0,,1,1,False,2026-10-04 19:00:00,2026-10-05 10:06:46,Exit Fast Guard Running Stable V2Dir Valid
217A95E04AB1C63622E61DC74B64902B3669D62B,Quetzalcoatl,1,AS36352,silent,2026-10-05 09:11:02,db,B,2026-10-05 09:11:02,2026-10-05 09:10:52,0,0,0,0,,0,1,False,2026-10-05 13:00:00,2026-10-05 09:10:52,Fast Running Valid
2226A78EA60C8F35C186E120EAC0FC40DDCAF4C8,Quetzalcoatl,1,AS36352,silent,2026-10-05 10:05:41,db,B,2026-10-05 10:05:41,2026-10-05 10:05:33,0,0,0,0,,0,1,False,2026-10-05 13:00:00,2026-10-05 10:05:33,Fast Running Valid
2325905203E9CFB5206D6811315EB5ED57AF97BD,devvulNY,0,AS53667,publishing,2026-10-08 20:44:05,2026-10-08-22-44-16-server-descriptors,B,2026-10-08 20:44:05,2026-10-03 10:40:42,3,3,2,1,dannenberg dizum tor26,0,1,False,2026-10-05 16:00:00,2026-10-03 10:40:42,Running Valid
25675F4453727066B1FF692DCEF81F820F3D6524,Quetzalcoatl,1,AS36352,silent,2026-10-05 09:11:30,db,B,2026-10-05 09:11:30,2026-10-05 09:11:21,0,0,0,0,,0,1,False,2026-10-05 13:00:00,2026-10-05 09:11:21,Fast Running Valid
26F899F756476B4CE839624ADA4C11AEAB957E5E,Quetzalcoatl,1,AS51167,silent,2026-10-05 10:29:48,db,B,2026-10-05 10:29:48,2026-10-05 10:29:35,0,0,0,0,,0,1,False,2026-10-05 13:00:00,2026-10-05 10:29:35,Fast Running Stable Valid
278B1EC00C3FEFFD44D582CC86DA71A24F451385,Quetzalcoatl,1,AS51167,silent,2026-10-05 10:27:50,db,B,2026-10-05 10:27:50,2026-10-05 10:27:40,0,0,0,0,,0,1,False,2026-10-05 13:00:00,2026-10-05 10:27:40,Fast Running Valid
27FAE99C0DBA8CD9DBFE42D2D2464B4C68EEB00D,Quetzalcoatl,1,AS53667,silent,2026-10-05 09:13:16,db,B,2026-10-05 09:13:16,2026-10-05 09:13:10,0,0,0,0,,0,1,False,2026-10-05 12:00:00,2026-10-05 09:13:10,Fast Running Stable Valid
2858C4BF05D57D7FEBEE28DEA82BAC374222F858,privatebrowsingorg,0,AS53667,publishing,2026-10-08 21:19:20,2026-10-08-22-44-16-server-descriptors,B,2026-10-08 21:19:20,2026-10-06 01:16:00,3,3,3,0,dannenberg dizum tor26,1,1,False,2026-10-02 19:00:00,2026-10-06 01:16:00,Exit Fast Running Stable V2Dir Valid
28F47B287BBCF0F9E36DF43C45FA3B62563CFCD9,Quetzalcoatl,1,AS36352,silent,2026-10-05 10:26:18,db,B,2026-10-05 10:26:18,2026-10-05 10:26:12,0,0,0,0,,0,1,False,2026-10-04 19:00:00,2026-10-05 10:26:12,Exit Fast Running Stable V2Dir Valid
292FCACE773DC259B799914A23BE65A6A6178E8F,chp175,0,AS53667,publishing,2026-10-08 22:30:30,2026-10-08-22-44-16-server-descriptors,other,2026-10-08 22:30:30,2026-10-06 16:11:10,3,3,2,1,dannenberg dizum tor26,0,1,False,2026-10-05 16:00:00,2026-10-06 16:11:10,Fast Running Valid
29FEFE36A5F66A6C93D24775B9D2364A3831B597,Quetzalcoatl,1,AS53667,silent,2026-10-05 09:12:26,db,B,2026-10-05 09:12:26,2026-10-05 09:12:22,0,0,0,0,,0,1,False,2026-10-05 12:00:00,2026-10-05 09:12:22,Fast Running Valid
2B3AAC97B269D59E6D642C8BFB174EDD13741C38,Aramis,0,AS53667,silent,2026-10-04 15:31:38,db,B,2026-10-04 15:31:38,2026-10-01 15:42:54,0,0,0,0,,0,1,False,2026-10-04 23:00:00,2026-10-01 15:42:54,BadExit Fast MiddleOnly Running Stable Valid
2B4D5AA9997D4DDFF02BC52E173CF0C8FFFD1B9C,JustExiting,0,AS53667,publishing,2026-10-08 21:36:56,2026-10-08-22-44-16-server-descriptors,A,2026-10-08 21:36:56,2026-10-07 18:20:50,3,3,2,1,dannenberg dizum tor26,0,1,False,2026-10-05 16:00:00,2026-10-07 18:20:50,Fast Running Stable Valid
2C1993050B32D827EC6FD124DB07546B78E31AFF,Quetzalcoatl,1,AS197540,silent,2026-10-05 10:19:57,db,B,2026-10-05 10:19:57,2026-10-05 10:19:51,0,0,0,0,,0,1,False,2026-10-05 12:00:00,2026-10-05 10:19:51,Fast Running Valid
2C4B49130DD5994447A6ABBCC5BC3259E2B75AB9,Polyphemus14,0,AS53667,silent,2026-10-04 13:04:29,db,A,2026-10-04 13:04:29,2026-09-29 14:15:49,0,0,0,0,,0,1,False,2026-10-04 23:00:00,2026-09-29 14:15:49,BadExit Exit Fast Running Stable V2Dir Valid
2C7FBE61AA7F3C60691155E60030B031BFCC5FE3,Quetzalcoatl,1,AS197540,silent,2026-10-05 09:38:48,db,B,2026-10-05 09:38:48,2026-10-05 09:38:39,0,0,0,0,,0,1,False,2026-10-05 12:00:00,2026-10-05 09:38:39,Fast Running Valid
2C91D3E05A1FC5CBC720755E4836C08B5C6E04E0,Quetzalcoatl,1,AS53667,silent,2026-10-05 09:23:09,db,B,2026-10-05 09:23:09,2026-10-05 09:22:57,0,0,0,0,,0,1,False,2026-10-05 11:00:00,2026-10-05 09:22:57,BadExit Fast MiddleOnly Running Stable Valid
2E821477E6CB66014DF2385F7C48BE56E7884F1F,Quetzalcoatl,1,AS141995,silent,2026-10-05 10:04:34,db,B,2026-10-05 10:04:34,2026-10-05 10:04:30,0,0,0,0,,0,1,False,2026-10-05 13:00:00,2026-10-05 10:04:30,Running Valid
2EB00D214F75412DD78BDB22713CB50CEC988AC2,Quetzalcoatl,1,AS141995,silent,2026-10-05 10:22:33,db,B,2026-10-05 10:22:33,2026-10-05 10:22:27,0,0,0,0,,0,1,False,2026-10-05 13:00:00,2026-10-05 10:22:27,Fast Running Valid
2EB89757F1D8228784335232E2CE2989D220E590,Quetzalcoatl,1,AS36352,silent,2026-10-05 09:50:45,db,B,2026-10-05 09:50:45,2026-10-05 09:50:09,0,0,0,0,,0,1,False,2026-10-05 13:00:00,2026-10-05 09:50:09,Fast Running Stable Valid
2EC5EE348BD8D9D2E518B2CAEA9C671E2D5F77A6,Quetzalcoatl,1,AS197540,silent,2026-10-05 10:22:27,db,B,2026-10-05 10:22:27,2026-10-05 10:22:22,0,0,0,0,,1,1,False,2026-10-04 18:00:00,2026-10-05 10:22:22,Exit Fast Guard Running Stable V2Dir Valid
2F33742AEFB73B71E48F302A5C2549006E79CD0B,Quetzalcoatl,1,AS40021,silent,2026-10-05 09:48:29,db,B,2026-10-05 09:48:29,2026-10-05 09:47:56,0,0,0,0,,0,1,False,2026-10-04 19:00:00,2026-10-05 09:47:56,Exit Fast Running Stable V2Dir Valid
30C472441D910A8BCDA571F2637C80119E76D082,Quetzalcoatl,1,AS36352,silent,2026-10-04 01:12:51,db,B,2026-10-04 01:12:51,2026-10-04 01:12:49,0,0,0,0,,0,1,False,2026-10-04 19:00:00,2026-10-04 01:12:49,Exit Fast Guard Running Stable V2Dir Valid
30CA715FDFB4959E859134F76A53C370E72FDD06,Quetzalcoatl,1,AS36352,silent,2026-10-05 09:54:52,db,B,2026-10-05 09:54:52,2026-10-05 09:54:43,0,0,0,0,,0,1,False,2026-10-05 13:00:00,2026-10-05 09:54:43,Fast Running Valid
3180E55D10F293EB966ED69A5FC882666B08A88D,Quetzalcoatl,1,AS141995,silent,2026-10-05 09:59:04,db,B,2026-10-05 09:59:04,2026-10-05 09:58:47,0,0,0,0,,0,1,False,2026-10-05 13:00:00,2026-10-05 09:58:47,Running Valid
31E7A39BAE450C51D46EA74E3CABA715CC5EAB2F,Quetzalcoatl,1,AS51167,silent,2026-10-05 09:51:16,db,B,2026-10-05 09:51:16,2026-10-05 09:50:55,0,0,0,0,,0,1,False,2026-10-05 13:00:00,2026-10-05 09:50:55,Fast Running Valid
322967A70161145738F6CEB4F5165FDADF9EB27C,4715,0,AS53667,silent,2026-10-04 10:38:02,db,B,2026-10-04 10:38:02,2026-10-04 10:37:59,0,0,0,0,,0,1,False,2026-10-04 22:00:00,2026-10-04 10:37:59,BadExit Fast MiddleOnly Running Stable Valid
335311C60DCB38A1371588A7F124DF0D2DC2F459,Quetzalcoatl,1,AS53667,silent,2026-10-05 09:11:49,db,B,2026-10-05 09:11:49,2026-10-05 09:11:40,0,0,0,0,,0,1,False,2026-10-05 11:00:00,2026-10-05 09:11:40,BadExit Fast MiddleOnly Running Stable Valid
33D4562D8E90D8796BB95ED1AFDD0E4925A69566,Quetzalcoatl,1,AS36352,silent,2026-10-05 10:06:27,db,B,2026-10-05 10:06:27,2026-10-05 10:06:22,0,0,0,0,,0,1,False,2026-10-05 12:00:00,2026-10-05 10:06:22,Fast Running Valid
359068C031765892420A672F28D506C41341AA73,Quetzalcoatl,1,AS36352,silent,2026-10-04 01:12:53,db,B,2026-10-04 01:12:53,2026-10-04 01:12:50,0,0,0,0,,0,1,False,2026-10-04 19:00:00,2026-10-04 01:12:50,Exit Fast Guard Running Stable V2Dir Valid
3863FD538658F6671631E78CEBB2693FB42DFA7D,Quetzalcoatl,1,AS197540,silent,2026-10-05 10:01:42,db,B,2026-10-05 10:01:42,2026-10-05 10:01:38,0,0,0,0,,0,1,False,2026-10-05 12:00:00,2026-10-05 10:01:38,Fast Running Stable Valid
386CF08197DAD89418025300E7893C6D0F7BEB08,Quetzalcoatl,1,AS36352,silent,2026-10-05 09:56:50,db,B,2026-10-05 09:56:50,2026-10-05 09:56:36,0,0,0,0,,0,1,False,2026-10-05 13:00:00,2026-10-05 09:56:36,Fast Running Stable Valid
392BEFDCB026A568E077786E79FDE589A9C0E451,Quetzalcoatl,1,AS36352,silent,2026-10-05 09:47:16,db,B,2026-10-05 09:47:16,2026-10-05 09:47:08,0,0,0,0,,0,1,False,2026-10-05 12:00:00,2026-10-05 09:47:08,Fast Running Valid
393C3DB2EF81C469CC80A982CC31570423829099,Quetzalcoatl,1,AS36352,silent,2026-10-05 09:55:26,db,B,2026-10-05 09:55:26,2026-10-05 09:55:21,0,0,0,0,,0,1,False,2026-10-05 13:00:00,2026-10-05 09:55:21,Fast Running Stable Valid
39C819EC299FD555DD57FFF64B2EC15F305E3990,Quetzalcoatl,1,AS51167,silent,2026-10-05 10:31:28,db,B,2026-10-05 10:31:28,2026-10-05 10:30:54,0,0,0,0,,0,1,False,2026-10-05 13:00:00,2026-10-05 10:30:54,Fast Running Valid
39CE03A66016B0D69BC6C2A1F362C628436FEF7B,Quetzalcoatl,1,AS197540,silent,2026-10-05 10:20:38,db,B,2026-10-05 10:20:38,2026-10-05 10:20:32,0,0,0,0,,0,1,False,2026-10-05 12:00:00,2026-10-05 10:20:32,Fast Running Valid
3A78F9C8C874866F430D31188F7C98322AF2E9AC,devvulMI,0,AS53667,publishing,2026-10-08 20:47:43,2026-10-08-22-44-16-server-descriptors,B,2026-10-08 20:47:43,2026-10-03 10:40:43,3,3,2,1,dannenberg dizum tor26,0,1,False,2026-10-05 16:00:00,2026-10-03 10:40:43,Running Valid
3AD0E099EA0F64B6202BEE3B737A9FE5D554A3CC,Quetzalcoatl,1,AS197540,silent,2026-10-05 09:40:29,db,B,2026-10-05 09:40:29,2026-10-05 09:40:19,0,0,0,0,,0,1,False,2026-10-05 12:00:00,2026-10-05 09:40:19,Fast Running Valid
3B49A31F1DD5D929133AF10B0B33BB7AE42B53E7,sullyhelpstor,0,AS53667,publishing,2026-10-08 21:47:07,vote,B,2026-10-08 15:43:07,2026-07-14 18:14:06,2,2,2,0,dizum tor26,1,1,False,2026-10-04 20:00:00,2026-07-14 18:14:06,Exit Fast Running V2Dir Valid
3B85067588C3F017D5CCF7D8F65B5881B7D4C97C,Alberta,0,AS53667,publishing,2026-10-08 20:42:34,2026-10-08-22-44-16-server-descriptors,B,2026-10-08 20:42:34,2026-10-05 13:20:25,3,3,2,1,dannenberg dizum tor26,0,1,False,2026-10-05 16:00:00,2026-10-05 13:20:25,Fast Running Stable Valid
3B953203AF332D8FE1452E1CE7CB50A3B5297DB2,paranoidtorrelay,0,AS53667,publishing,2026-10-08 20:12:06,2026-10-08-19-31-18-server-descriptors,other,2026-10-08 20:12:06,2026-10-04 22:25:55,3,3,0,1,dannenberg dizum tor26,0,1,False,2026-10-05 16:00:00,2026-10-04 22:25:55,Fast Running Stable Valid
3D01CE600B2DC5C719684800E8C6990FE4CB8F9A,txn1copeland,0,AS53667,publishing,2026-10-08 20:26:33,2026-10-08-22-44-16-server-descriptors,A,2026-10-08 20:26:33,2026-10-04 22:42:22,3,3,2,1,dannenberg dizum tor26,0,1,False,2026-10-05 16:00:00,2026-10-04 22:42:22,Fast Running Stable Valid
3E36E355C3E0661BD9E72C24C3B5ACEF3568A31C,Quetzalcoatl,1,AS36352,silent,2026-10-05 10:24:54,db,B,2026-10-05 10:24:54,2026-10-05 10:24:52,0,0,0,0,,0,1,False,2026-10-04 19:00:00,2026-10-05 10:24:52,Exit Fast Running Stable V2Dir Valid
3EE11C45FDE23CC46E3C7BC8AFCACB8395B37411,Quetzalcoatl,1,AS197540,silent,2026-10-05 10:02:30,db,B,2026-10-05 10:02:30,2026-10-05 10:02:14,0,0,0,0,,0,1,False,2026-10-05 12:00:00,2026-10-05 10:02:14,Fast Running Stable Valid
3F3221D3D677011BEDC80367D86B379E6B016520,Quetzalcoatl,1,AS51167,silent,2026-10-05 09:53:38,db,B,2026-10-05 09:53:38,2026-10-05 09:52:30,0,0,0,0,,0,1,False,2026-10-05 13:00:00,2026-10-05 09:52:30,Fast Running Valid
3F6E66FDA54B0CED35F01A16AF5D034DDDD8D48C,Quetzalcoatl,1,AS36352,silent,2026-10-05 10:09:38,db,B,2026-10-05 10:09:38,2026-10-05 10:09:12,0,0,0,0,,0,1,False,2026-10-05 12:00:00,2026-10-05 10:09:12,Fast Running Stable Valid
3FB8F915A5DC5CB8AFEE27C45C99B984309263B0,Quetzalcoatl,1,AS40021,silent,2026-10-05 09:45:40,db,B,2026-10-05 09:45:40,2026-10-05 09:44:52,0,0,0,0,,0,1,False,2026-10-04 19:00:00,2026-10-05 09:44:52,Exit Fast Running Stable V2Dir Valid
4134DA299E17ED8F6F5AC6642EF1054BC3C133D3,Unnamed,0,AS53667,publishing,2026-10-08 21:19:03,2026-10-08-22-44-16-server-descriptors,other,2026-10-08 21:19:03,2026-10-08 09:12:00,3,3,0,1,dannenberg dizum tor26,0,1,False,2026-10-05 16:00:00,2026-10-08 09:12:00,Fast Running Valid
41C106EAEB0B968C5E68927596500DC99B840367,Polyphemus4,0,AS53667,silent,2026-10-04 15:37:34,db,A,2026-10-04 15:37:34,2026-09-29 14:15:53,0,0,0,0,,0,1,False,2026-10-05 15:00:00,2026-09-29 14:15:53,Fast Running StaleDesc Valid
42708A12892506EBCD881BCB3648E78D93DC2781,Quetzalcoatl,1,AS211619,silent,2026-10-05 10:02:53,db,B,2026-10-05 10:02:53,2026-10-05 10:02:46,0,0,0,0,,0,1,False,2026-10-05 13:00:00,2026-10-05 10:02:46,Fast Running Stable Valid
42915A6328B412B0817DA9C946847BE2D4F1A61C,Quetzalcoatl,1,AS36352,silent,2026-10-05 10:26:54,db,B,2026-10-05 10:26:54,2026-10-05 10:26:49,0,0,0,0,,0,1,False,2026-10-04 19:00:00,2026-10-05 10:26:49,Exit Fast Running Stable V2Dir Valid
43423DEBCA258F2031EEF3D8AC1C232824414AC5,Quetzalcoatl,1,AS36352,silent,2026-10-05 10:07:57,db,B,2026-10-05 10:07:57,2026-10-05 10:07:49,0,0,0,0,,0,1,False,2026-10-05 13:00:00,2026-10-05 10:07:49,Fast Running Stable Valid
4393B1E33C2E3ECEDDEB8C1DCC7DBA9E83046780,Quetzalcoatl,1,AS141995,silent,2026-10-05 10:02:50,db,B,2026-10-05 10:02:50,2026-10-05 10:02:46,0,0,0,0,,0,1,False,2026-10-05 13:00:00,2026-10-05 10:02:46,Running Valid
43EDB2155B2418CDB260385886E8583BC78973ED,umjallah,0,AS53667,silent,2026-10-05 21:01:05,db,other,2026-10-05 21:01:05,2026-10-05 21:01:02,0,0,0,0,,1,1,False,2026-10-05 15:00:00,2026-10-05 21:01:02,Exit Fast Guard Running Stable V2Dir Valid
43EF5141A4417D0BF1B0AB2AD2C3D74C22355D0A,Quetzalcoatl,1,AS53667,silent,2026-10-05 09:26:36,db,B,2026-10-05 09:26:36,2026-10-05 09:26:30,0,0,0,0,,0,1,False,2026-10-05 12:00:00,2026-10-05 09:26:30,Fast Running Stable Valid
46BFF98FBD77441B28A345DFCF0F11F70EB4A4B9,Quetzalcoatl,1,AS36352,silent,2026-10-05 09:12:26,db,B,2026-10-05 09:12:26,2026-10-05 09:12:20,0,0,0,0,,0,1,False,2026-10-05 13:00:00,2026-10-05 09:12:20,Fast Running Valid
470CA25DBABD7184461D8E3E451BF1B0AC46302A,Quetzalcoatl,1,AS211619,silent,2026-10-05 09:59:28,db,B,2026-10-05 09:59:28,2026-10-05 09:59:17,0,0,0,0,,0,1,False,2026-10-05 13:00:00,2026-10-05 09:59:17,Fast Running Stable Valid
4746E2B86718D5391CCF18C258460C321945DBD8,anarchy99,0,AS53667,silent,2026-10-05 18:33:29,db,other,2026-10-05 18:33:29,2026-10-03 10:46:07,0,0,0,0,,1,1,False,2026-10-04 20:00:00,2026-10-03 10:46:07,Exit Fast Guard Running Stable V2Dir Valid
477E2B8AE380BD24C7EE5D9FF5AC98D8E0249368,Quetzalcoatl,1,AS53667,silent,2026-10-05 09:22:26,db,B,2026-10-05 09:22:26,2026-10-05 09:22:21,0,0,0,0,,0,1,False,2026-10-05 12:00:00,2026-10-05 09:22:21,Fast Running Stable Valid
478CFE1BB18404EEC575C024F900279D11314197,Quetzalcoatl,1,AS51167,silent,2026-10-05 09:54:08,db,B,2026-10-05 09:54:08,2026-10-05 09:54:02,0,0,0,0,,1,1,False,2026-10-04 19:00:00,2026-10-05 09:54:02,Exit Fast Running V2Dir Valid
479EBF04B780153018940B5CAB669D4B6A9360A4,Quetzalcoatl,1,AS36352,silent,2026-10-05 10:09:40,db,B,2026-10-05 10:09:40,2026-10-05 10:09:29,0,0,0,0,,0,1,False,2026-10-05 13:00:00,2026-10-05 10:09:29,Fast Running Stable Valid
482577AD9F24AA46D6CB2D2A5D08AB5F8313855E,Quetzalcoatl,1,AS36352,silent,2026-10-05 10:27:49,db,B,2026-10-05 10:27:49,2026-10-05 10:27:47,0,0,0,0,,0,1,False,2026-10-04 19:00:00,2026-10-05 10:27:47,Exit Fast Running Stable V2Dir Valid
486DB6DFB176C7DF3DF90333896BB4753FBDD42A,devvulNY,0,AS53667,silent,2026-10-03 10:28:33,db,B,2026-10-03 10:28:33,2026-10-03 10:27:31,0,0,0,0,,1,1,False,2026-10-03 11:00:00,2026-10-03 10:27:31,Exit Fast Running Stable V2Dir Valid
48A7E3A169F86E45A00284E1303793AFFA61F1EA,Quetzalcoatl,1,AS197540,silent,2026-10-05 10:00:53,db,B,2026-10-05 10:00:53,2026-10-05 10:00:44,0,0,0,0,,0,1,False,2026-10-05 12:00:00,2026-10-05 10:00:44,Fast Running Stable Valid
4954B51AF0CBADA08E4BC389DF1E3E419535165A,andr788k,0,AS53667,publishing,2026-10-08 21:58:15,vote,B,2026-10-08 15:54:15,2026-09-21 18:08:04,2,2,2,0,dizum tor26,1,1,False,2026-10-04 20:00:00,2026-09-21 18:08:04,Exit Running Stable V2Dir Valid
495FE3F4B9B661DC7A2E1145297FD730BF89FB45,Quetzalcoatl,1,AS211619,silent,2026-10-05 10:00:25,db,B,2026-10-05 10:00:25,2026-10-05 10:00:15,0,0,0,0,,0,1,False,2026-10-05 13:00:00,2026-10-05 10:00:15,Fast Running Stable Valid
4BDF25CD6E8482C0E835F6A70918540F4FC4CF22,Quetzalcoatl,1,AS36352,silent,2026-10-05 10:07:42,db,B,2026-10-05 10:07:42,2026-10-05 10:07:34,0,0,0,0,,0,1,False,2026-10-05 13:00:00,2026-10-05 10:07:34,Fast Running Stable Valid
4CE608B11DDA3665DA51A94532FEE82B9C2EC359,Quetzalcoatl,1,AS36352,silent,2026-10-04 01:12:52,db,B,2026-10-04 01:12:52,2026-10-04 01:12:49,0,0,0,0,,0,1,False,2026-10-04 19:00:00,2026-10-04 01:12:49,Exit Fast Running Stable V2Dir Valid
4D4B2695D6D02DFDCDE390ED5DF4A6798924CBBB,Polyphemus8,0,AS53667,silent,2026-10-04 13:20:24,db,A,2026-10-04 13:20:24,2026-09-29 14:15:52,0,0,0,0,,0,1,False,2026-10-05 13:00:00,2026-09-29 14:15:52,Fast Running Stable StaleDesc Valid
4DFEB2617AD440A41EB25125358FD88EB209FACE,Quetzalcoatl,1,AS141995,silent,2026-10-05 10:05:26,db,B,2026-10-05 10:05:26,2026-10-05 10:05:19,0,0,0,0,,0,1,False,2026-10-05 13:00:00,2026-10-05 10:05:19,Fast Running Valid
4EFF3D0C9DE539CF1E27BFC5B3E23BC7CB2D41A9,Quetzalcoatl,1,AS53667,silent,2026-10-05 09:31:28,db,B,2026-10-05 09:31:28,2026-10-05 09:31:19,0,0,0,0,,0,1,False,2026-10-05 12:00:00,2026-10-05 09:31:19,Fast Running Valid
4F22535B5DE366B08C2F6FD55B0B06F1EF406048,Quetzalcoatl,1,AS53667,silent,2026-10-05 09:27:46,db,B,2026-10-05 09:27:46,2026-10-05 09:27:41,0,0,0,0,,0,1,False,2026-10-05 12:00:00,2026-10-05 09:27:41,Fast Running Stable Valid
4F72DEF09B015E9B6F210597083D95D8A3BC38AD,TorDola1,0,AS211720,publishing,2026-10-08 22:31:43,2026-10-08-22-44-16-server-descriptors,other,2026-10-08 22:31:43,2026-10-08 19:30:41,3,3,3,0,dannenberg dizum tor26,1,1,False,2026-10-05 15:00:00,2026-10-08 19:30:41,Exit Fast Running V2Dir Valid
4F9EFCF7689084E4C8EE993E123E32B75368804C,Aramis,0,AS53667,silent,2026-10-04 18:10:34,db,B,2026-10-04 18:10:34,2026-10-04 18:10:31,0,0,0,0,,0,1,False,2026-10-04 23:00:00,2026-10-04 18:10:31,BadExit Fast MiddleOnly Running Stable Valid
4FA215D784E1B23D7EBEC9838D5E14906C1206FC,Quetzalcoatl,1,AS141995,silent,2026-10-05 09:58:37,db,B,2026-10-05 09:58:37,2026-10-05 09:58:15,0,0,0,0,,0,1,False,2026-10-05 13:00:00,2026-10-05 09:58:15,Fast Running Valid
506B473E673E38EA9FECB7A5A73DD1E1FC37B555,Quetzalcoatl,1,AS36352,silent,2026-10-05 09:12:00,db,B,2026-10-05 09:12:00,2026-10-05 09:11:52,0,0,0,0,,0,1,False,2026-10-05 13:00:00,2026-10-05 09:11:52,Fast Running Stable Valid
51E6168566E9A3009905C290E2EA9C7F69459666,sh97US104R,0,AS400304,silent,2026-10-06 09:34:52,vote,B,2026-10-06 06:32:52,2026-10-03 10:40:34,0,0,0,0,,1,1,False,2026-10-04 20:00:00,2026-10-03 10:40:34,Exit Running Valid
526AD50C9DE6AF533DEBE8F9BBDF149BC1F5AB6E,Quetzalcoatl,1,AS53667,silent,2026-10-05 09:26:05,db,B,2026-10-05 09:26:05,2026-10-05 09:26:00,0,0,0,0,,0,1,False,2026-10-05 12:00:00,2026-10-05 09:26:00,Fast Running Stable Valid
535FA216CFC892CB329CF9A43011D48A8799CAFF,Quetzalcoatl,1,AS36352,silent,2026-10-05 10:09:27,db,B,2026-10-05 10:09:27,2026-10-05 10:08:10,0,0,0,0,,0,1,False,2026-10-05 12:00:00,2026-10-05 10:08:10,Fast Running Stable Valid
54687D59F8C8D90056CA94849970B362DA385DAD,Quetzalcoatl,1,AS36352,silent,2026-10-05 10:27:03,db,B,2026-10-05 10:27:03,2026-10-05 10:26:56,0,0,0,0,,0,1,False,2026-10-04 19:00:00,2026-10-05 10:26:56,Exit Fast Running Stable V2Dir Valid
54955A17DDCEBD1BC64A3C4092774EA7FC682CC4,MyTorGuardRelay1,0,AS200019,publishing,2026-10-08 20:46:32,2026-10-08-22-44-16-server-descriptors,other,2026-10-08 20:46:32,2026-10-04 22:34:38,3,3,0,1,dannenberg dizum tor26,0,1,False,2026-10-05 16:00:00,2026-10-04 22:34:38,Fast Running Stable Valid
552C2E2AFDD1B740A38CA9768C51EC011B2AF701,Quetzalcoatl,1,AS36352,publishing,2026-10-08 11:23:12,2026-10-08-13-29-10-server-descriptors,B,2026-10-08 11:23:12,2026-10-08 11:20:46,3,0,2,1,dannenberg dizum tor26,0,1,False,2026-10-05 01:00:00,2026-10-08 11:20:46,BadExit Fast MiddleOnly Running Stable Valid
555A6B7CB3D8ECA376B4CB6701596A7B211E21D3,Quetzalcoatl,1,AS211619,silent,2026-10-05 10:03:59,db,B,2026-10-05 10:03:59,2026-10-05 10:03:56,0,0,0,0,,0,1,False,2026-10-05 13:00:00,2026-10-05 10:03:56,Fast Running Stable Valid
55B9BFAA508020108BC15A1678C34C28361FC12D,Polyphemus15,0,AS53667,silent,2026-10-04 13:13:26,db,A,2026-10-04 13:13:26,2026-09-29 14:15:51,0,0,0,0,,0,1,False,2026-10-04 22:00:00,2026-09-29 14:15:51,BadExit Exit Fast Running V2Dir Valid
55FFC2C4D01ACEAFE24C4089A615F91B616B865E,Polyphemus12,0,AS53667,silent,2026-10-04 15:37:27,db,A,2026-10-04 15:37:27,2026-09-29 14:15:50,0,0,0,0,,0,1,False,2026-10-05 15:00:00,2026-09-29 14:15:50,Fast Running Stable StaleDesc Valid
5603B5C58114835F2F35FBA5939EE2F25781779C,TerrorismNetwork,0,AS53667,publishing,2026-10-08 20:13:16,2026-10-08-19-31-18-server-descriptors,other,2026-10-08 20:13:16,2026-10-04 22:26:09,3,3,0,1,dannenberg dizum tor26,0,1,False,2026-10-05 16:00:00,2026-10-04 22:26:09,Fast Running Stable Valid
563B97FC5CE210847B60ED8889405C37DEC3F7B9,Quetzalcoatl,1,AS36352,silent,2026-10-05 10:28:02,db,B,2026-10-05 10:28:02,2026-10-05 10:27:27,0,0,0,0,,0,1,False,2026-10-04 20:00:00,2026-10-05 10:27:27,Exit Fast Running Stable V2Dir Valid
56D878C942CD38F5287079974950668B18ECC4CD,Quetzalcoatl,1,AS197540,silent,2026-10-05 10:22:01,db,B,2026-10-05 10:22:01,2026-10-05 10:21:58,0,0,0,0,,0,1,False,2026-10-05 12:00:00,2026-10-05 10:21:58,Fast Running Valid
56E9E80B813A69AA6B72E4B464A7154142EC45F6,greekyoga,0,AS53667,silent,2026-10-05 18:36:19,db,other,2026-10-05 18:36:19,2026-10-04 04:57:07,0,0,0,0,,1,1,False,2026-10-04 20:00:00,2026-10-04 04:57:07,Exit Fast Guard Running Stable V2Dir Valid
576F007259BD46A52083046E3F747C73E4847C48,devvulMI,0,AS53667,silent,2026-10-03 10:27:36,db,B,2026-10-03 10:27:36,2026-10-03 10:27:34,0,0,0,0,,1,1,False,2026-10-03 11:00:00,2026-10-03 10:27:34,Exit Fast Guard Running Stable V2Dir Valid
578BECE4D8D805AE88B60B97A19369C2D21635A5,Quetzalcoatl,1,AS36352,silent,2026-10-05 10:26:25,db,B,2026-10-05 10:26:25,2026-10-05 10:26:19,0,0,0,0,,0,1,False,2026-10-04 19:00:00,2026-10-05 10:26:19,Exit Fast Running Stable V2Dir Valid
5806A7CEFE8BFB4C54029FEE7957205AB651160E,azadisrvs2,0,AS53667,silent,2026-10-03 10:26:02,db,B,2026-10-03 10:26:02,2026-10-03 10:26:00,0,0,0,0,,1,1,False,2026-10-03 11:00:00,2026-10-03 10:26:00,Exit Fast Running Stable V2Dir Valid
58698C5E518D428DCA4D9780AD8379BB63B57B42,CarabineroDeChile,0,AS53667,publishing,2026-10-08 20:16:44,2026-10-08-22-44-16-server-descriptors,A,2026-10-08 20:16:44,2026-10-04 22:33:33,3,3,2,1,dannenberg dizum tor26,0,1,False,2026-10-05 16:00:00,2026-10-04 22:33:33,Fast Running Stable Valid
5957F8B3503BB566D36F8B9A20280FD990E4C298,2mpe4,0,AS53667,publishing,2026-10-08 03:24:13,2026-10-08-03-48-46-server-descriptors,B,2026-10-08 03:24:13,2026-10-08 03:24:04,2,0,2,0,dizum tor26,1,1,False,2026-10-04 20:00:00,2026-10-08 03:24:04,Exit Fast Guard Running Stable V2Dir Valid
5B66B1C3023DFC4D579F7196D6D1663CA93BEC99,Polyphemus9,0,AS53667,silent,2026-10-04 15:37:30,db,A,2026-10-04 15:37:30,2026-09-29 14:15:53,0,0,0,0,,0,1,False,2026-10-05 15:00:00,2026-09-29 14:15:53,Fast Running Stable StaleDesc Valid
5BDD0633E0AC09763E49641DCD1BA3AB3A21AA83,Quetzalcoatl,1,AS197540,silent,2026-10-05 09:36:28,db,B,2026-10-05 09:36:28,2026-10-05 09:36:24,0,0,0,0,,0,1,False,2026-10-05 12:00:00,2026-10-05 09:36:24,Fast Running Valid
5E40E552910A561C92FEAA0427F3AF07296CE9E0,Quetzalcoatl,1,AS36352,silent,2026-10-05 09:23:40,db,B,2026-10-05 09:23:40,2026-10-05 09:23:31,0,0,0,0,,0,1,False,2026-10-05 13:00:00,2026-10-05 09:23:31,Fast Running Stable Valid
5E74214EBD03CA4CDAB31CBFBEE70B83E5BB8202,Quetzalcoatl,1,AS141995,silent,2026-10-05 09:59:36,db,B,2026-10-05 09:59:36,2026-10-05 09:59:22,0,0,0,0,,0,1,False,2026-10-05 13:00:00,2026-10-05 09:59:22,Running Valid
5F46DDAAFCCBC9EF7503365608EF1C6A49DC5250,Quetzalcoatl,1,AS36352,silent,2026-10-05 09:47:43,db,B,2026-10-05 09:47:43,2026-10-05 09:47:37,0,0,0,0,,0,1,False,2026-10-05 13:00:00,2026-10-05 09:47:37,Fast Running Stable Valid
5F6FBB9B007F7E5F6E73BCD2012437815E23139F,ZEYS,0,AS27176,silent,2026-10-06 10:40:07,db,other,2026-10-06 10:40:07,2026-10-06 10:40:02,0,0,0,0,,0,1,False,2026-10-05 16:00:00,2026-10-06 10:40:02,Fast Running Stable Valid
5F8ACD9D6624450926AB0BEDB7DDE9AE43B0D04C,Quetzalcoatl,1,AS36352,silent,2026-10-05 08:57:29,db,B,2026-10-05 08:57:29,2026-10-05 08:57:23,0,0,0,0,,0,1,False,2026-10-05 13:00:00,2026-10-05 08:57:23,Fast Running Valid
6059E28E581D60B0B94F1006AD4D34128F68D8A1,Quetzalcoatl,1,AS36352,silent,2026-10-05 10:06:55,db,B,2026-10-05 10:06:55,2026-10-05 10:06:47,0,0,0,0,,0,1,False,2026-10-05 13:00:00,2026-10-05 10:06:47,Fast Running Valid
607DD424497FFF47398E684B092C3144DBEB93CD,ghostdriver,0,AS53667,silent,2026-10-05 21:01:02,db,B,2026-10-05 21:01:02,2026-10-05 21:00:59,0,0,0,0,,1,1,False,2026-10-05 15:00:00,2026-10-05 21:00:59,Exit Fast Guard Running Stable V2Dir Valid
60E521B632D83971ECF8D454AF558F2C238BC9A5,Quetzalcoatl,1,AS36352,silent,2026-10-05 09:13:26,db,B,2026-10-05 09:13:26,2026-10-05 09:12:49,0,0,0,0,,0,1,False,2026-10-05 13:00:00,2026-10-05 09:12:49,Fast Running Valid
6100509F949660DC87BB8E4801F36D6DCD96D8B3,Quetzalcoatl,1,AS211619,silent,2026-10-05 09:59:33,db,B,2026-10-05 09:59:33,2026-10-05 09:59:18,0,0,0,0,,0,1,False,2026-10-05 13:00:00,2026-10-05 09:59:18,Fast Running Valid
61A2104D7E69867C3F3EF981077266F968C1752A,Quetzalcoatl,1,AS197540,silent,2026-10-05 09:41:56,db,B,2026-10-05 09:41:56,2026-10-05 09:41:49,0,0,0,0,,0,1,False,2026-10-05 12:00:00,2026-10-05 09:41:49,Fast Running Valid
6212040CE7774652B4F727940E6F632E015023DD,Quetzalcoatl,1,AS36352,silent,2026-10-05 09:44:43,db,B,2026-10-05 09:44:43,2026-10-05 09:44:35,0,0,0,0,,0,1,False,2026-10-05 12:00:00,2026-10-05 09:44:35,Fast Running Valid
62500AB401F93558677C1E8C61E724BD466CE8A0,Quetzalcoatl,1,AS53667,silent,2026-10-05 09:15:17,db,B,2026-10-05 09:15:17,2026-10-05 09:15:11,0,0,0,0,,0,1,False,2026-10-05 12:00:00,2026-10-05 09:15:11,Fast Running Stable Valid
631B3DD618D4AB49D0E3A37120E10215EEB730C4,Quetzalcoatl,1,AS36352,silent,2026-10-05 10:08:31,db,B,2026-10-05 10:08:31,2026-10-05 10:08:09,0,0,0,0,,0,1,False,2026-10-05 13:00:00,2026-10-05 10:08:09,Fast Running Stable Valid
646B4E39B49F303B4B552A8F3CBB8FCD40BE7EB5,Quetzalcoatl,1,AS36352,silent,2026-10-05 09:21:32,db,B,2026-10-05 09:21:32,2026-10-05 09:21:21,0,0,0,0,,0,1,False,2026-10-05 13:00:00,2026-10-05 09:21:21,Fast Running Stable Valid
656BA6C00B21DB086611171C946288A29E2DF5BC,Quetzalcoatl,1,AS197540,silent,2026-10-05 10:00:06,db,B,2026-10-05 10:00:06,2026-10-05 10:00:04,0,0,0,0,,0,1,False,2026-10-05 12:00:00,2026-10-05 10:00:04,Fast Running Stable Valid
659B0645A1C264D9D8FF4C9DD2B08ADAC392D475,Quetzalcoatl,1,AS36352,silent,2026-10-05 10:25:16,db,B,2026-10-05 10:25:16,2026-10-05 10:25:11,0,0,0,0,,0,1,False,2026-10-04 19:00:00,2026-10-05 10:25:11,Exit Fast Running Stable V2Dir Valid
65A398E9A697A4645937B086CDA1D9A5C57B9509,Quetzalcoatl,1,AS53667,silent,2026-10-05 09:51:08,db,B,2026-10-05 09:51:08,2026-10-05 09:51:02,0,0,0,0,,0,1,False,2026-10-05 12:00:00,2026-10-05 09:51:02,Fast Running Stable Valid
66FF32B5D2ED28E310E0C368BFD3CED3799988AC,Quetzalcoatl,1,AS40021,silent,2026-10-05 12:35:00,db,B,2026-10-05 12:35:00,2026-10-05 09:34:51,0,0,0,0,,0,1,False,2026-10-04 19:00:00,2026-10-05 09:34:51,Exit Fast Running Stable V2Dir Valid
67221DF5B5D86B1C5E872A877BC5665FEAACC562,pills,0,AS53667,silent,2026-10-05 21:01:01,db,B,2026-10-05 21:01:01,2026-10-05 21:00:59,0,0,0,0,,1,1,False,2026-10-05 15:00:00,2026-10-05 21:00:59,Exit Fast Guard Running Stable V2Dir Valid
68C3B540E5D151461A37CB1ED928563EC3B6CDCB,Quetzalcoatl,1,AS197540,silent,2026-10-05 09:41:14,db,B,2026-10-05 09:41:14,2026-10-05 09:41:09,0,0,0,0,,0,1,False,2026-10-05 12:00:00,2026-10-05 09:41:09,Fast Running Stable Valid
69042D6B301F080105D11478A5BC848EB0B5D5DB,Quetzalcoatl,1,AS36352,silent,2026-10-05 08:57:03,db,B,2026-10-05 08:57:03,2026-10-05 08:56:55,0,0,0,0,,0,1,False,2026-10-05 13:00:00,2026-10-05 08:56:55,Fast Running Stable Valid
69419D36198EB0508904660AAECAEE785D688A61,Quetzalcoatl,1,AS211619,silent,2026-10-05 09:58:39,db,B,2026-10-05 09:58:39,2026-10-05 09:58:23,0,0,0,0,,0,1,False,2026-10-05 13:00:00,2026-10-05 09:58:23,Fast Running Stable Valid
6956BA44CC553C4A9CF2D0E50634CDD0CA990869,Quetzalcoatl,1,AS211619,silent,2026-10-05 10:00:45,db,B,2026-10-05 10:00:45,2026-10-05 10:00:17,0,0,0,0,,0,1,False,2026-10-05 13:00:00,2026-10-05 10:00:17,Fast Running Valid
6A60198703A12D650EBB6EC751CDAEB611BBC04D,Quetzalcoatl,1,AS197540,silent,2026-10-05 10:22:08,db,B,2026-10-05 10:22:08,2026-10-05 10:22:03,0,0,0,0,,0,1,False,2026-10-05 12:00:00,2026-10-05 10:22:03,Fast Running Valid
6A6A34B55DF1B0A1D97376721E7669A26ACD447C,Quetzalcoatl,1,AS197540,silent,2026-10-05 10:22:56,db,B,2026-10-05 10:22:56,2026-10-05 10:22:48,0,0,0,0,,1,1,False,2026-10-04 17:00:00,2026-10-05 10:22:48,Exit Fast Guard Running Stable V2Dir Valid
6D7E1E64851F6FC3EB0143204C1EDEF992FAD947,Polyphemus7,0,AS53667,silent,2026-10-04 15:37:32,db,A,2026-10-04 15:37:32,2026-09-29 14:15:52,0,0,0,0,,0,1,False,2026-10-05 15:00:00,2026-09-29 14:15:52,Fast Running Stable StaleDesc Valid
6E736FF4BA2845381A2FEE4DEE6CC565C5A7D781,Quetzalcoatl,1,AS36352,silent,2026-10-05 10:04:40,db,B,2026-10-05 10:04:40,2026-10-05 10:04:33,0,0,0,0,,0,1,False,2026-10-05 13:00:00,2026-10-05 10:04:33,Fast Running Valid
6FCA5CE61F545D182CD4633735474A9A814C6E4C,Quetzalcoatl,1,AS53667,silent,2026-10-05 09:29:55,db,B,2026-10-05 09:29:55,2026-10-05 09:29:49,0,0,0,0,,0,1,False,2026-10-05 12:00:00,2026-10-05 09:29:49,Fast Running Stable Valid
70602F1F199830FB4667467FA162681ED478A4C2,Quetzalcoatl,1,AS211619,silent,2026-10-05 09:58:35,db,B,2026-10-05 09:58:35,2026-10-05 09:58:20,0,0,0,0,,1,1,False,2026-10-04 18:00:00,2026-10-05 09:58:20,Exit Fast Running Stable V2Dir Valid
70C169AAB6B4E82C8FE0ECE2BEFB4A7FAB460A1A,Quetzalcoatl,1,AS36352,silent,2026-10-05 09:50:52,db,B,2026-10-05 09:50:52,2026-10-05 09:50:43,0,0,0,0,,0,1,False,2026-10-05 13:00:00,2026-10-05 09:50:43,Fast Running Stable Valid
71FECF825283C0407901F832CE8520EFFBE3FD77,Quetzalcoatl,1,AS36352,silent,2026-10-05 09:21:12,db,B,2026-10-05 09:21:12,2026-10-05 09:21:07,0,0,0,0,,0,1,False,2026-10-05 12:00:00,2026-10-05 09:21:07,Fast Running Valid
720C550D58FA3C9FCC54903614448272166877AA,Quetzalcoatl,1,AS36352,silent,2026-10-05 09:49:46,db,B,2026-10-05 09:49:46,2026-10-05 09:49:38,0,0,0,0,,0,1,False,2026-10-05 13:00:00,2026-10-05 09:49:38,Fast Running Stable Valid
723732AEB409C019D08284953E11856CC41C9804,Quetzalcoatl,1,AS141995,silent,2026-10-05 10:06:54,db,B,2026-10-05 10:06:54,2026-10-05 10:06:49,0,0,0,0,,0,1,False,2026-10-05 13:00:00,2026-10-05 10:06:49,Running Valid
728AEDB2DA037D9032F9697FFA7D9E070783A1F6,Quetzalcoatl,1,AS36352,publishing,2026-10-08 11:22:16,2026-10-08-13-29-10-server-descriptors,B,2026-10-08 11:22:16,2026-10-08 11:20:44,3,0,2,1,dannenberg dizum tor26,0,1,False,2026-10-05 01:00:00,2026-10-08 11:20:44,BadExit Fast MiddleOnly Running Stable Valid
729EBA5E71606D7E870887473384BC803D6A4774,Quetzalcoatl,1,AS36352,silent,2026-10-05 09:48:39,db,B,2026-10-05 09:48:39,2026-10-05 09:48:35,0,0,0,0,,0,1,False,2026-10-05 13:00:00,2026-10-05 09:48:35,Fast Running Stable Valid
72AA4CF891689332D9473A4E0140F83DB2210548,Quetzalcoatl,1,AS36352,silent,2026-10-04 01:14:23,db,B,2026-10-04 01:14:23,2026-10-04 01:14:20,0,0,0,0,,0,1,False,2026-10-04 19:00:00,2026-10-04 01:14:20,Exit Fast Guard Running Stable V2Dir Valid
7413675ED252B2939556ED0098C3983D1AF3191A,Quetzalcoatl,1,AS197540,silent,2026-10-05 10:22:05,db,B,2026-10-05 10:22:05,2026-10-05 10:22:02,0,0,0,0,,0,1,False,2026-10-05 12:00:00,2026-10-05 10:22:02,Fast Running Valid
7417085A0CC99550CF82ADD3F7B1CD01E64AAADE,Triangulum1,0,AS53667,publishing,2026-10-08 22:04:14,vote,B,2026-10-08 16:01:13,2026-10-01 15:42:38,2,2,2,0,dizum tor26,1,1,False,2026-10-04 20:00:00,2026-10-01 15:42:38,Exit Fast Guard Running Stable V2Dir Valid
75ADD82FA44C8E7D76414148CFE5E1131CD2AD0D,Quetzalcoatl,1,AS36352,publishing,2026-10-08 11:24:38,2026-10-08-13-29-10-server-descriptors,B,2026-10-08 11:24:38,2026-10-08 11:21:13,3,0,2,1,dannenberg dizum tor26,0,1,False,2026-10-04 22:00:00,2026-10-08 11:21:13,BadExit Fast MiddleOnly Running Stable Valid
76959901386E8C908F50235D9894007886B67C2E,TorDotTeitelNet,0,AS53667,publishing,2026-10-08 19:58:39,vote,B,2026-10-08 16:57:38,2026-10-07 19:45:33,2,2,2,0,dizum tor26,1,1,False,2026-10-04 17:00:00,2026-10-07 19:45:33,Exit Fast Running V2Dir Valid
76BACC90CBA71714918554156CAABE955E7A940F,Quetzalcoatl,1,AS36352,silent,2026-10-04 01:12:52,db,B,2026-10-04 01:12:52,2026-10-04 01:12:50,0,0,0,0,,0,1,False,2026-10-04 19:00:00,2026-10-04 01:12:50,Exit Fast Guard Running Stable V2Dir Valid
76CA419C68502FFC4D950D167E25EE0AD3A0A764,Quetzalcoatl,1,AS197540,silent,2026-10-05 09:35:52,db,B,2026-10-05 09:35:52,2026-10-05 09:35:40,0,0,0,0,,0,1,False,2026-10-05 12:00:00,2026-10-05 09:35:40,Fast Running Valid
78290B9AFDB316339571867D12268E035D8E00B2,Quetzalcoatl,1,AS51167,silent,2026-10-05 09:49:51,db,B,2026-10-05 09:49:51,2026-10-05 09:49:42,0,0,0,0,,0,1,False,2026-10-05 13:00:00,2026-10-05 09:49:42,Fast Running Valid
784F844502720B0B88648E3FE09248723F2B318B,mbserver,0,AS200019,silent,2026-10-04 05:11:35,db,B,2026-10-04 05:11:35,2026-10-03 10:43:08,0,0,0,0,,0,1,False,2026-10-04 23:00:00,2026-10-03 10:43:08,BadExit MiddleOnly Running Valid
799F36F3EAD423C23E76351154E0BC98E8B498FE,Quetzalcoatl,1,AS36352,silent,2026-10-05 09:21:12,db,B,2026-10-05 09:21:12,2026-10-05 09:19:32,0,0,0,0,,0,1,False,2026-10-05 12:00:00,2026-10-05 09:19:32,Fast Running Valid
7AC86B42BA62FD8D67DC69CC7673B2F3F334EB69,Quetzalcoatl,1,AS51167,silent,2026-10-05 10:33:38,db,B,2026-10-05 10:33:38,2026-10-05 10:33:26,0,0,0,0,,0,1,False,2026-10-05 13:00:00,2026-10-05 10:33:26,Fast Running Valid
7B67A3AD2395536FD15CB97588A0BC1A015AC267,stubbornoxen,0,AS53667,publishing,2026-10-08 20:21:05,2026-10-08-22-44-16-server-descriptors,B,2026-10-08 20:21:05,2026-10-02 03:45:58,3,3,2,1,dannenberg dizum tor26,0,1,False,2026-10-05 16:00:00,2026-10-02 03:45:58,Fast Running Stable Valid
7BC58F5CDC4791F10E94D75E6A5AD1B9D084C963,MDrelay,0,AS200019,publishing,2026-10-08 20:53:28,2026-10-08-22-44-16-server-descriptors,other,2026-10-08 20:53:28,2026-10-05 08:47:00,3,3,0,1,dannenberg dizum tor26,0,1,False,2026-10-05 16:00:00,2026-10-05 08:47:00,Fast Running Stable Valid
7BD416652010B7C42202BE40F749A417003ECD2C,Quetzalcoatl,1,AS197540,silent,2026-10-05 09:42:35,db,B,2026-10-05 09:42:35,2026-10-05 09:42:29,0,0,0,0,,0,1,False,2026-10-05 12:00:00,2026-10-05 09:42:29,Fast Running Stable Valid
7C6686190CE6E8A0A1A5B5B845BF3F14D252D0DF,Quetzalcoatl,1,AS197540,silent,2026-10-05 10:20:58,db,B,2026-10-05 10:20:58,2026-10-05 10:20:55,0,0,0,0,,0,1,False,2026-10-05 12:00:00,2026-10-05 10:20:55,Fast Running Valid
7D022F6ACE801A90E7715D4899352D0E3025DDBA,Quetzalcoatl,1,AS51167,silent,2026-10-05 09:51:52,db,B,2026-10-05 09:51:52,2026-10-05 09:51:40,0,0,0,0,,0,1,False,2026-10-05 13:00:00,2026-10-05 09:51:40,Fast Running Valid
7DD1ECEE8765C1AB7742E632DD23C1342FD7EB52,Quetzalcoatl,1,AS36352,silent,2026-10-05 10:26:15,db,B,2026-10-05 10:26:15,2026-10-05 10:26:09,0,0,0,0,,0,1,False,2026-10-05 12:00:00,2026-10-05 10:26:09,Fast Running Valid
7E2FF265BE20E154CED120D46E39058F6CCC34D7,sh97US104R,0,AS400304,publishing,2026-10-08 20:21:22,2026-10-08-22-44-16-server-descriptors,B,2026-10-08 20:21:22,2026-10-06 12:16:13,3,3,3,0,dannenberg dizum tor26,1,1,False,2026-10-03 11:00:00,2026-10-06 12:16:13,Exit Fast Running Stable Valid
7ED6B42716B1D393E7BAC2FFDDE3853CD9896A95,Dumbledore,0,AS53667,publishing,2026-10-08 21:31:18,vote,B,2026-10-08 15:28:17,2026-10-06 05:59:04,2,2,2,0,dizum tor26,1,1,False,2026-10-04 20:00:00,2026-10-06 05:59:04,Exit Running Stable V2Dir Valid
808DED5C02DB3C23A222E15F4C098BDD099EF2BD,relayon9186,0,AS133255,publishing,2026-10-08 22:49:30,vote,other,2026-10-08 07:40:29,2026-10-07 04:19:21,1,1,1,0,dizum,1,0,,,,
80F322ED0995F27CD26B5A9DE7B804F92E8ACA94,Quetzalcoatl,1,AS36352,silent,2026-10-05 09:51:25,db,B,2026-10-05 09:51:25,2026-10-05 09:51:19,0,0,0,0,,0,1,False,2026-10-05 13:00:00,2026-10-05 09:51:19,Fast Running Stable Valid
826C85481CCB8496EC3E67A4A477C24808D74011,Polyphemus3,0,AS53667,silent,2026-10-04 14:15:54,db,A,2026-10-04 14:15:54,2026-09-29 14:15:52,0,0,0,0,,0,1,False,2026-10-05 14:00:00,2026-09-29 14:15:52,Fast Running Stable StaleDesc Valid
8427937D5A39E15699C850F26FED3CD59C379C48,Quetzalcoatl,1,AS53667,silent,2026-10-05 09:13:04,db,B,2026-10-05 09:13:04,2026-10-05 09:12:55,0,0,0,0,,1,1,False,2026-10-04 14:00:00,2026-10-05 09:12:55,Exit Fast Guard Running Stable V2Dir Valid
85186D4C2F0E4257C83001D58D6FAB1AF93AA227,Quetzalcoatl,1,AS53667,silent,2026-10-05 09:25:19,db,B,2026-10-05 09:25:19,2026-10-05 09:25:12,0,0,0,0,,0,1,False,2026-10-05 12:00:00,2026-10-05 09:25:12,Fast Running Stable Valid
85675E1E97BA427C14D182B643F70677712B62E0,Quetzalcoatl,1,AS36352,silent,2026-10-05 10:20:15,db,B,2026-10-05 10:20:15,2026-10-05 10:19:52,0,0,0,0,,0,1,False,2026-10-05 12:00:00,2026-10-05 10:19:52,Fast Running Stable Valid
8657A9B481BA39A60C29E49AFAD5CE5523677812,Quetzalcoatl,1,AS53667,silent,2026-10-05 09:28:39,db,B,2026-10-05 09:28:39,2026-10-05 09:28:31,0,0,0,0,,0,1,False,2026-10-05 12:00:00,2026-10-05 09:28:31,Fast Running Stable Valid
878EFE36BEBD239D1D911B613593C0173802384F,Quetzalcoatl,1,AS141995,silent,2026-10-05 10:04:01,db,B,2026-10-05 10:04:01,2026-10-05 10:03:30,0,0,0,0,,0,1,False,2026-10-05 13:00:00,2026-10-05 10:03:30,Fast Running Valid
87CD6C2D4AA3164D5A517DFC684BF83FE2EDB4A5,Quetzalcoatl,1,AS211619,silent,2026-10-05 10:01:59,db,B,2026-10-05 10:01:59,2026-10-05 10:01:41,0,0,0,0,,0,1,False,2026-10-05 13:00:00,2026-10-05 10:01:41,Fast Running Stable Valid
8A522F30A3CEA7C692A0418C936232BA2E54F8B3,Quetzalcoatl,1,AS53667,silent,2026-10-05 09:30:07,db,B,2026-10-05 09:30:07,2026-10-05 09:29:21,0,0,0,0,,0,1,False,2026-10-05 12:00:00,2026-10-05 09:29:21,Fast Running Valid
8A5ACFC8FDF21A3D836DB7ECEBA6538392F496E6,Polyphemus16,0,AS53667,silent,2026-10-04 21:13:14,db,A,2026-10-04 21:13:14,2026-09-29 14:15:52,0,0,0,0,,0,1,False,2026-10-04 23:00:00,2026-09-29 14:15:52,BadExit Exit Fast Running Stable V2Dir Valid
8AB766FB1BE54669559B82165964B8D79DA80119,Quetzalcoatl,1,AS53667,silent,2026-10-05 09:27:40,db,B,2026-10-05 09:27:40,2026-10-05 09:27:27,0,0,0,0,,0,1,False,2026-10-05 12:00:00,2026-10-05 09:27:27,Fast Running Stable Valid
8B2CCF2A27D52CEE3DC055C1AD11E3755104F601,TorDola2,0,AS211720,publishing,2026-10-08 21:50:07,2026-10-08-22-44-16-server-descriptors,other,2026-10-08 21:50:07,2026-10-06 08:49:08,3,3,3,0,dannenberg dizum tor26,1,1,False,2026-10-05 15:00:00,2026-10-06 08:49:08,Exit Fast Running V2Dir Valid
8B30FEEE3790A40063AAF8E71EC8773F71FB60BF,Quetzalcoatl,1,AS36352,silent,2026-10-05 09:20:16,db,B,2026-10-05 09:20:16,2026-10-05 09:20:06,0,0,0,0,,0,1,False,2026-10-05 13:00:00,2026-10-05 09:20:06,Fast Running Stable Valid
8BBA3623CD5404A8F173DC4CC9EBBE3B09D967F1,Quetzalcoatl,1,AS197540,silent,2026-10-05 10:20:18,db,B,2026-10-05 10:20:18,2026-10-05 10:20:12,0,0,0,0,,0,1,False,2026-10-05 12:00:00,2026-10-05 10:20:12,Fast Running Valid
8CF3BC527AA485640F5A2A7481868CC22583B0FA,Quetzalcoatl,1,AS36352,silent,2026-10-05 10:23:58,db,B,2026-10-05 10:23:58,2026-10-05 10:23:53,0,0,0,0,,0,1,False,2026-10-05 12:00:00,2026-10-05 10:23:53,Fast Running Valid
8D1154214BD6151F0427D4A158E71D62E21E0766,Quetzalcoatl,1,AS197540,silent,2026-10-05 09:36:50,db,B,2026-10-05 09:36:50,2026-10-05 09:36:39,0,0,0,0,,0,1,False,2026-10-05 12:00:00,2026-10-05 09:36:39,Fast Running Stable Valid
8D971E4D4DAA0BFF1F84C189A2F88F3D9ECC0BC1,Quetzalcoatl,1,AS36352,silent,2026-10-04 01:14:24,db,B,2026-10-04 01:14:24,2026-10-04 01:14:20,0,0,0,0,,0,1,False,2026-10-04 19:00:00,2026-10-04 01:14:20,Exit Fast Guard Running Stable V2Dir Valid
8EAE810FA33F26341605D59F82D8AD58F7EA6CC5,Quetzalcoatl,1,AS197540,silent,2026-10-05 10:21:18,db,B,2026-10-05 10:21:18,2026-10-05 10:21:13,0,0,0,0,,0,1,False,2026-10-05 12:00:00,2026-10-05 10:21:13,Fast Running Valid
8EEDA34CE6D6E605ED3179278F45882654923280,Quetzalcoatl,1,AS53667,silent,2026-10-05 09:30:56,db,B,2026-10-05 09:30:56,2026-10-05 09:30:51,0,0,0,0,,0,1,False,2026-10-05 12:00:00,2026-10-05 09:30:51,Fast Running Valid
9143C5F8146DCEA00826F3C53A0878E50FB0F169,Quetzalcoatl,1,AS51167,silent,2026-10-05 09:53:12,db,B,2026-10-05 09:53:12,2026-10-05 09:52:57,0,0,0,0,,0,1,False,2026-10-05 13:00:00,2026-10-05 09:52:57,Fast Running Valid
919EBE30E4AAD0ECB9936EEE362DC21B8A848744,Quetzalcoatl,1,AS36352,silent,2026-10-04 01:14:23,db,B,2026-10-04 01:14:23,2026-10-04 01:14:18,0,0,0,0,,0,1,False,2026-10-04 19:00:00,2026-10-04 01:14:18,Exit Fast Running Stable V2Dir Valid
91D9FFB5030F645818505EF983AF8AA4EE2D00A7,azadisrvs2,0,AS53667,publishing,2026-10-08 20:23:43,2026-10-08-22-44-16-server-descriptors,B,2026-10-08 20:23:43,2026-10-03 10:39:09,3,3,2,1,dannenberg dizum tor26,0,1,False,2026-10-05 16:00:00,2026-10-03 10:39:09,Running Valid
923532118EB15D4EE65421FC0D1241DFF1C100B8,Quetzalcoatl,1,AS211619,silent,2026-10-05 09:57:41,db,B,2026-10-05 09:57:41,2026-10-05 09:57:29,0,0,0,0,,0,1,False,2026-10-05 13:00:00,2026-10-05 09:57:29,Fast Running Valid
9247B54DCD49174DBD817AA73FD6DE804DFEC2C2,Quetzalcoatl,1,AS53667,silent,2026-10-05 09:25:04,db,B,2026-10-05 09:25:04,2026-10-05 09:24:58,0,0,0,0,,0,1,False,2026-10-05 12:00:00,2026-10-05 09:24:58,Fast Running Stable Valid
92A7F611B06A647CF6ADF1ACEAD7F12D83A2C1ED,Relay,0,AS200019,publishing,2026-10-08 20:39:37,2026-10-08-22-44-16-server-descriptors,other,2026-10-08 20:39:37,2026-10-05 20:10:58,3,3,0,1,dannenberg dizum tor26,0,1,False,2026-10-05 16:00:00,2026-10-05 20:10:58,Fast Running Stable Valid
9376A43695CBB66C256DCC87932EE885EA9AF5EC,Quetzalcoatl,1,AS36352,silent,2026-10-05 10:04:13,db,B,2026-10-05 10:04:13,2026-10-05 10:04:04,0,0,0,0,,0,1,False,2026-10-05 13:00:00,2026-10-05 10:04:04,Fast Running Stable Valid
93D3B5088A6813F679A426323AE0125FB4FE7728,RunningOnFumes1,0,AS53667,publishing,2026-10-08 22:56:05,2026-10-08-22-44-16-server-descriptors,A,2026-10-08 22:56:05,2026-10-04 22:23:37,3,3,2,1,dannenberg dizum tor26,0,1,False,2026-10-05 16:00:00,2026-10-04 22:23:37,Fast Running Stable Valid
95AA4899FA8F312323C2628B2AFD45EF7D6005C7,devvulLV,0,AS53667,publishing,2026-10-08 20:50:42,2026-10-08-22-44-16-server-descriptors,B,2026-10-08 20:50:42,2026-10-03 10:40:43,3,3,2,1,dannenberg dizum tor26,0,1,False,2026-10-05 16:00:00,2026-10-03 10:40:43,Running Valid
96B7E4A8F633FC105AF6032D13211E5D576A44D9,Quetzalcoatl,1,AS197540,silent,2026-10-05 09:42:49,db,B,2026-10-05 09:42:49,2026-10-05 09:42:40,0,0,0,0,,0,1,False,2026-10-05 12:00:00,2026-10-05 09:42:40,Fast Running Stable Valid
97D376626997BF37F3A6477CCD60545FDBC3D60C,Quetzalcoatl,1,AS141995,silent,2026-10-05 10:03:48,db,B,2026-10-05 10:03:48,2026-10-05 10:03:23,0,0,0,0,,0,1,False,2026-10-05 13:00:00,2026-10-05 10:03:23,Running Valid
97D809DF40A5B4102F2C4956A7DB7E709B611832,Quetzalcoatl,1,AS36352,silent,2026-10-05 09:59:53,db,B,2026-10-05 09:59:53,2026-10-05 09:59:10,0,0,0,0,,0,1,False,2026-10-05 13:00:00,2026-10-05 09:59:10,Fast Running Stable Valid
982F261EC5D2D7DB89D7D0320009E02E752DFE69,Quetzalcoatl,1,AS36352,silent,2026-10-05 09:13:29,db,B,2026-10-05 09:13:29,2026-10-05 09:13:24,0,0,0,0,,0,1,False,2026-10-05 13:00:00,2026-10-05 09:13:24,Fast Running Valid
982FF2DAC80C1454E826B43F8FF003CF2CDC1CD7,mbserver,0,AS200019,publishing,2026-10-08 21:30:45,2026-10-08-22-44-16-server-descriptors,B,2026-10-08 21:30:45,2026-10-04 22:45:38,3,3,3,0,dannenberg dizum tor26,1,1,False,2026-10-05 15:00:00,2026-10-04 22:45:39,Exit Fast Running V2Dir Valid
98AE10E67739CCC9FAD8B223236BBB080C3B0852,Quetzalcoatl,1,AS211619,silent,2026-10-05 09:57:37,db,B,2026-10-05 09:57:37,2026-10-05 09:57:27,0,0,0,0,,0,1,False,2026-10-05 13:00:00,2026-10-05 09:57:27,Fast Running Stable Valid
99501E5FEB973CA02CF9865A1868567E8EDCD08E,Quetzalcoatl,1,AS36352,silent,2026-10-05 10:27:12,db,B,2026-10-05 10:27:12,2026-10-05 10:27:08,0,0,0,0,,1,1,False,2026-10-04 18:00:00,2026-10-05 10:27:08,Exit Fast Running Stable V2Dir Valid
9A11E4B46DC53E13043B9FC1EBAFE0128D699B58,Quetzalcoatl,1,AS36352,publishing,2026-10-08 11:24:43,2026-10-08-13-29-10-server-descriptors,B,2026-10-08 11:24:43,2026-10-08 11:21:16,3,0,2,1,dannenberg dizum tor26,0,1,False,2026-10-04 23:00:00,2026-10-08 11:21:16,BadExit Fast MiddleOnly Running Stable Valid
9BB108761BB27E8A87CD6677DC69DE6EB2B3BCFA,InnerRelayRP,0,AS20473,publishing,2026-10-08 20:16:25,2026-10-08-22-44-16-server-descriptors,other,2026-10-08 20:16:25,2026-10-04 22:45:55,3,3,0,1,dannenberg dizum tor26,0,1,False,2026-10-05 16:00:00,2026-10-04 22:45:55,Fast Running Stable Valid
9BFD0A218BC8D13DB672A673F83D7D0753592B10,Quetzalcoatl,1,AS36352,silent,2026-10-04 01:14:23,db,B,2026-10-04 01:14:23,2026-10-04 01:14:21,0,0,0,0,,0,1,False,2026-10-04 19:00:00,2026-10-04 01:14:21,Exit Fast Guard Running Stable V2Dir Valid
9CDB4020E69D9E7201C3D1A8BF9DE1DEBF997A76,TimberDolphin63,0,AS53667,listed,2026-10-08 16:44:42,2026-10-08-16-56-48-server-descriptors,other,2026-10-08 16:44:42,2026-10-04 22:43:11,9,9,0,9,bastet dannenberg dizum faravahar gabelmoo longclaw maatuska moria1 tor26,0,1,True,2026-10-08 22:00:00,2026-10-04 22:43:11,BadExit Fast MiddleOnly Running Stable Valid
9DA3641B237AF84095C3D057F472106F1E32CCB0,Quetzalcoatl,1,AS141995,silent,2026-10-05 10:14:02,db,B,2026-10-05 10:14:02,2026-10-05 10:13:56,0,0,0,0,,0,1,False,2026-10-05 13:00:00,2026-10-05 10:13:56,Fast Running Valid
9E7C5FB68DAA93207E98399AFC43997003A08D20,Quetzalcoatl,1,AS40021,silent,2026-10-05 12:38:42,db,B,2026-10-05 12:38:42,2026-10-05 09:38:07,0,0,0,0,,1,1,False,2026-10-04 18:00:00,2026-10-05 09:38:07,Exit Fast Running Stable V2Dir Valid
A066E7983758C7CC0097E16ACF4F7B71BAFA44E9,vlado,0,AS53667,silent,2026-10-05 22:18:20,db,B,2026-10-05 22:18:20,2026-10-04 22:16:02,0,0,0,0,,0,1,False,2026-10-05 16:00:00,2026-10-04 22:16:02,Fast Running Stable Valid
A15676F5F0F2BA7B1CA54446DDB46BEE6F699A95,Quetzalcoatl,1,AS211619,silent,2026-10-05 10:05:45,db,B,2026-10-05 10:05:45,2026-10-05 10:04:55,0,0,0,0,,0,1,False,2026-10-05 13:00:00,2026-10-05 10:04:55,Fast Running Valid
A1AB134123F9F534C7E09B6841A7ECAFD0282240,Quetzalcoatl,1,AS53667,silent,2026-10-05 09:13:55,db,B,2026-10-05 09:13:55,2026-10-05 09:13:50,0,0,0,0,,0,1,False,2026-10-05 12:00:00,2026-10-05 09:13:50,Fast Running Stable Valid
A1ED61B41CC0991DF28205D3B745AFCA082CCA64,Quetzalcoatl,1,AS36352,silent,2026-10-05 10:24:51,db,B,2026-10-05 10:24:51,2026-10-05 10:24:44,0,0,0,0,,0,1,False,2026-10-05 12:00:00,2026-10-05 10:24:44,Fast Running Valid
A1F57EBAAC183C6B0A49E62E5B23E8C1BB6C1022,Quetzalcoatl,1,AS36352,silent,2026-10-05 10:25:53,db,B,2026-10-05 10:25:53,2026-10-05 10:25:45,0,0,0,0,,0,1,False,2026-10-04 19:00:00,2026-10-05 10:25:45,Exit Fast Running Stable V2Dir Valid
A4F42AE65F11634C42A3F3952E719F47091BD36F,Quetzalcoatl,1,AS53667,silent,2026-10-05 09:26:50,db,B,2026-10-05 09:26:50,2026-10-05 09:26:45,0,0,0,0,,0,1,False,2026-10-05 11:00:00,2026-10-05 09:26:45,BadExit Fast MiddleOnly Running Stable Valid
A62E7E91DB67B1FA1C0A66EEF885B2221CAF8360,Quetzalcoatl,1,AS141995,silent,2026-10-05 10:17:16,db,B,2026-10-05 10:17:16,2026-10-05 10:16:51,0,0,0,0,,0,1,False,2026-10-05 13:00:00,2026-10-05 10:16:51,Running Valid
A84AD66BC34D283D0F865DC16D4DB62635D1D9B3,Quetzalcoatl,1,AS36352,silent,2026-10-05 09:46:23,db,B,2026-10-05 09:46:23,2026-10-05 09:45:56,0,0,0,0,,0,1,False,2026-10-05 12:00:00,2026-10-05 09:45:56,Fast Running Valid
A9044B9AE03BCA32DEECB70A973E34C02F72CFC8,Quetzalcoatl,1,AS53667,silent,2026-10-05 09:30:11,db,B,2026-10-05 09:30:11,2026-10-05 09:30:07,0,0,0,0,,0,1,False,2026-10-05 11:00:00,2026-10-05 09:30:07,BadExit Fast MiddleOnly Running Stable Valid
A9600536506E3BC062D352BA866ACD596C07C471,Quetzalcoatl,1,AS40021,silent,2026-10-05 09:51:13,db,B,2026-10-05 09:51:13,2026-10-05 09:51:01,0,0,0,0,,0,1,False,2026-10-04 19:00:00,2026-10-05 09:51:01,Exit Fast Running Stable V2Dir Valid
AA4644F0EC589EEA2F501BB867E32E599F8169DA,Quetzalcoatl,1,AS197540,silent,2026-10-05 10:01:10,db,B,2026-10-05 10:01:10,2026-10-05 10:01:03,0,0,0,0,,0,1,False,2026-10-05 12:00:00,2026-10-05 10:01:03,Fast Running Valid
AA69CADA1FEA6378EDD776011C8AE7BD7AAA7159,Quetzalcoatl,1,AS197540,silent,2026-10-05 10:21:44,db,B,2026-10-05 10:21:44,2026-10-05 10:21:41,0,0,0,0,,0,1,False,2026-10-05 12:00:00,2026-10-05 10:21:41,Fast Running Valid
AA81E4A4D9BBAC6778EF0612E25BD10FE610BA5E,Quetzalcoatl,1,AS141995,silent,2026-10-05 10:04:42,db,B,2026-10-05 10:04:42,2026-10-05 10:04:19,0,0,0,0,,1,1,False,2026-10-04 18:00:00,2026-10-05 10:04:19,Exit Fast Running Stable V2Dir Valid
AB7366925C446424E7EE33179BEAB4B12D8696B6,Quetzalcoatl,1,AS211619,silent,2026-10-05 10:04:05,db,B,2026-10-05 10:04:05,2026-10-05 10:03:46,0,0,0,0,,0,1,False,2026-10-05 13:00:00,2026-10-05 10:03:46,Fast Running Valid
ABA87745075558CFC2247FA318A1E729285D06A3,Quetzalcoatl,1,AS36352,silent,2026-10-04 01:14:23,db,B,2026-10-04 01:14:23,2026-10-04 01:14:20,0,0,0,0,,0,1,False,2026-10-04 19:00:00,2026-10-04 01:14:20,Exit Fast Guard Running Stable V2Dir Valid
AC9D89E7A99B7F95E115BE6D5D219D4196B09790,devvulLU,0,AS53667,silent,2026-10-03 10:28:35,db,B,2026-10-03 10:28:35,2026-10-03 10:27:32,0,0,0,0,,1,1,False,2026-10-03 11:00:00,2026-10-03 10:27:32,Exit Fast Guard Running Stable V2Dir Valid
ACB30ED82CA61B49E38E5969505D7E2F29897AA1,Quetzalcoatl,1,AS36352,silent,2026-10-05 10:24:17,db,B,2026-10-05 10:24:17,2026-10-05 10:24:09,0,0,0,0,,0,1,False,2026-10-05 12:00:00,2026-10-05 10:24:09,Fast Running Valid
ADC35E769B42A3CAB8557E0B5295D3F152595EF8,Quetzalcoatl,1,AS36352,silent,2026-10-04 01:12:51,db,B,2026-10-04 01:12:51,2026-10-04 01:12:49,0,0,0,0,,0,1,False,2026-10-04 19:00:00,2026-10-04 01:12:49,Exit Fast Guard Running Stable V2Dir Valid
ADC776E831EC4609D6D5AC0D5A757B00FC6BFDEE,Quetzalcoatl,1,AS36352,silent,2026-10-05 09:56:09,db,B,2026-10-05 09:56:09,2026-10-05 09:55:56,0,0,0,0,,0,1,False,2026-10-05 13:00:00,2026-10-05 09:55:56,Fast Running Valid
AE6507A440E9353C19C39B5448A13EB60A77B525,thb8b35d95b69765,0,AS9044,publishing,2026-10-08 22:24:55,vote,B,2026-10-08 16:20:55,2026-08-25 15:19:10,2,2,2,0,dizum tor26,1,1,False,2026-10-04 20:00:00,2026-08-25 15:19:10,Exit Fast Guard HSDir Running Stable V2Dir Valid
B00EADCBB2C70951B6B1467956AE84E2020F26D0,Quetzalcoatl,1,AS36352,silent,2026-10-05 10:10:05,db,B,2026-10-05 10:10:05,2026-10-05 10:09:56,0,0,0,0,,0,1,False,2026-10-05 13:00:00,2026-10-05 10:09:56,Fast Running Stable Valid
B04176E992478C82F1AD7A5DC1D1D206B623D624,Quetzalcoatl,1,AS36352,publishing,2026-10-08 11:25:16,2026-10-08-13-29-10-server-descriptors,B,2026-10-08 11:25:16,2026-10-08 11:20:45,3,0,2,1,dannenberg dizum tor26,0,1,False,2026-10-05 01:00:00,2026-10-08 11:20:45,BadExit Fast MiddleOnly Running Stable Valid
B04A328046422B45A71C45D2372015491B51847D,Quetzalcoatl,1,AS36352,silent,2026-10-05 10:26:36,db,B,2026-10-05 10:26:36,2026-10-05 10:26:31,0,0,0,0,,0,1,False,2026-10-04 19:00:00,2026-10-05 10:26:31,Exit Fast Running Stable V2Dir Valid
B0F1D545B983E42680F7F220A69D79FF821C50E6,Quetzalcoatl,1,AS36352,silent,2026-10-04 01:12:53,db,B,2026-10-04 01:12:53,2026-10-04 01:12:51,0,0,0,0,,0,1,False,2026-10-04 19:00:00,2026-10-04 01:12:51,Exit Fast Guard Running Stable V2Dir Valid
B0F5A6F9BDE21AEDB92AEEA5BC9D021CB96B7DC8,Quetzalcoatl,1,AS197540,silent,2026-10-05 09:39:31,db,B,2026-10-05 09:39:31,2026-10-05 09:39:22,0,0,0,0,,1,1,False,2026-10-04 17:00:00,2026-10-05 09:39:22,Exit Fast Running Stable V2Dir Valid
B252D9474D8B36FC1299F6DB29C853D68900C394,Quetzalcoatl,1,AS53667,silent,2026-10-05 09:12:13,db,B,2026-10-05 09:12:13,2026-10-05 09:12:08,0,0,0,0,,0,1,False,2026-10-05 11:00:00,2026-10-05 09:12:08,BadExit Fast MiddleOnly Running Stable Valid
B274599CD37F4D5B2C407DC81E478135F3297EFE,Quetzalcoatl,1,AS53667,silent,2026-10-05 09:23:28,db,B,2026-10-05 09:23:28,2026-10-05 09:23:25,0,0,0,0,,0,1,False,2026-10-05 11:00:00,2026-10-05 09:23:25,BadExit Fast MiddleOnly Running Stable Valid
B2A4EFD1B3DAD0F5FA127B5C29BBFE625628A6D9,Quetzalcoatl,1,AS36352,silent,2026-10-04 01:12:54,db,B,2026-10-04 01:12:54,2026-10-04 01:12:52,0,0,0,0,,0,1,False,2026-10-04 19:00:00,2026-10-04 01:12:52,Exit Fast Guard Running Stable V2Dir Valid
B541581CB0599A36269196EFCC6E23F67B75285C,Quetzalcoatl,1,AS53667,silent,2026-10-05 09:33:38,db,B,2026-10-05 09:33:38,2026-10-05 09:33:28,0,0,0,0,,0,1,False,2026-10-05 11:00:00,2026-10-05 09:33:28,BadExit Fast MiddleOnly Running Valid
B673F2A016E86A31EDA173CF3CC47BFB721B6CB6,Quetzalcoatl,1,AS53667,silent,2026-10-05 09:16:02,db,B,2026-10-05 09:16:02,2026-10-05 09:15:52,0,0,0,0,,0,1,False,2026-10-05 12:00:00,2026-10-05 09:15:52,Fast Running Stable Valid
B693FFB4FEC6D5AFC4B44010B51305853B0CDC0B,Quetzalcoatl,1,AS53667,silent,2026-10-05 09:15:03,db,B,2026-10-05 09:15:03,2026-10-05 09:14:58,0,0,0,0,,0,1,False,2026-10-05 11:00:00,2026-10-05 09:14:58,BadExit Fast MiddleOnly Running Stable Valid
B6D8110B34BD401ADF85B7AD0725C445C55EB65B,Quetzalcoatl,1,AS197540,silent,2026-10-05 09:38:17,db,B,2026-10-05 09:38:17,2026-10-05 09:38:11,0,0,0,0,,0,1,False,2026-10-05 12:00:00,2026-10-05 09:38:11,Fast Running Stable Valid
B6FE6B0FF920A8E91E990252161F185D917934C7,Quetzalcoatl,1,AS141995,silent,2026-10-05 10:10:55,db,B,2026-10-05 10:10:55,2026-10-05 10:08:58,0,0,0,0,,0,1,False,2026-10-05 13:00:00,2026-10-05 10:08:58,Running Valid
BAB2CDAE807EFC4710485F78E8ED359F22C67909,Quetzalcoatl,1,AS40021,silent,2026-10-05 12:40:56,db,B,2026-10-05 12:40:56,2026-10-05 09:39:44,0,0,0,0,,0,1,False,2026-10-04 19:00:00,2026-10-05 09:39:44,Exit Fast Running V2Dir Valid
BAD7C0F12C8DB48616366D2C6CAA2A7D00F929D9,Quetzalcoatl,1,AS51167,silent,2026-10-05 10:23:41,db,B,2026-10-05 10:23:41,2026-10-05 10:23:32,0,0,0,0,,0,1,False,2026-10-05 13:00:00,2026-10-05 10:23:32,Fast Running Stable Valid
BAE7CE9BD3135C903477B0AAF3130C76979364C0,Quetzalcoatl,1,AS36352,silent,2026-10-05 10:08:12,db,B,2026-10-05 10:08:12,2026-10-05 10:08:01,0,0,0,0,,0,1,False,2026-10-05 12:00:00,2026-10-05 10:08:01,Fast Running Valid
BC080AC0D2F757863F3E3F148C268E5C8584E8AF,Quetzalcoatl,1,AS53667,silent,2026-10-05 09:53:02,db,B,2026-10-05 09:53:02,2026-10-05 09:52:53,0,0,0,0,,0,1,False,2026-10-05 12:00:00,2026-10-05 09:52:53,Fast Running Stable Valid
BC7206F673869BC4DC5687E8BAA2BE96C289B4E4,thankssnowden0,0,AS53667,publishing,2026-10-08 20:23:01,2026-10-08-22-44-16-server-descriptors,other,2026-10-08 20:23:01,2026-10-04 22:42:46,3,3,2,1,dannenberg dizum tor26,0,1,False,2026-10-05 16:00:00,2026-10-04 22:42:46,Fast Running Valid
BC7A5E911554477F7346FA9B680250D1D84B14AF,2mpe4c,0,AS53667,publishing,2026-10-08 21:48:33,2026-10-08-22-44-16-server-descriptors,B,2026-10-08 21:48:33,2026-10-08 03:37:30,3,3,2,1,dannenberg dizum tor26,0,1,False,2026-10-05 13:00:00,2026-10-08 03:37:30,Fast Running Valid
BC926F8C1F14E5DC827FE451BC1899B94B61D27E,Quetzalcoatl,1,AS53667,silent,2026-10-05 09:29:10,db,B,2026-10-05 09:29:10,2026-10-05 09:29:03,0,0,0,0,,0,1,False,2026-10-05 12:00:00,2026-10-05 09:29:03,Fast Running Stable Valid
BCD8EAAE60DE05131C2ED3D5CDC8D9F9EDE61C30,Quetzalcoatl,1,AS36352,silent,2026-10-05 09:49:16,db,B,2026-10-05 09:49:16,2026-10-05 09:49:08,0,0,0,0,,0,1,False,2026-10-05 13:00:00,2026-10-05 09:49:08,Fast Running Stable Valid
BDD09D5DB782B6023791DBFFD46F100B1F023ABB,r4v3nrelay,0,AS53667,silent,2026-10-04 04:45:29,db,B,2026-10-04 04:45:29,2026-10-03 10:45:11,0,0,0,0,,1,1,False,2026-10-04 06:00:00,2026-10-03 10:45:11,Exit Fast Guard Running Stable V2Dir Valid
BF15A4AF61C30387FB3C0A9AFA686D47D8843895,Quetzalcoatl,1,AS36352,silent,2026-10-05 10:26:42,db,B,2026-10-05 10:26:42,2026-10-05 10:26:37,0,0,0,0,,0,1,False,2026-10-04 19:00:00,2026-10-05 10:26:37,Exit Fast Running Stable V2Dir Valid
BF8021D2EC8A8DC724D35D9590F9FEF251F006D9,Quetzalcoatl,1,AS53667,silent,2026-10-05 09:24:57,db,B,2026-10-05 09:24:57,2026-10-05 09:24:38,0,0,0,0,,0,1,False,2026-10-05 12:00:00,2026-10-05 09:24:38,Fast Running Stable Valid
C2808CAC0896D0AC4EFAAD4ECD467FE245CCFDF7,Quetzalcoatl,1,AS53667,silent,2026-10-05 09:15:28,db,B,2026-10-05 09:15:28,2026-10-05 09:15:25,0,0,0,0,,0,1,False,2026-10-05 11:00:00,2026-10-05 09:15:25,BadExit Fast MiddleOnly Running Stable Valid
C3233B1747A970F7043F090409F5893A9064EDE1,DicedOnions,0,AS53667,silent,2026-10-03 10:28:53,db,other,2026-10-03 10:28:53,2026-10-03 10:28:51,0,0,0,0,,1,1,False,2026-10-03 11:00:00,2026-10-03 10:28:51,Exit Fast Guard Running Stable V2Dir Valid
C5468734B56B5806AA076EC61CD00822534C24B0,Quetzalcoatl,1,AS197540,silent,2026-10-05 09:37:38,db,B,2026-10-05 09:37:38,2026-10-05 09:37:31,0,0,0,0,,0,1,False,2026-10-05 12:00:00,2026-10-05 09:37:31,Fast Running Stable Valid
C56F910222D2C1FAD9FA7A15CA9B403FA0128F9A,Quetzalcoatl,1,AS36352,silent,2026-10-05 10:05:11,db,B,2026-10-05 10:05:11,2026-10-05 10:05:04,0,0,0,0,,0,1,False,2026-10-05 13:00:00,2026-10-05 10:05:04,Fast Running Valid
C623F97858DDC20DC80098260DFDF053C63131C9,Quetzalcoatl,1,AS197540,silent,2026-10-05 09:41:49,db,B,2026-10-05 09:41:49,2026-10-05 09:41:39,0,0,0,0,,0,1,False,2026-10-05 12:00:00,2026-10-05 09:41:39,Fast Running Valid
C6AA7656909FA64A03EFBA40DD294D4BD79AA3E0,TorDola3,0,AS211720,publishing,2026-10-08 21:51:07,2026-10-08-22-44-16-server-descriptors,other,2026-10-08 21:51:07,2026-10-06 08:49:08,3,3,3,0,dannenberg dizum tor26,1,1,False,2026-10-05 15:00:00,2026-10-06 08:49:08,Exit Fast HSDir Running Stable V2Dir Valid
C79D4FE6EC868612396ED66CDDE7678F8EF466A9,Quetzalcoatl,1,AS36352,silent,2026-10-05 09:19:40,db,B,2026-10-05 09:19:40,2026-10-05 09:19:30,0,0,0,0,,0,1,False,2026-10-05 13:00:00,2026-10-05 09:19:30,Fast Running Stable Valid
C829B3C557CB644A5FAB598E8E57149B115C485D,Quetzalcoatl,1,AS53667,silent,2026-10-05 09:51:46,db,B,2026-10-05 09:51:46,2026-10-05 09:51:35,0,0,0,0,,0,1,False,2026-10-05 12:00:00,2026-10-05 09:51:35,Fast Running Stable Valid
C82F4613A26F7E286BA3D85CF27B6027C35FDF27,Quetzalcoatl,1,AS197540,silent,2026-10-05 10:03:10,db,B,2026-10-05 10:03:10,2026-10-05 10:03:04,0,0,0,0,,0,1,False,2026-10-05 12:00:00,2026-10-05 10:03:04,Fast Running Valid
C877FABDC3739F972F2E098DE7A66B239A3EDFD4,Quetzalcoatl,1,AS36352,silent,2026-10-05 09:22:00,db,B,2026-10-05 09:22:00,2026-10-05 09:21:52,0,0,0,0,,0,1,False,2026-10-05 12:00:00,2026-10-05 09:21:52,Fast Running Stable Valid
C965CE71CAC595BECB39CBB6E56D573AE49A40FD,Quetzalcoatl,1,AS36352,silent,2026-10-05 10:26:08,db,B,2026-10-05 10:26:08,2026-10-05 10:26:02,0,0,0,0,,1,1,False,2026-10-04 18:00:00,2026-10-05 10:26:02,Exit Fast Running Stable V2Dir Valid
C9FEFBF4854435A0CA9A9721DB2E873047AB9B99,Unnamed,0,AS53667,silent,2026-10-04 05:32:14,db,B,2026-10-04 05:32:14,2026-10-03 10:40:43,0,0,0,0,,1,1,False,2026-10-04 06:00:00,2026-10-03 10:40:43,Exit Running V2Dir Valid
CAD88DF1318F952D0981427FF27DAF89DF9DFE4A,Quetzalcoatl,1,AS36352,silent,2026-10-05 10:07:14,db,B,2026-10-05 10:07:14,2026-10-05 10:06:39,0,0,0,0,,0,1,False,2026-10-05 13:00:00,2026-10-05 10:06:39,Fast Running Stable Valid
CAFB3DB90DE5B01836E81271381E06218DD769A9,Quetzalcoatl,1,AS36352,silent,2026-10-05 10:06:06,db,B,2026-10-05 10:06:06,2026-10-05 10:05:56,0,0,0,0,,0,1,False,2026-10-05 12:00:00,2026-10-05 10:05:56,Fast Running Valid
CBADA5E3187F22256E292AC054C40B71C0D9EE9E,Quetzalcoatl,1,AS141995,silent,2026-10-05 10:00:30,db,B,2026-10-05 10:00:30,2026-10-05 09:59:59,0,0,0,0,,0,1,False,2026-10-05 13:00:00,2026-10-05 09:59:59,Running Valid
CC8412A0CE31C55CFBF32CBA8EA5C05348846C3F,Quetzalcoatl,1,AS197540,silent,2026-10-05 09:39:52,db,B,2026-10-05 09:39:52,2026-10-05 09:39:38,0,0,0,0,,0,1,False,2026-10-05 12:00:00,2026-10-05 09:39:38,Fast Running Valid
CCCFD8D5FD21AC796234D914F1B7CC33ADCE52F8,Quetzalcoatl,1,AS53667,silent,2026-10-05 09:14:24,db,B,2026-10-05 09:14:24,2026-10-05 09:14:18,0,0,0,0,,0,1,False,2026-10-05 12:00:00,2026-10-05 09:14:18,Fast Running Valid
CEB20924838A7CCA912BC2E7F83B09982BFD1E9E,Quetzalcoatl,1,AS141995,silent,2026-10-05 10:19:20,db,B,2026-10-05 10:19:20,2026-10-05 10:19:15,0,0,0,0,,0,1,False,2026-10-05 13:00:00,2026-10-05 10:19:15,Fast Running Valid
D0B20DAE466B00A4722C32EB64426562CE2F4481,Quetzalcoatl,1,AS211619,silent,2026-10-05 10:03:05,db,B,2026-10-05 10:03:05,2026-10-05 10:02:48,0,0,0,0,,1,1,False,2026-10-04 18:00:00,2026-10-05 10:02:48,Exit Fast Running Stable V2Dir Valid
D138382EBA7B84EF8BBC669B0A961AF758AC8FA8,Quetzalcoatl,1,AS36352,silent,2026-10-05 09:22:14,db,B,2026-10-05 09:22:14,2026-10-05 09:22:00,0,0,0,0,,0,1,False,2026-10-05 13:00:00,2026-10-05 09:22:00,Fast Running Stable Valid
D14A2CAC084BF7CF95122E5A401E9F64D46A5706,RestoreEU,0,AS53667,publishing,2026-10-08 20:17:05,2026-10-08-22-44-16-server-descriptors,other,2026-10-08 20:17:05,2026-10-04 22:31:54,3,3,2,1,dannenberg dizum tor26,0,1,False,2026-10-05 16:00:00,2026-10-04 22:31:54,Fast Running Valid
D3F6616034448DEEE369782C96F84FE1407E4200,Aramis,0,AS53667,silent,2026-10-04 07:57:48,db,B,2026-10-04 07:57:48,2026-10-04 07:57:45,0,0,0,0,,0,1,False,2026-10-04 23:00:00,2026-10-04 07:57:45,BadExit Fast MiddleOnly Running Stable Valid
D4C4D01625AF1473A8AEABB28CDE7EC8D553C428,Quetzalcoatl,1,AS141995,silent,2026-10-05 10:17:16,db,B,2026-10-05 10:17:16,2026-10-05 10:17:11,0,0,0,0,,0,1,False,2026-10-05 13:00:00,2026-10-05 10:17:11,Running Valid
D54B122BFECA8E9DCD19542D8E01CE7415F7AEAB,Quetzalcoatl,1,AS36352,silent,2026-10-05 10:07:46,db,B,2026-10-05 10:07:46,2026-10-05 10:07:40,0,0,0,0,,0,1,False,2026-10-05 13:00:00,2026-10-05 10:07:40,Fast Running Valid
D54DB93A10CE45B327CE6CFE6717A559CCBEF650,Quetzalcoatl,1,AS36352,silent,2026-10-05 09:58:42,db,B,2026-10-05 09:58:42,2026-10-05 09:58:32,0,0,0,0,,0,1,False,2026-10-05 13:00:00,2026-10-05 09:58:32,Fast Running Valid
D68912EB5A673AEC17958D1E9CA3F0BBB094D1F3,Quetzalcoatl,1,AS36352,silent,2026-10-05 10:05:49,db,B,2026-10-05 10:05:49,2026-10-05 10:05:43,0,0,0,0,,0,1,False,2026-10-05 13:00:00,2026-10-05 10:05:43,Fast Running Valid
D76D33B4866F2B61166E007C1DEFFEA82C5F1CDF,2778626253393027,0,AS53667,silent,2026-10-05 19:17:07,db,B,2026-10-05 19:17:07,2026-10-04 17:52:00,0,0,0,0,,1,1,False,2026-10-05 15:00:00,2026-10-04 17:52:00,Exit Fast Guard Running Stable V2Dir Valid
D97CDBE58769CCC43AF7CAC66A466A249D35AEFA,Quetzalcoatl,1,AS141995,silent,2026-10-05 10:11:13,db,B,2026-10-05 10:11:13,2026-10-05 10:09:50,0,0,0,0,,0,1,False,2026-10-05 13:00:00,2026-10-05 10:09:50,Fast Running Valid
DA093221F2A70D35774E3B70FE965DB7231E4D05,Quetzalcoatl,1,AS141995,silent,2026-10-05 10:01:34,db,B,2026-10-05 10:01:34,2026-10-05 10:01:31,0,0,0,0,,0,1,False,2026-10-05 13:00:00,2026-10-05 10:01:31,Running Valid
DA9DC2F06B08A07CDCE9BCA40859561618C60492,Quetzalcoatl,1,AS51167,silent,2026-10-05 09:54:02,db,B,2026-10-05 09:54:02,2026-10-05 09:53:32,0,0,0,0,,0,1,False,2026-10-05 13:00:00,2026-10-05 09:53:32,Fast Running Valid
DB451037C23AF3D028AE1B7E2F82BE5CA77B98A5,NgePTimE,0,AS53667,publishing,2026-10-08 13:01:27,2026-10-08-16-56-48-server-descriptors,B,2026-10-08 13:01:27,2026-10-08 00:56:21,2,0,2,0,dizum tor26,1,1,False,2026-10-04 20:00:00,2026-10-08 00:56:21,Exit Fast Guard Running Stable V2Dir Valid
DB951C2CF2073ECAFF08EFF6AC108B6B1C9E677D,Quetzalcoatl,1,AS53667,silent,2026-10-05 09:25:03,db,B,2026-10-05 09:25:03,2026-10-05 09:24:43,0,0,0,0,,0,1,False,2026-10-05 12:00:00,2026-10-05 09:24:43,Fast Running Stable Valid
DBC93B0F5225291F5D1EBF2CA4F3F90B879F00F8,Quetzalcoatl,1,AS211619,silent,2026-10-05 09:56:49,db,B,2026-10-05 09:56:49,2026-10-05 09:56:35,0,0,0,0,,0,1,False,2026-10-05 13:00:00,2026-10-05 09:56:35,Fast Running Stable Valid
DD68CED74414FF446E52596462CEDAEF7E66BED7,Quetzalcoatl,1,AS36352,silent,2026-10-05 09:49:19,db,B,2026-10-05 09:49:19,2026-10-05 09:49:08,0,0,0,0,,0,1,False,2026-10-05 13:00:00,2026-10-05 09:49:08,Fast Running Valid
DE3931572AF2F997C3F7F1D432E8CE658E62D775,Quetzalcoatl,1,AS36352,silent,2026-10-05 08:59:49,db,B,2026-10-05 08:59:49,2026-10-05 08:59:39,0,0,0,0,,0,1,False,2026-10-05 13:00:00,2026-10-05 08:59:39,Fast Running Stable Valid
DE3C7369EEA8B844C4E802C3596D177C9EB1A8C0,Quetzalcoatl,1,AS141995,silent,2026-10-05 10:14:02,db,B,2026-10-05 10:14:02,2026-10-05 10:13:55,0,0,0,0,,0,1,False,2026-10-05 13:00:00,2026-10-05 10:13:55,Running Valid
DE8E5C8E672C599ED8FBD24B3FC76D271B698A98,Quetzalcoatl,1,AS36352,silent,2026-10-05 10:06:21,db,B,2026-10-05 10:06:21,2026-10-05 10:06:12,0,0,0,0,,0,1,False,2026-10-05 13:00:00,2026-10-05 10:06:12,Fast Running Valid
DE9317A1C4B5A95AFE78ECAC82B5DB6A7018B36B,Quetzalcoatl,1,AS53667,silent,2026-10-05 09:52:16,db,B,2026-10-05 09:52:16,2026-10-05 09:52:13,0,0,0,0,,0,1,False,2026-10-05 12:00:00,2026-10-05 09:52:13,Fast Running Stable Valid
DF55C90D7EB87A13B044259951CA784F2F596E8D,Quetzalcoatl,1,AS53667,silent,2026-10-05 09:21:32,db,B,2026-10-05 09:21:32,2026-10-05 09:21:21,0,0,0,0,,0,1,False,2026-10-05 12:00:00,2026-10-05 09:21:21,Fast Running Stable Valid
E0999C5F42D12204AA8038653DBACDCE1F40E7FF,sullyhelpstor,0,AS53667,publishing,2026-10-08 23:01:26,2026-10-08-22-44-16-server-descriptors,A,2026-10-08 23:01:26,2026-10-04 22:27:57,3,3,2,1,dannenberg dizum tor26,0,1,False,2026-10-05 16:00:00,2026-10-04 22:27:57,Fast Running Valid
E0ADAA31E91125C48D41BB7C2671B25BAE25AF17,Quetzalcoatl,1,AS197540,silent,2026-10-05 09:37:43,db,B,2026-10-05 09:37:43,2026-10-05 09:37:39,0,0,0,0,,0,1,False,2026-10-05 12:00:00,2026-10-05 09:37:39,Fast Running Stable Valid
E0DBC376BB1E68BD55DADAB9A693D07BA70CFB69,Quetzalcoatl,1,AS36352,silent,2026-10-05 08:58:24,db,B,2026-10-05 08:58:24,2026-10-05 08:58:15,0,0,0,0,,0,1,False,2026-10-05 13:00:00,2026-10-05 08:58:15,Fast Running Stable Valid
E1C5E4857CD8E918FA03B1E15F1076D0A235B075,digbysellers,0,AS53667,silent,2026-10-05 19:18:25,db,other,2026-10-05 19:18:25,2026-10-03 10:46:04,0,0,0,0,,1,1,False,2026-10-05 15:00:00,2026-10-03 10:46:04,Exit Fast Guard Running Stable V2Dir Valid
E207721091F48D6A02A2F8F0BFF438A714279B81,devvulLU,0,AS53667,publishing,2026-10-08 20:38:46,2026-10-08-22-44-16-server-descriptors,B,2026-10-08 20:38:46,2026-10-03 10:40:34,3,3,2,1,dannenberg dizum tor26,0,1,False,2026-10-05 16:00:00,2026-10-03 10:40:34,Running Valid
E348D1D6E7E12220856A77C5B52ACC1753A58FF6,Quetzalcoatl,1,AS197540,silent,2026-10-05 10:23:37,db,B,2026-10-05 10:23:37,2026-10-05 10:23:30,0,0,0,0,,0,1,False,2026-10-05 12:00:00,2026-10-05 10:23:30,Fast Running Valid
E492BA484812A7FED594F2852473876779617E16,Quetzalcoatl,1,AS211619,silent,2026-10-05 10:02:04,db,B,2026-10-05 10:02:04,2026-10-05 10:01:51,0,0,0,0,,0,1,False,2026-10-05 13:00:00,2026-10-05 10:01:51,Fast Running Valid
E785813FBBD352664BC1F133CE31A54EF596C5BD,Quetzalcoatl,1,AS53667,silent,2026-10-05 09:33:03,db,B,2026-10-05 09:33:03,2026-10-05 09:32:59,0,0,0,0,,0,1,False,2026-10-05 12:00:00,2026-10-05 09:32:59,Fast Running Stable Valid
E8953FFF6D47182B07C6D3F0E092F83D8E45D62F,dead,0,AS53667,publishing,2026-10-08 21:41:40,vote,other,2026-10-08 15:37:40,2026-10-07 00:14:35,2,2,2,0,dizum tor26,1,1,False,2026-10-04 17:00:00,2026-10-07 00:14:35,Exit Fast Running Stable V2Dir Valid
EAFE87655A056F276298CE17A0D8FABEE3B20F49,Quetzalcoatl,1,AS197540,silent,2026-10-05 09:43:36,db,B,2026-10-05 09:43:36,2026-10-05 09:43:31,0,0,0,0,,0,1,False,2026-10-05 12:00:00,2026-10-05 09:43:31,Fast Running Stable Valid
EB3DA93B6FFFA699C1F2714C9E73FA813BB8F822,Quetzalcoatl,1,AS36352,silent,2026-10-05 09:10:34,db,B,2026-10-05 09:10:34,2026-10-05 09:10:27,0,0,0,0,,0,1,False,2026-10-05 13:00:00,2026-10-05 09:10:27,Fast Running Stable Valid
EC8E0E1DF4E5F1658BF499BEE9808E608658CAEE,Quetzalcoatl,1,AS36352,silent,2026-10-05 10:28:18,db,B,2026-10-05 10:28:18,2026-10-05 10:28:12,0,0,0,0,,0,1,False,2026-10-04 20:00:00,2026-10-05 10:28:12,Exit Fast Running Stable V2Dir Valid
ECA5D8E2A5F5D084933503CC99D0DE0FA89204AE,Quetzalcoatl,1,AS36352,silent,2026-10-05 08:58:52,db,B,2026-10-05 08:58:52,2026-10-05 08:58:44,0,0,0,0,,0,1,False,2026-10-05 13:00:00,2026-10-05 08:58:44,Fast Running Stable Valid
ED2B8E669D68E095297591C0EE921A77298A0B25,Quetzalcoatl,1,AS36352,silent,2026-10-04 01:14:22,db,B,2026-10-04 01:14:22,2026-10-04 01:14:19,0,0,0,0,,0,1,False,2026-10-04 19:00:00,2026-10-04 01:14:19,Exit Fast Running Stable V2Dir Valid
EDB75B4ED148C676B65A2631AC35682687F90BE7,Polyphemus6,0,AS53667,silent,2026-10-04 15:37:30,db,A,2026-10-04 15:37:30,2026-09-29 14:15:53,0,0,0,0,,0,1,False,2026-10-05 15:00:00,2026-09-29 14:15:53,Fast Running Stable StaleDesc Valid
EDCC2668AF97EBA53CD8C228B9127F6CC73D9552,Quetzalcoatl,1,AS36352,publishing,2026-10-08 11:23:09,2026-10-08-13-29-10-server-descriptors,B,2026-10-08 11:23:09,2026-10-08 11:21:14,3,0,2,1,dannenberg dizum tor26,0,1,False,2026-10-04 22:00:00,2026-10-08 11:21:14,BadExit Fast MiddleOnly Running Stable Valid
EEF7AB01E5EA74DDA0AA4B691611E49299723B7E,TorDola4,0,AS211720,publishing,2026-10-08 21:50:07,2026-10-08-22-44-16-server-descriptors,other,2026-10-08 21:50:07,2026-10-06 08:49:08,3,3,3,0,dannenberg dizum tor26,1,1,False,2026-10-05 15:00:00,2026-10-06 08:49:08,Exit Running V2Dir Valid
EF194086B185178E1BF549A8F95DE8C03E2DEBF9,Quetzalcoatl,1,AS36352,silent,2026-10-05 09:23:00,db,B,2026-10-05 09:23:00,2026-10-05 09:22:49,0,0,0,0,,0,1,False,2026-10-05 13:00:00,2026-10-05 09:22:49,Fast Running Stable Valid
EF46C4D668872EA21E8A1967E9902D13B7E95263,Quetzalcoatl,1,AS53667,silent,2026-10-05 09:25:54,db,B,2026-10-05 09:25:54,2026-10-05 09:25:43,0,0,0,0,,0,1,False,2026-10-05 12:00:00,2026-10-05 09:25:43,Fast Running Stable Valid
EF4CD1F369E8080DFB5A46187CFA9768D7857082,Quetzalcoatl,1,AS36352,silent,2026-10-04 01:12:51,db,B,2026-10-04 01:12:51,2026-10-04 01:12:49,0,0,0,0,,0,1,False,2026-10-04 19:00:00,2026-10-04 01:12:49,Exit Fast Running Stable V2Dir Valid
EFCF3FF7A14BE2A077A202707B73233483A88328,Quetzalcoatl,1,AS36352,silent,2026-10-04 01:14:23,db,B,2026-10-04 01:14:23,2026-10-04 01:14:20,0,0,0,0,,0,1,False,2026-10-04 19:00:00,2026-10-04 01:14:20,Exit Fast Guard Running Stable V2Dir Valid
F0CD145CF3375338EF5CF385E480A7C4889592EF,Quetzalcoatl,1,AS36352,silent,2026-10-05 10:07:23,db,B,2026-10-05 10:07:23,2026-10-05 10:07:16,0,0,0,0,,0,1,False,2026-10-05 13:00:00,2026-10-05 10:07:16,Fast Running Valid
F0D01EB1FDC508279AB3412AF3FC950BB1DA2AD1,Quetzalcoatl,1,AS53667,silent,2026-10-05 09:13:55,db,B,2026-10-05 09:13:55,2026-10-05 09:13:50,0,0,0,0,,0,1,False,2026-10-05 12:00:00,2026-10-05 09:13:50,Fast Running Stable Valid
F1467AA85A0CDDE645EC690A9602095E63AFF097,Quetzalcoatl,1,AS141995,silent,2026-10-05 10:00:47,db,B,2026-10-05 10:00:47,2026-10-05 10:00:41,0,0,0,0,,1,1,False,2026-10-04 19:00:00,2026-10-05 10:00:41,Exit Fast Running V2Dir Valid
F163D4AB6B9AD4DC384F08CB8CE71B98E8A1EEF3,Quetzalcoatl,1,AS197540,silent,2026-10-05 10:21:40,db,B,2026-10-05 10:21:40,2026-10-05 10:21:34,0,0,0,0,,0,1,False,2026-10-05 12:00:00,2026-10-05 10:21:34,Fast Running Valid
F2F423F89D58D8638C63A76C093BB11151C8B5D4,HeyBroM,0,AS53667,silent,2026-10-07 15:56:50,2026-10-07-10-49-25-server-descriptors,B,2026-10-07 15:56:50,2026-10-07 03:53:41,0,0,0,0,,0,1,False,2026-10-05 16:00:00,2026-10-07 03:53:41,Running Stable Valid
F314580EA22CB3DCB135D64E92108BFB8FD209AF,Aramis,0,AS53667,silent,2026-10-04 15:31:34,db,B,2026-10-04 15:31:34,2026-10-01 15:43:01,0,0,0,0,,0,1,False,2026-10-04 22:00:00,2026-10-01 15:43:01,BadExit Fast MiddleOnly Running Stable Valid
F33ECAB340E6117597A3FF5B5F2B6D7475B56187,Quetzalcoatl,1,AS197540,silent,2026-10-05 10:21:21,db,B,2026-10-05 10:21:21,2026-10-05 10:21:17,0,0,0,0,,0,1,False,2026-10-05 12:00:00,2026-10-05 10:21:17,Fast Running Valid
F3C86D3E09196BF2A80602A6B2398620610A54D1,Polyphemus11,0,AS53667,silent,2026-10-04 15:37:30,db,A,2026-10-04 15:37:30,2026-09-29 14:15:51,0,0,0,0,,0,1,False,2026-10-05 15:00:00,2026-09-29 14:15:51,Fast Running Stable StaleDesc Valid
F47675F352E783C4D0DC15056EB91DCA4F43C0BF,Quetzalcoatl,1,AS36352,silent,2026-10-05 08:56:37,db,B,2026-10-05 08:56:37,2026-10-05 08:56:30,0,0,0,0,,0,1,False,2026-10-05 13:00:00,2026-10-05 08:56:30,Fast Running Stable Valid
F507D9EEC750FCE6020EF8450D9A25DBE7ADA92A,JACKofNINES,0,AS53667,silent,2026-10-05 21:01:03,db,B,2026-10-05 21:01:03,2026-10-05 21:01:01,0,0,0,0,,1,1,False,2026-10-05 15:00:00,2026-10-05 21:01:01,Exit Fast Guard Running Stable V2Dir Valid
F532DA2085F87777CE05EA947BF7B4F49B625754,Quetzalcoatl,1,AS36352,silent,2026-10-05 09:09:52,db,B,2026-10-05 09:09:52,2026-10-05 09:09:44,0,0,0,0,,0,1,False,2026-10-05 12:00:00,2026-10-05 09:09:44,Fast Running Valid
F535B35868DD56B38FCBDE3C6F25CCE10962E188,Quetzalcoatl,1,AS51167,silent,2026-10-05 10:25:22,db,B,2026-10-05 10:25:22,2026-10-05 10:25:08,0,0,0,0,,0,1,False,2026-10-05 13:00:00,2026-10-05 10:25:08,Fast Running Stable Valid
F62DF7675006359605F699E23D18E52747012F1D,Polyphemus10,0,AS53667,silent,2026-10-04 08:17:33,db,A,2026-10-04 08:17:33,2026-09-29 14:15:51,0,0,0,0,,0,1,False,2026-10-05 08:00:00,2026-09-29 14:15:51,BadExit Fast MiddleOnly Running Stable StaleDesc Valid
F922C23FF68AAADBD2C9A384471B63694A879BA5,Quetzalcoatl,1,AS36352,publishing,2026-10-08 11:24:01,2026-10-08-13-29-10-server-descriptors,B,2026-10-08 11:24:01,2026-10-08 11:21:08,3,0,2,1,dannenberg dizum tor26,0,1,False,2026-10-04 23:00:00,2026-10-08 11:21:08,BadExit Fast MiddleOnly Running Stable Valid
F9DD5B45ED74A439F1F0EE6636450BBA5C8BF23C,Quetzalcoatl,1,AS53667,silent,2026-10-05 09:11:34,db,B,2026-10-05 09:11:34,2026-10-05 09:11:25,0,0,0,0,,0,1,False,2026-10-05 12:00:00,2026-10-05 09:11:25,Fast Running Stable Valid
FA00F6FFADB6701B9A1273BADEC2999270E2FC82,theyardbouys,0,AS53667,silent,2026-10-05 19:21:16,db,B,2026-10-05 19:21:16,2026-10-04 22:20:59,0,0,0,0,,0,1,False,2026-10-05 16:00:00,2026-10-04 22:20:59,Fast Running Stable Valid
FA3AB72EA79D43840BCFE5C4CEB64B28BF77E62C,Quetzalcoatl,1,AS197540,silent,2026-10-05 10:22:55,db,B,2026-10-05 10:22:55,2026-10-05 10:22:50,0,0,0,0,,0,1,False,2026-10-05 12:00:00,2026-10-05 10:22:50,Fast Running Valid
FA4C966C04B80B2A39AD5A0175EE1824EF66137A,Quetzalcoatl,1,AS53667,silent,2026-10-05 09:30:39,db,B,2026-10-05 09:30:39,2026-10-05 09:30:32,0,0,0,0,,0,1,False,2026-10-05 12:00:00,2026-10-05 09:30:32,Fast Running Valid
FA9F92CB28E2285A589643DDA31448361076D0C7,4714,0,AS53667,publishing,2026-10-08 20:59:55,2026-10-08-22-44-16-server-descriptors,A,2026-10-08 20:59:55,2026-10-04 22:30:14,3,2,2,1,dannenberg dizum tor26,0,1,False,2026-10-05 13:00:00,2026-10-04 22:30:14,Fast Running Stable Valid
FB668CDBACC89F6E299ADEF7E3F7A12047705361,Quetzalcoatl,1,AS36352,silent,2026-10-05 09:49:42,db,B,2026-10-05 09:49:42,2026-10-05 09:48:01,0,0,0,0,,0,1,False,2026-10-05 12:00:00,2026-10-05 09:48:01,Fast Running Stable Valid
FBF1F082626B8C7D4174D7014054C5321B053617,Quetzalcoatl,1,AS197540,silent,2026-10-05 10:22:31,db,B,2026-10-05 10:22:31,2026-10-05 10:22:25,0,0,0,0,,0,1,False,2026-10-05 12:00:00,2026-10-05 10:22:25,Fast Running Valid
FC088734EA8D7E6347D527815202B47830997614,drear,0,AS53667,publishing,2026-10-08 21:05:03,2026-10-08-22-44-16-server-descriptors,other,2026-10-08 21:05:03,2026-10-07 11:45:55,3,3,2,1,dannenberg dizum tor26,0,1,False,2026-10-05 16:00:00,2026-10-07 11:45:55,Fast Running Valid
FCFFB365207E97905DEB0B9656E68E45607E6FB6,Quetzalcoatl,1,AS36352,silent,2026-10-05 09:58:08,db,B,2026-10-05 09:58:08,2026-10-05 09:57:53,0,0,0,0,,0,1,False,2026-10-05 13:00:00,2026-10-05 09:57:53,Fast Running Stable Valid
FDBEAC98530F2A4CF7FDF164695A93F6AC15BA18,sk4d9f2m8x1q7w3j,0,AS9044,publishing,2026-10-08 22:57:54,2026-10-08-22-44-16-server-descriptors,B,2026-10-08 22:57:54,2026-10-04 22:20:13,3,3,2,1,dannenberg dizum tor26,0,1,False,2026-10-05 16:00:00,2026-10-04 22:20:13,Running Valid
FE2FE038B03311E16BD85C8F0873AB58EEF9E15E,Quetzalcoatl,1,AS141995,silent,2026-10-05 09:59:37,db,B,2026-10-05 09:59:37,2026-10-05 09:59:06,0,0,0,0,,0,1,False,2026-10-05 13:00:00,2026-10-05 09:59:06,Running Valid
FE39F07EBE7870DCE124AB30DF3ABD0700A43F75,Quetzalcoatl,1,AS36352,silent,2026-10-05 09:57:25,db,B,2026-10-05 09:57:25,2026-10-05 09:57:15,0,0,0,0,,0,1,False,2026-10-05 13:00:00,2026-10-05 09:57:15,Fast Running Valid
FEDA854291A94B8CA5BB6920AE100346EBC4E522,4715,0,AS53667,publishing,2026-10-08 20:42:38,2026-10-08-22-44-16-server-descriptors,A,2026-10-08 20:42:38,2026-10-04 22:20:55,3,2,3,0,dannenberg dizum tor26,1,1,False,2026-10-05 13:00:00,2026-10-04 22:20:55,Exit Running V2Dir Valid
FF5D90ED89CED626358E7074132067E157EEBA41,Polyphemus13,0,AS53667,silent,2026-10-04 17:16:05,db,A,2026-10-04 17:16:05,2026-09-29 14:15:53,0,0,0,0,,1,1,False,2026-10-04 23:00:00,2026-09-29 14:15:53,Exit Fast Guard Running Stable V2Dir Valid
FF9702936CB698B6E6E0789708E7532EA3FF380F,Quetzalcoatl,1,AS36352,silent,2026-10-05 10:25:32,db,B,2026-10-05 10:25:32,2026-10-05 10:25:28,0,0,0,0,,0,1,False,2026-10-04 19:00:00,2026-10-05 10:25:28,Exit Fast Running Stable V2Dir Valid
