valid_after,bw_total,bw_exit_flag,bw_exit_usable,bw_victims_attacker_usable_exit,n_victims_attacker_usable_exit,n_victims_attacker_pline,n_badexit,n_middleonly,n_victims_badexit,n_victims_middleonly,n_relays,pct_usable_exit_weight_victims
2026-09-24 00:00:00,200620256,66361802,66335758,0,0,0,32,28,1,1,9405,0.0
2026-09-24 01:00:00,200983581,66486812,66460788,0,0,0,31,28,1,1,9442,0.0
2026-09-24 02:00:00,201132828,66558813,66531769,0,0,0,32,28,1,1,9446,0.0
2026-09-24 03:00:00,201135373,66680023,66652999,0,0,0,31,28,1,1,9441,0.0
2026-09-24 04:00:00,200964901,66716643,66689619,0,0,0,31,28,1,1,9442,0.0
2026-09-24 05:00:00,200911062,66724545,66697501,0,0,0,32,28,1,1,9462,0.0
2026-09-24 06:00:00,200659369,66602804,66575780,0,0,0,31,28,1,1,9459,0.0
2026-09-24 07:00:00,200559829,66687266,66660242,0,0,0,31,28,1,1,9445,0.0
2026-09-24 08:00:00,200171196,66666987,66639943,0,0,0,32,28,1,1,9443,0.0
2026-09-24 09:00:00,200078187,66756548,66729524,0,0,0,31,28,1,1,9458,0.0
2026-09-24 10:00:00,200423310,66904247,66877223,0,0,0,31,28,1,1,9460,0.0
2026-09-24 11:00:00,200044363,66738137,66711093,0,0,0,32,28,1,1,9459,0.0
2026-09-24 12:00:00,200240752,66815178,66788134,0,0,0,32,28,1,1,9466,0.0
2026-09-24 13:00:00,197768184,66421768,66394744,0,0,0,31,28,1,1,9376,0.0
2026-09-24 14:00:00,197251969,66353979,66326935,0,0,0,32,28,1,1,9351,0.0
2026-09-24 15:00:00,197439340,66639973,66612929,0,0,0,32,28,1,1,9380,0.0
2026-09-24 16:00:00,198630251,66838653,66811629,0,0,0,31,28,1,1,9412,0.0
2026-09-24 17:00:00,198852033,66823489,66796465,0,0,0,31,28,1,1,9417,0.0
2026-09-24 18:00:00,198522189,66836363,66809319,0,0,0,32,28,1,1,9416,0.0
2026-09-24 19:00:00,198835352,67010235,66983210,0,0,0,32,28,1,1,9422,0.0
2026-09-24 20:00:00,198571016,67061607,67034582,0,0,0,32,28,1,1,9417,0.0
2026-09-24 21:00:00,198342923,66901336,66874291,0,0,0,33,28,1,1,9423,0.0
2026-09-24 22:00:00,198077850,66948626,66921601,0,0,0,32,28,1,1,9417,0.0
2026-09-24 23:00:00,198574734,67102786,67075761,0,0,0,32,28,1,1,9431,0.0
2026-09-25 00:00:00,198457232,67055206,67028161,0,0,0,33,28,1,1,9428,0.0
2026-09-25 01:00:00,198685596,67250185,67223160,0,0,0,32,28,1,1,9466,0.0
2026-09-25 02:00:00,198996969,67310608,67283583,0,0,0,32,28,1,1,9453,0.0
2026-09-25 03:00:00,199003908,67288068,67261023,0,0,0,33,28,1,1,9466,0.0
2026-09-25 04:00:00,198742307,67273268,67246244,0,0,0,31,28,1,1,9446,0.0
2026-09-25 05:00:00,199053645,67251378,67224354,0,0,0,31,28,1,1,9475,0.0
2026-09-25 06:00:00,198939761,67180379,67153334,0,0,0,33,28,1,1,9487,0.0
2026-09-25 07:00:00,197558737,65716440,65689395,0,0,0,33,28,1,1,9460,0.0
2026-09-25 08:00:00,197842514,65700659,65673633,0,0,0,32,28,1,1,9442,0.0
2026-09-25 09:00:00,197865074,65852459,65825433,0,0,0,32,28,1,1,9449,0.0
2026-09-25 10:00:00,197388206,65891483,65864437,0,0,0,33,28,1,1,9470,0.0
2026-09-25 11:00:00,197534592,65939623,65912597,0,0,0,32,28,1,1,9466,0.0
2026-09-25 12:00:00,197179995,65766003,65738977,0,0,0,32,28,1,1,9457,0.0
2026-09-25 13:00:00,195913015,65735442,65708396,0,0,0,33,28,1,1,9416,0.0
2026-09-25 14:00:00,194386753,65594233,65567187,0,0,0,33,28,1,1,9371,0.0
2026-09-25 15:00:00,195188317,65698332,65671306,0,0,0,32,28,1,1,9374,0.0
2026-09-25 16:00:00,195953020,65787879,65662853,0,0,0,33,28,1,1,9399,0.0
2026-09-25 17:00:00,195990902,65676931,65551885,0,0,0,34,28,1,1,9389,0.0
2026-09-25 18:00:00,196039162,65587910,65560884,0,0,0,33,29,1,1,9370,0.0
2026-09-25 19:00:00,196183781,65810261,65783235,0,0,0,33,29,1,1,9401,0.0
2026-09-25 20:00:00,196345739,65902579,65875533,0,0,0,34,29,1,1,9410,0.0
2026-09-25 21:00:00,196078357,65898181,65871155,0,0,0,33,29,1,1,9399,0.0
2026-09-25 22:00:00,196385977,65934379,65907353,0,0,0,33,29,1,1,9417,0.0
2026-09-25 23:00:00,196635755,65874445,65847399,0,0,0,34,29,1,1,9418,0.0
2026-09-26 00:00:00,196168069,65890364,65863338,0,0,0,33,29,1,1,9412,0.0
2026-09-26 01:00:00,196224438,65796555,65769529,0,0,0,33,29,1,1,9415,0.0
2026-09-26 02:00:00,196521483,65785684,65758638,0,0,0,34,29,1,1,9443,0.0
2026-09-26 03:00:00,196529961,65648324,65621298,0,0,0,33,29,1,1,9439,0.0
2026-09-26 04:00:00,196028749,65807329,65776104,0,0,0,33,29,1,1,9431,0.0
2026-09-26 05:00:00,196291720,65863630,65830085,0,0,0,34,29,1,1,9427,0.0
2026-09-26 06:00:00,196273602,66081420,66047895,0,0,0,33,29,1,1,9431,0.0
2026-09-26 07:00:00,196016662,66041289,66007764,0,0,0,33,29,1,1,9449,0.0
2026-09-26 08:00:00,196094298,66110441,66076896,0,0,0,34,29,1,1,9450,0.0
2026-09-26 09:00:00,196198933,66102641,66069096,0,0,0,34,29,1,1,9447,0.0
2026-09-26 10:00:00,196053965,66020649,65987124,0,0,0,33,29,1,1,9443,0.0
2026-09-26 11:00:00,196148381,66023745,65990220,0,0,0,33,29,1,1,9452,0.0
2026-09-26 12:00:00,195930395,65935187,65899362,0,0,0,34,29,1,1,9446,0.0
2026-09-26 13:00:00,194672646,65730120,65696595,0,0,0,33,29,1,1,9410,0.0
2026-09-26 14:00:00,193323089,65403249,65369724,0,0,0,33,29,1,1,9363,0.0
2026-09-26 15:00:00,194048957,65518965,65483140,0,0,0,34,29,1,1,9368,0.0
2026-09-26 16:00:00,193944021,65835135,65799310,0,0,0,34,29,1,1,9379,0.0
2026-09-26 17:00:00,194127553,65876414,65842889,0,0,0,33,29,1,1,9363,0.0
2026-09-26 18:00:00,194160400,65806958,65773433,0,0,0,33,29,1,1,9384,0.0
2026-09-26 19:00:00,195321832,67445179,67409354,0,0,0,34,29,1,1,9396,0.0
2026-09-26 20:00:00,195644481,67434957,67401432,0,0,0,33,29,1,1,9404,0.0
2026-09-26 21:00:00,196199999,67500805,67467280,0,0,0,33,29,1,1,9437,0.0
2026-09-26 22:00:00,194303904,67148247,67118922,0,0,0,33,29,1,1,9399,0.0
2026-09-26 23:00:00,193938097,67161237,67131912,0,0,0,33,29,1,1,9377,0.0
2026-09-27 00:00:00,195268662,67533648,67506623,0,0,0,32,29,1,1,9412,0.0
2026-09-27 01:00:00,195562874,67499959,67470634,0,0,0,33,29,1,1,9445,0.0
2026-09-27 02:00:00,195344191,67491939,67464914,0,0,0,32,29,1,1,9430,0.0
2026-09-27 03:00:00,195069539,67339031,67312006,0,0,0,32,29,1,1,9424,0.0
2026-09-27 04:00:00,195384824,67425825,67396500,0,0,0,33,29,1,1,9443,0.0
2026-09-27 05:00:00,195425931,67497726,67470701,0,0,0,32,29,1,1,9456,0.0
2026-09-27 06:00:00,194914003,67353794,67326769,0,0,0,32,29,1,1,9442,0.0
2026-09-27 07:00:00,195150191,67478844,67449519,0,0,0,33,29,1,1,9465,0.0
2026-09-27 08:00:00,194997690,67554029,67523704,0,0,0,33,29,1,1,9465,0.0
2026-09-27 09:00:00,195350623,67732329,67704304,0,0,0,32,29,1,1,9469,0.0
2026-09-27 10:00:00,195101455,67611821,67583796,0,0,0,32,29,1,1,9457,0.0
2026-09-27 11:00:00,195037152,67668462,67638135,0,0,0,33,29,1,1,9467,0.0
2026-09-27 12:00:00,194806998,67673520,67645493,0,0,0,32,29,1,1,9458,0.0
2026-09-27 13:00:00,193010048,67441933,67413906,0,0,0,32,29,1,1,9408,0.0
2026-09-27 14:00:00,192138599,67418385,67388058,0,0,0,33,29,1,1,9378,0.0
2026-09-27 15:00:00,193108550,67635449,67607422,0,0,0,32,29,1,1,9386,0.0
2026-09-27 16:00:00,193525201,67510488,67482461,0,0,0,32,29,1,1,9394,0.0
2026-09-27 17:00:00,193301507,67331429,67301102,0,0,0,33,29,1,1,9412,0.0
2026-09-27 18:00:00,192212995,67175075,67147048,0,0,0,32,29,1,1,9364,0.0
2026-09-27 19:00:00,193088825,67494224,67466197,0,0,0,32,29,1,1,9402,0.0
2026-09-27 20:00:00,193007484,67350560,67320233,0,0,0,33,29,1,1,9401,0.0
2026-09-27 21:00:00,193187874,67469171,67441144,0,0,0,32,29,1,1,9406,0.0
2026-09-27 22:00:00,192995258,67435116,67407089,0,0,0,32,29,1,1,9413,0.0
2026-09-27 23:00:00,193766829,67543148,67512821,0,0,0,33,29,1,1,9438,0.0
2026-09-28 00:00:00,193845658,67719398,67691371,0,0,0,32,29,1,1,9438,0.0
2026-09-28 01:00:00,194192772,67645067,67617040,0,0,0,32,29,1,1,9466,0.0
2026-09-28 02:00:00,194320723,67554527,67524200,0,0,0,33,29,1,1,9451,0.0
2026-09-28 03:00:00,194194793,67573127,67545100,0,0,0,32,29,1,1,9440,0.0
2026-09-28 04:00:00,193452954,67546857,67518830,0,0,0,32,29,1,1,9449,0.0
2026-09-28 05:00:00,193760232,67573288,67542961,0,0,0,33,29,1,1,9472,0.0
2026-09-28 06:00:00,193803546,67448584,67420557,0,0,0,32,29,1,1,9450,0.0
2026-09-28 07:00:00,193484918,67439775,67411748,0,0,0,32,29,1,1,9449,0.0
2026-09-28 08:00:00,193869068,67327595,67297268,0,0,0,32,29,1,1,9473,0.0
2026-09-28 09:00:00,194026006,67444415,67416388,0,0,0,31,29,1,1,9472,0.0
2026-09-28 10:00:00,193852746,67784106,67756079,0,0,0,32,29,1,1,9488,0.0
2026-09-28 11:00:00,193845627,67738822,67708495,0,0,0,33,29,1,1,9499,0.0
2026-09-28 12:00:00,192742934,67387609,67359582,0,0,0,31,29,1,1,9480,0.0
2026-09-28 13:00:00,191982502,67101443,67070316,0,0,0,32,29,1,1,9433,0.0
2026-09-28 14:00:00,191656634,67165568,67134441,0,0,0,32,28,1,1,9410,0.0
2026-09-28 15:00:00,191324229,67208017,67176890,0,0,0,33,29,1,1,9388,0.0
2026-09-28 16:00:00,191699278,67456198,67423871,0,0,0,33,29,1,1,9407,0.0
2026-09-28 17:00:00,192254005,67594058,67561731,0,0,0,33,29,1,1,9424,0.0
2026-09-28 18:00:00,192928897,67654087,67621760,0,0,0,33,29,1,1,9465,0.0
2026-09-28 19:00:00,192572529,67607029,67574702,0,0,0,33,29,1,1,9439,0.0
2026-09-28 20:00:00,192668286,67701343,67669016,0,0,0,33,29,1,1,9460,0.0
2026-09-28 21:00:00,192883324,67806256,67773929,0,0,0,33,29,1,1,9489,0.0
2026-09-28 22:00:00,192794213,67744577,67709950,0,0,0,34,29,1,1,9464,0.0
2026-09-28 23:00:00,192802698,67670301,67635674,0,0,0,34,29,1,1,9491,0.0
2026-09-29 00:00:00,192258222,67657600,67625273,0,0,0,33,29,1,1,9499,0.0
2026-09-29 01:00:00,192702034,67728319,67693592,0,0,0,34,29,1,1,9519,0.0
2026-09-29 02:00:00,192861718,67761229,67728902,0,0,0,33,29,1,1,9518,0.0
2026-09-29 03:00:00,192312705,67713965,67681638,0,0,0,33,29,1,1,9516,0.0
2026-09-29 04:00:00,192524434,67714017,67679290,0,0,0,34,29,1,1,9517,0.0
2026-09-29 05:00:00,192618134,67601120,67568793,0,0,0,33,29,1,1,9545,0.0
2026-09-29 06:00:00,192340782,67672833,67640506,0,0,0,34,29,1,1,9523,0.0
2026-09-29 07:00:00,192252088,67804565,67769838,0,0,0,34,28,1,1,9523,0.0
2026-09-29 08:00:00,192291683,67897441,67865114,0,0,0,34,29,1,1,9512,0.0
2026-09-29 09:00:00,192423683,67905129,67872801,0,0,0,34,29,1,1,9523,0.0
2026-09-29 10:00:00,188095293,63545690,63510962,0,0,0,35,29,1,1,9421,0.0
2026-09-29 11:00:00,187983954,63578916,63546588,0,0,0,34,29,1,1,9423,0.0
2026-09-29 12:00:00,187789947,63602016,63569688,0,0,0,34,29,1,1,9413,0.0
2026-09-29 13:00:00,186570759,63273908,63239180,0,0,0,35,29,1,1,9334,0.0
2026-09-29 14:00:00,186185904,63064614,63029886,0,0,0,35,29,1,1,9316,0.0
2026-09-29 15:00:00,186566848,62865795,62834467,0,0,0,34,29,1,1,9301,0.0
2026-09-29 16:00:00,186987161,63122775,63091447,0,0,0,34,29,1,1,9345,0.0
2026-09-29 17:00:00,188468491,63789974,63754646,0,0,0,35,29,1,1,9457,0.0
2026-09-29 18:00:00,188570961,63757914,63722586,0,0,0,35,29,1,1,9465,0.0
2026-09-29 19:00:00,188189439,63637811,63602483,0,0,0,35,29,1,1,9451,0.0
2026-09-29 20:00:00,188283014,63497768,63462440,0,0,0,41,35,1,1,9424,0.0
2026-09-29 21:00:00,187861214,63223602,63188274,0,0,0,41,35,1,1,9415,0.0
2026-09-29 22:00:00,187830861,63426492,63391164,0,0,0,41,35,1,1,9421,0.0
2026-09-29 23:00:00,188197429,63486922,63451594,0,0,0,41,35,1,1,9426,0.0
2026-09-30 00:00:00,187909906,63191003,63155675,0,0,0,41,35,1,1,9421,0.0
2026-09-30 01:00:00,188554247,63369212,63333884,0,0,0,41,35,1,1,9454,0.0
2026-09-30 02:00:00,188544011,63308190,63272862,0,0,0,41,35,1,1,9458,0.0
2026-09-30 03:00:00,188317669,63371959,63336631,0,0,0,41,35,1,1,9443,0.0
2026-09-30 04:00:00,187458432,63050519,63015191,0,0,0,41,35,1,1,9438,0.0
2026-09-30 05:00:00,187712611,63020441,62985113,0,0,0,41,35,1,1,9447,0.0
2026-09-30 06:00:00,187562020,62848392,62813064,0,0,0,41,35,1,1,9436,0.0
2026-09-30 07:00:00,187560294,62824560,62789232,0,0,0,41,35,1,1,9443,0.0
2026-09-30 08:00:00,186966428,62294745,62259417,0,0,0,41,35,1,1,9421,0.0
2026-09-30 09:00:00,187649946,62784112,62748784,0,0,0,41,35,1,1,9438,0.0
2026-09-30 10:00:00,187338391,62801034,62765706,0,0,0,41,35,1,1,9425,0.0
2026-09-30 11:00:00,190573842,64000522,63965194,0,0,0,41,35,1,1,9412,0.0
2026-09-30 12:00:00,189404683,63460744,63427416,0,0,0,40,35,1,1,9336,0.0
2026-09-30 13:00:00,188660838,63027597,62994269,0,0,0,40,35,1,1,9304,0.0
2026-09-30 14:00:00,189120951,63431176,63395848,0,0,0,41,35,1,1,9307,0.0
2026-09-30 15:00:00,191537250,64221524,64186196,0,0,0,41,35,1,1,9425,0.0
2026-09-30 16:00:00,192082253,64329343,64294015,0,0,0,39,33,1,1,9437,0.0
2026-09-30 17:00:00,191847770,64290653,64255325,0,0,0,39,33,1,1,9421,0.0
2026-09-30 18:00:00,191352700,64196506,64163178,0,0,0,38,33,1,1,9413,0.0
2026-09-30 19:00:00,191903906,64281671,64248343,0,0,0,38,33,1,1,9440,0.0
2026-09-30 20:00:00,192309004,64320476,64287148,0,0,0,38,33,1,1,9450,0.0
2026-09-30 21:00:00,192362179,64352811,64319483,0,0,0,38,33,1,1,9447,0.0
2026-09-30 22:00:00,192486119,64334191,64300863,0,0,0,38,33,1,1,9439,0.0
2026-09-30 23:00:00,192456590,64259133,64225905,0,0,0,38,33,1,1,9433,0.0
2026-10-01 00:00:00,191297713,64050592,64017364,0,0,0,38,33,1,1,9351,0.0
2026-10-01 01:00:00,193730993,64233932,64200704,0,0,0,38,33,1,1,9500,0.0
2026-10-01 02:00:00,192849571,63922182,63888954,0,0,0,38,33,1,1,9459,0.0
2026-10-01 03:00:00,191879799,63704792,63671564,0,0,0,38,33,1,1,9407,0.0
2026-10-01 04:00:00,191601982,63569013,63535785,0,0,0,38,33,1,1,9442,0.0
2026-10-01 05:00:00,192140454,63652609,63619381,0,0,0,38,33,1,1,9478,0.0
2026-10-01 06:00:00,192302501,63785069,63751841,0,0,0,38,33,1,1,9465,0.0
2026-10-01 07:00:00,192501966,64055298,64022070,0,0,0,38,33,1,1,9473,0.0
2026-10-01 08:00:00,193020300,64236112,64202884,0,0,0,38,33,1,1,9497,0.0
2026-10-01 09:00:00,193042661,64321501,64288273,0,0,0,38,33,1,1,9500,0.0
2026-10-01 10:00:00,192256883,63607901,63574673,0,0,0,38,33,1,1,9464,0.0
2026-10-01 11:00:00,193320992,64287669,64254441,0,0,0,38,33,1,1,9504,0.0
2026-10-01 12:00:00,193314305,64317008,64283780,0,0,0,38,33,1,1,9497,0.0
2026-10-01 13:00:00,192162981,63892094,63857866,0,0,0,38,33,1,1,9438,0.0
2026-10-01 14:00:00,191531801,63966635,63932407,0,0,0,38,33,1,1,9428,0.0
2026-10-01 15:00:00,193134948,64368804,64334576,139800,3,3,38,33,1,1,9487,0.217
2026-10-01 16:00:00,192522435,64118253,64084025,1305601,43,43,38,33,1,1,9452,2.037
2026-10-01 17:00:00,192646201,64295471,64261243,1305601,43,43,38,33,1,1,9440,2.032
2026-10-01 18:00:00,193248562,64541008,64506780,1305601,43,43,37,32,1,1,9463,2.024
2026-10-01 20:00:00,192717431,64392850,64358622,1305601,43,43,38,33,1,1,9457,2.029
2026-10-01 21:00:00,192568043,64506850,64472622,1312601,43,43,38,33,1,1,9447,2.036
2026-10-01 22:00:00,192898870,64647497,64613269,1314601,43,43,38,33,1,1,9451,2.035
2026-10-01 23:00:00,193321008,64654100,64618872,1314601,43,43,38,33,1,1,9463,2.034
2026-10-02 00:00:00,193331437,64670190,64634962,1314601,43,43,38,33,1,1,9482,2.034
2026-10-02 01:00:00,193781573,64790343,64755115,1313301,43,43,38,33,1,1,9516,2.028
2026-10-02 02:00:00,193955249,64830581,64795353,1339301,43,43,38,33,1,1,9525,2.067
2026-10-02 03:00:00,193824111,64725525,64690297,1332301,43,43,38,33,1,1,9515,2.06
2026-10-02 04:00:00,194215482,64853903,64818675,1330301,43,43,38,33,1,1,9517,2.052
2026-10-02 05:00:00,194679319,64947355,64912127,1327001,43,43,38,33,1,1,9540,2.044
2026-10-02 06:00:00,194563000,64832961,64797733,1327001,43,43,37,32,1,1,9530,2.048
2026-10-02 07:00:00,194284819,64777751,64742523,1325001,43,43,38,33,1,1,9539,2.047
2026-10-02 08:00:00,193586494,64153780,64118552,1325001,43,43,38,33,1,1,9513,2.066
2026-10-02 09:00:00,194925591,65010761,64975533,1323101,43,43,38,33,1,1,9537,2.036
2026-10-02 10:00:00,194663296,64988157,64952929,4608812,325,325,38,33,1,1,9506,7.096
2026-10-02 11:00:00,194734361,65232017,65196789,4721372,330,331,38,33,1,1,9533,7.242
2026-10-02 12:00:00,194801833,65245115,65209887,4724612,330,331,38,33,1,1,9539,7.245
2026-10-02 13:00:00,194353274,65207885,65172657,4724922,330,331,37,32,1,1,9489,7.25
2026-10-02 14:00:00,193577663,65169675,65134447,4725992,330,331,38,33,1,1,9461,7.256
2026-10-02 15:00:00,194087635,65399898,65364670,4689332,331,332,38,33,1,1,9500,7.174
2026-10-02 16:00:00,194628442,65655088,65624060,4741402,332,333,37,33,1,1,9483,7.225
2026-10-02 17:00:00,194461948,65626182,65595154,4741482,332,333,37,33,1,1,9488,7.228
2026-10-02 18:00:00,194809886,65629546,65594318,4722462,332,333,38,33,1,1,9516,7.199
2026-10-02 19:00:00,195165962,65897391,65862163,4723122,332,333,38,33,1,1,9508,7.171
2026-10-02 20:00:00,195083058,65740812,65705584,4699632,331,332,38,33,1,1,9491,7.153
2026-10-02 21:00:00,195083402,65821741,65786513,4698762,332,333,38,33,1,1,9498,7.142
2026-10-02 22:00:00,194340597,65035431,65000203,4688562,331,332,38,33,1,1,9487,7.213
2026-10-02 23:00:00,194587228,64997050,64961822,4687362,331,332,38,33,1,1,9487,7.216
2026-10-03 00:00:00,195120408,65232652,65197424,4683992,331,332,37,32,1,1,9505,7.184
2026-10-03 01:00:00,195759469,65198355,65163127,4680852,331,332,37,32,1,1,9548,7.183
2026-10-03 02:00:00,195837063,65188859,65153631,4675362,331,332,37,32,1,1,9540,7.176
2026-10-03 03:00:00,195315223,65203540,65168312,4669062,331,332,37,32,1,1,9519,7.165
2026-10-03 04:00:00,195681404,65262368,65227140,4661162,331,332,37,32,1,1,9521,7.146
2026-10-03 05:00:00,195969321,65221772,65186544,4657392,331,332,37,32,1,1,9545,7.145
2026-10-03 06:00:00,195600413,65417088,65381860,4651092,331,332,37,32,1,1,9535,7.114
2026-10-03 07:00:00,195594165,65447092,65411864,4648112,331,332,37,32,1,1,9516,7.106
2026-10-03 08:00:00,195963024,65350763,65315535,4630082,331,332,37,32,1,1,9527,7.089
2026-10-03 09:00:00,196288513,65525543,65490315,4627222,331,332,37,32,1,1,9544,7.066
2026-10-03 10:00:00,196081893,65668625,65633397,4615362,331,332,37,32,1,1,9525,7.032
2026-10-03 11:00:00,196139384,65877465,65842237,4774102,350,351,37,32,1,1,9524,7.251
2026-10-03 12:00:00,196735385,65963582,65928354,4772099,347,348,37,32,1,1,9538,7.238
2026-10-03 13:00:00,195740582,65603017,65567789,4775391,347,348,37,32,1,1,9499,7.283
2026-10-03 14:00:00,194417980,65411257,65376029,4695651,346,347,37,32,1,1,9458,7.183
2026-10-03 15:00:00,194952005,65880595,65845367,4699879,346,347,37,32,1,1,9437,7.138
2026-10-03 16:00:00,193828618,64233713,64198485,4632109,343,344,37,32,1,1,9435,7.215
2026-10-03 17:00:00,193937929,64153813,64118585,4606269,345,346,37,32,1,1,9450,7.184
2026-10-03 18:00:00,193779303,63964002,63928775,4632979,346,347,36,31,1,1,9430,7.247
2026-10-03 19:00:00,194525673,64331775,64296548,4677969,348,349,36,31,1,1,9439,7.276
2026-10-03 20:00:00,194882180,64333214,64297987,4675269,348,349,35,30,1,1,9442,7.271
2026-10-03 21:00:00,195161673,64182344,64147117,4630669,346,347,36,31,1,1,9453,7.219
2026-10-03 22:00:00,194951292,64149428,64113199,4659488,347,348,36,31,1,1,9454,7.268
2026-10-03 23:00:00,195559738,64463520,64427291,4653338,347,348,36,31,1,1,9467,7.223
2026-10-04 00:00:00,196243656,64796184,64759955,4828148,351,352,36,31,1,1,9483,7.455
2026-10-04 01:00:00,196263398,64705994,64669765,4826218,351,352,36,31,1,1,9498,7.463
2026-10-04 02:00:00,196589602,64659866,64623637,4813618,351,352,36,31,1,1,9504,7.449
2026-10-04 03:00:00,196876485,64665726,64629497,4801398,351,352,36,31,1,1,9493,7.429
2026-10-04 04:00:00,197305900,64945975,64909746,4821588,352,353,36,31,1,1,9508,7.428
2026-10-04 05:00:00,197278848,64960317,64924088,4801968,349,350,36,31,1,1,9509,7.396
2026-10-04 06:00:00,197105377,64912115,64875886,4817388,351,352,36,31,1,1,9499,7.426
2026-10-04 07:00:00,197665131,64899113,64862884,4779028,344,345,36,31,1,1,9506,7.368
2026-10-04 08:00:00,197594333,65046122,65009893,4775528,348,349,36,31,1,1,9503,7.346
2026-10-04 09:00:00,197395766,65090993,65054765,4799978,350,351,36,31,1,1,9499,7.378
2026-10-04 10:00:00,197520875,64921704,64885476,4769018,349,350,36,31,1,1,9489,7.35
2026-10-04 11:00:00,197681242,64938322,64901894,4765179,349,350,36,31,1,1,9501,7.342
2026-10-04 12:00:00,198125460,65156291,65119863,4762648,348,349,36,31,1,1,9509,7.314
2026-10-04 13:00:00,196683236,64860681,64856253,4764538,348,349,35,31,1,1,9464,7.346
2026-10-04 14:00:00,196474259,64548097,64543669,4766768,348,349,35,31,1,1,9437,7.385
2026-10-04 15:00:00,196843078,64609098,64572670,4569958,343,344,36,31,1,1,9461,7.077
2026-10-04 16:00:00,196148012,64010026,63973598,3832837,318,319,36,31,1,1,9437,5.991
2026-10-04 17:00:00,195991856,63613976,63609548,3346197,301,302,35,31,1,1,9427,5.261
2026-10-04 18:00:00,195223354,62777831,62773403,2667647,281,282,35,31,1,1,9380,4.25
2026-10-04 19:00:00,195605034,62561621,62525193,2505137,229,230,36,31,1,1,9370,4.007
2026-10-04 20:00:00,194597155,61670635,61634207,1681137,107,108,36,31,1,1,9222,2.728
2026-10-04 21:00:00,194184616,60907038,60511610,466401,12,77,98,79,63,49,9195,0.771
2026-10-04 22:00:00,194479796,60958077,60562649,465501,12,77,98,79,63,49,9210,0.769
2026-10-04 23:00:00,194564164,60949807,60588379,465501,13,60,93,75,58,45,9205,0.768
2026-10-05 00:00:00,194146209,60533235,60218807,471401,13,50,83,67,48,37,9202,0.783
2026-10-05 01:00:00,194402104,60481214,60166786,471401,13,50,83,67,48,37,9223,0.783
2026-10-05 02:00:00,194391704,60450203,60135775,466402,13,46,79,63,44,33,9216,0.776
2026-10-05 03:00:00,194303645,60358903,60044475,466402,13,46,79,63,44,33,9205,0.777
2026-10-05 04:00:00,194495315,60424093,60109665,467302,13,46,79,63,44,33,9198,0.777
2026-10-05 05:00:00,194543841,60421603,60107175,467302,13,46,79,63,44,33,9207,0.777
2026-10-05 06:00:00,194019708,60367593,60053165,466302,13,46,79,63,44,33,9192,0.776
2026-10-05 07:00:00,194318590,60398283,60083855,466302,13,46,79,63,44,33,9202,0.776
2026-10-05 08:00:00,194539489,60231573,60195145,469302,13,45,79,74,44,44,9204,0.78
2026-10-05 09:00:00,194821288,60337023,60300595,466802,13,44,78,73,43,43,9220,0.774
2026-10-05 10:00:00,196567669,60368476,60332048,466802,13,126,159,154,124,124,9293,0.774
2026-10-05 11:00:00,198076618,60379296,60342868,466802,13,262,243,238,208,208,9443,0.774
2026-10-05 12:00:00,198549810,60871474,60835046,466802,13,253,35,30,1,1,9427,0.767
2026-10-05 13:00:00,195841548,60733823,60697395,466802,13,156,36,31,1,1,9296,0.769
2026-10-05 14:00:00,193934703,60348413,60309885,466801,12,41,36,31,1,1,9156,0.774
2026-10-05 15:00:00,194213036,60384442,60345314,465801,12,40,36,31,1,1,9159,0.772
2026-10-05 16:00:00,194818123,60280536,60241408,0,0,20,36,31,1,1,9156,0.0
2026-10-05 17:00:00,195000765,60271808,60232680,0,0,0,36,31,1,1,9115,0.0
2026-10-05 18:00:00,194641344,60243754,60204626,0,0,0,36,31,1,1,9094,0.0
2026-10-05 19:00:00,194148443,60216744,60177616,0,0,0,36,31,1,1,9089,0.0
2026-10-05 20:00:00,192109114,58345204,58305076,0,0,0,36,31,1,1,9038,0.0
2026-10-05 21:00:00,194632744,60384854,60343726,0,0,0,36,31,1,1,9113,0.0
2026-10-05 22:00:00,195138211,60305684,60264556,0,0,0,36,31,1,1,9124,0.0
2026-10-05 23:00:00,195269421,59950955,59909827,0,0,0,36,31,1,1,9117,0.0
2026-10-06 00:00:00,195152848,60102056,60060928,0,0,0,36,31,1,1,9127,0.0
2026-10-06 01:00:00,196109673,60352677,60311549,0,0,0,36,31,1,1,9165,0.0
2026-10-06 02:00:00,196061978,60269258,60228130,0,0,0,36,31,1,1,9156,0.0
2026-10-06 03:00:00,196722651,60260150,60219022,0,0,0,36,31,1,1,9168,0.0
2026-10-06 04:00:00,196446749,60195303,60154175,0,0,0,36,31,1,1,9160,0.0
2026-10-06 05:00:00,196579169,60192163,60152035,0,0,0,36,31,1,1,9163,0.0
2026-10-06 06:00:00,196444482,60225864,60185736,0,0,0,36,31,1,1,9167,0.0
2026-10-06 07:00:00,196436441,60335663,60295635,0,0,0,36,31,1,1,9176,0.0
2026-10-06 08:00:00,196605879,60386079,60346051,0,0,0,36,31,1,1,9185,0.0
2026-10-06 09:00:00,196676042,60430286,60390258,0,0,0,36,31,1,1,9166,0.0
2026-10-06 10:00:00,196618687,60212887,60172859,0,0,0,36,31,1,1,9165,0.0
2026-10-06 11:00:00,198115101,61499651,61459623,0,0,0,36,31,1,1,9215,0.0
2026-10-06 12:00:00,198300127,61473850,61433822,0,0,0,36,31,1,1,9208,0.0
2026-10-06 13:00:00,198100297,61732170,61692142,0,0,0,36,31,1,1,9172,0.0
2026-10-06 14:00:00,197557628,61452042,61412014,0,0,0,36,31,1,1,9160,0.0
2026-10-06 15:00:00,197779502,61583393,61543365,0,0,0,35,30,1,1,9153,0.0
2026-10-06 16:00:00,197908868,61823391,61783363,0,0,0,36,31,1,1,9156,0.0
2026-10-06 17:00:00,197848661,61713402,61673374,0,0,0,36,31,1,1,9165,0.0
2026-10-06 18:00:00,197590432,61367910,61327882,0,0,0,36,31,1,1,9092,0.0
2026-10-06 19:00:00,196724851,61292457,61252429,0,0,0,36,31,1,1,9054,0.0
2026-10-06 20:00:00,197205104,61564160,61524132,0,0,0,35,30,1,1,9105,0.0
2026-10-06 21:00:00,197418508,61640401,61600373,0,0,0,36,31,1,1,9108,0.0
2026-10-06 22:00:00,197112588,61683922,61643894,0,0,0,36,31,1,1,9111,0.0
2026-10-06 23:00:00,197359746,61557073,61517045,0,0,0,36,31,1,1,9124,0.0
2026-10-07 00:00:00,197937064,61738254,61698226,0,0,0,35,30,1,1,9146,0.0
2026-10-07 01:00:00,198920954,62039026,61998998,0,0,0,38,33,1,1,9170,0.0
2026-10-07 02:00:00,198306851,61902607,61862579,0,0,0,38,33,1,1,9155,0.0
