operator,relays,ases,on_provider,hit_on_provider,hit_elsewhere,breakdown
Brandon Kuschel <tor AT NOSPAM brandonkuschel dot com>,24,3,1,1,0,"53667 FranTech Solutions: 16 relays, 16 hit; 398101 GoDaddy.com, LLC: 5 relays, 0 hit; 16276 OVH SAS: 3 relays, 0 hit"
Satanist <admin AT 2cb dot su>,20,12,1,1,0,"211507 Julian Achter: 5 relays, 0 hit; 198189 Throttle Limited: 2 relays, 0 hit; 211619 MAXKO d.o.o.: 2 relays, 0 hit; 215659 Aokigahara SRL: 2 relays, 0 hit; 53667 FranTech Solutions: 2 relays, 2 hit; 202412 Omegatech LTD: 1 relays, 0 hit; 213790 Limited Network LTD: 1 relays, 0 hit; 213250 Dominic Scholz trading as: 1 relays, 0 hit; 47890 UNMANAGED LTD: 1 relays, 0 hit; 51765 Oy Crea Nova Hosting Solu: 1 relays, 0 hit; 200912 Joel Krause: 1 relays, 0 hit; 40662 Layer7 Technologies Inc: 1 relays, 0 hit"
email:tor [] middelstaedt dot com url:https://middelstaedt.com proof:uri-rsa abuse:abuse [] middelstaedt dot com pgp:A0D,8,2,1,1,0,"56655 Gigahost AS: 6 relays, 0 hit; 53667 FranTech Solutions: 2 relays, 2 hit"
email:denny.obreham[]a-n-o-n-y-m-e.net url:https://a-n-o-n-y-m-e.net proof:uri-rsa donationurl:https://a-n-o-n-y-m-e.net,7,5,1,1,0,"141995 Contabo Asia Private Limi: 3 relays, 0 hit; 328364 Host Africa (Pty) Ltd: 1 relays, 0 hit; 207656 Epinatura LLC: 1 relays, 0 hit; 53667 FranTech Solutions: 1 relays, 1 hit; 51167 Contabo GmbH: 1 relays, 0 hit"
diyarciftciatprotonmaildotcom,4,4,1,1,0,"24940 Hetzner Online GmbH: 1 relays, 0 hit; 197540 netcup GmbH: 1 relays, 0 hit; 53667 FranTech Solutions: 1 relays, 1 hit; 2856 British Telecommunication: 1 relays, 0 hit"
dhnet.torcontact@gmail.com,3,2,1,1,0,"11232 Midcontinent Communicatio: 2 relays, 0 hit; 53667 FranTech Solutions: 1 relays, 1 hit"
DoNotDisturb AT NoContact NoWarnings,3,2,1,1,0,"53667 FranTech Solutions: 2 relays, 2 hit; 7922 Comcast Cable Communicati: 1 relays, 0 hit"
tor.blissful040@passmail.net,3,3,1,1,0,"8560 IONOS SE: 1 relays, 0 hit; 53667 FranTech Solutions: 1 relays, 1 hit; 31898 Oracle Corporation: 1 relays, 0 hit"
sysadmin@klaxzy.net,2,2,1,1,0,"53667 FranTech Solutions: 1 relays, 1 hit; 8560 IONOS SE: 1 relays, 0 hit"
MarkN.Hebb@gmail.com,2,2,1,1,0,"50360 Tamatiya EOOD: 1 relays, 0 hit; 53667 FranTech Solutions: 1 relays, 1 hit"
Jeff Teitel email:jeff[]teitel.net url:teitel.net proof:dns-rsa ciissversion:2,2,2,1,1,0,"53667 FranTech Solutions: 1 relays, 1 hit; 16276 OVH SAS: 1 relays, 0 hit"
identity:https://keyoxide.org/admin@for-privacy.net email:admin@for-privacy.net url:for-privacy.net proof:dns-familyid-e,83,2,1,0,0,"60729 Stiftung Erneuerbare Frei: 80 relays, 0 hit; 53667 FranTech Solutions: 3 relays, 0 hit"
email:zwiebelrouter[]protonmail[]com ciissversion:3 url:zwiebelrouter.net proof:dns-familyid-ed25519 os:FreeBSD,10,2,1,0,0,"8560 IONOS SE: 8 relays, 0 hit; 53667 FranTech Solutions: 2 relays, 0 hit"
contact(at)greektor(dot)net,5,2,1,0,0,"53667 FranTech Solutions: 4 relays, 0 hit; 32097 WholeSale Internet, Inc.: 1 relays, 0 hit"
nauzome@nauzome.org,5,3,1,0,0,"16276 OVH SAS: 2 relays, 0 hit; 136258 BrainStorm Network, Inc: 2 relays, 0 hit; 53667 FranTech Solutions: 1 relays, 0 hit"
tor-relay@ahnlak.com,4,3,1,0,0,"212477 RoyaleHosting BV: 2 relays, 0 hit; 49683 MASSIVEGRID LTD: 1 relays, 0 hit; 53667 FranTech Solutions: 1 relays, 0 hit"
url:katawaredoki.net proof:dns-familyid-ed25519 ciissversion:3 btc:bc1qkclqn6kelhkyryllhzdax46j2xs75khjmr39va xmr:89YVk9,4,3,1,0,0,"12876 Scaleway SAS: 2 relays, 0 hit; 24940 Hetzner Online GmbH: 1 relays, 0 hit; 53667 FranTech Solutions: 1 relays, 0 hit"
email:MagicBubble876@proton.me ciissversion:2,2,2,1,0,0,"24940 Hetzner Online GmbH: 1 relays, 0 hit; 53667 FranTech Solutions: 1 relays, 0 hit"
