group,start,end,span_min,norm_policy,summary,class,n_lines,relays,hosts,operators,victim_relays,kinds,before_known_infection,operator_list,ases
1,2026-08-17 20:47:47,2026-08-17 20:47:59,0.2,3db80a20b3e8,"accept 80,443",accept-list,3,5,5,5,0,reload=4; restart=1,1,o8dqto26fd@zoho.com [1] || nu3nq40v@mail.ru [1] || dj5j1pu2otp@hotmail.com [1] || bxwyd1phek6@proton.me [1] || mwjncwo5@yandex.com [1],AS36352=2; AS14061=1; AS44570=1; AS200019=1
2,2026-08-19 00:17:32,2026-08-19 00:18:06,0.6,f0642e2a9921,"accept 43,53,80,443,1194,1293,9418",accept-list,8,10,10,10,0,reload=7; restart=3,1,yevhoroi20l@mail.ru [1] || 3hypth7w9bm9@gmail.com [1] || pvdthku797a@icloud.com [1] || igu618qqd@proton.me [1] || ruzocshb@hotmail.com [1] || xfa1vgap@yandex.com [1] || 7sa90jl2h@yandex.com [1] || wzhwb56o@gmx.com [1] || wzs0von3@icloud.com [1] || 064su0qy8rfu@gmx.com [1],AS200019=2; AS16276=2; AS24940=2; AS53667=2; AS63199=1; AS12876=1
3,2026-08-25 13:25:15,2026-08-25 13:55:07,29.9,54a5cdba5d19,"reject 25,135-139,445",other-reject-list,4,4,4,2,0,reload=4,1,(no contact line) [2] || tor@exit.node [2],AS211619=2; AS208137=1; AS30893=1
4,2026-09-28 08:05:13,2026-09-28 08:11:14,6.0,98313a722bd6,"reject 25,110,143,465,587,993,995",other-reject-list,8,10,10,10,0,restart=10,0,ember42@proton.me [1] || willow17@proton.me [1] || juniper23@proton.me [1] || falcon88@proton.me [1] || aspen61@proton.me [1] || stonebridge3@mail.com [1] || northpine9@mail.com [1] || quietriver5@mail.com [1] || lazyotter2@mail.com [1] || cedarhill6@mail.com [1],AS20473=6; AS399629=4
5,2026-10-01 14:49:51,2026-10-01 15:39:19,49.5,1ff8b4ac98a1,"reject 25,110,135,137-139,143,445,465,587,993,995,3389",OUR_POLICY,12,44,32,22,44,reload=42; restart=2,0,Brandon Kuschel <tor AT NOSPAM brandonkuschel dot com> [16] || dolas422@gazeta.pl [4] || Stan <favorite0ne@proton.me> [3] || email:tor [] middelstaedt dot com url:https://middelstaedt.com proof:uri-rsa abu [2] || Satanist <admin AT 2cb dot su> [2] || Random Person <thud_erasure020@simplelogin.com> [1] || Ralph Copeland <copelandhosting AT pissmail dot com> [1] || (no contact line) [1] || whnfhqx9@yandex.com [1] || tor@sully.plus [1] || dhnet.torcontact@gmail.com [1] || TINK 28 at mailbox.org [1] || mailforhkvps@atomicmail.io [1] || name is Blaze --- blazeready@Mail.com [1] || favorite0ne [@proton.me] [1] || copia297@proton.me [1] || torrelayoperator@tutanota.com [1] || the dude ------------------@---------------------- gmx.com [1] || DoNotDisturb AT NoContact NoWarnings [1] || tor@privatebrowing.org [1] || tor-relay-admin@carlos1001.com [1] || email:DicedOnions[]airmail.cc pgp:44518269EE80A8CD8519F4206CAF73918253E26B os:de [1],AS53667=39; AS211720=4; AS133255=1
6,2026-10-02 09:27:42,2026-10-02 10:21:10,53.5,9f86b11dcfbf,"reject 25,119,135-139,445,465,563,587,993,995,1214,4661-4666,6346-6429,6699,6881-6999",near-open,15,312,104,25,312,reload=307; restart=5,0,email:Quetzalcoatl_relays[]proton.me url:https://quetzalcoatl-relays.org proof:u [277] || email:torix[]protonmail.com url:https://torix-relays.org proof:uri-rsa hoster:Fr [4] || DoNotDisturb AT NoContact NoWarnings [3] || (no contact line) [3] || email:tor [] middelstaedt dot com url:https://middelstaedt.com proof:uri-rsa abu [2] || tor@sully.plus [2] || Satanist <admin AT 2cb dot su> [2] || t(at)randomperson(dot)com [2] || email:denny.obreham[]a-n-o-n-y-m-e.net url:https://a-n-o-n-y-m-e.net proof:uri-r [1] || Random Person <thud_erasure020@simplelogin.com> [1] || 0x8acbab2d00b6adef81416beaf815d5cd87d25b75 Likogan admin(at)likogan(dot)dev [1] || tor@privatebrowing.org [1] || mailforhkvps@atomicmail.io [1] || dhnet.torcontact@gmail.com [1] || email:a78i2efsewr0neeknk[]proton.me url:allium.observer proof:dns-familyid-ed255 [1] || torrelayoperator@tutanota.com [1] || email:tor[]alt.cx url:https://alt.cx proof:dns-rsa abuse:tor[]alt.cx hoster:BuyV [1] || Ralph Copeland <copelandhosting AT pissmail dot com> [1] || tor.blissful040@passmail.net [1] || tor-relay-admin@carlos1001.com [1] || andr788k(at)airmail(dot)cc [tor-relay.co] [1] || Brandon Kuschel <tor AT NOSPAM brandonkuschel dot com> [1] || tor(at)thewellinspired(dot)com [tor-relay.co] [1] || John Packet admin@terrorism.network [1] || diskstats@mailboxly.example [1],AS36352=125; AS53667=82; AS197540=40; AS141995=24; AS51167=16; AS211619=16; AS40021=8; AS9044=1
7,2026-10-03 10:26:02,2026-10-03 10:54:51,28.8,9f86b11dcfbf,"reject 25,119,135-139,445,465,563,587,993,995,1214,4661-4666,6346-6429,6699,6881-6999",near-open,15,15,15,11,15,restart=14; reload=1,0,< asara AT devvul DOT com > [4] || (no contact line) [2] || diyarciftciatprotonmaildotcom [1] || sysadmin@klaxzy.net [1] || stealthprivacy.eu [1] || damienjamesh at yahoo dot com [1] || gleepdorf AT proton DOT me [1] || mb-server <tor AT mb-server dot com> [1] || MarkN.Hebb@gmail.com [1] || Spam Trap <tor ATTTT r4v3n dot dot dot net> [1] || Jeff Teitel email:jeff[]teitel.net url:teitel.net proof:dns-rsa ciissversion:2 [1],AS53667=12; AS400304=1; AS399646=1; AS200019=1
8,2026-10-03 16:17:09,2026-10-03 16:18:40,1.5,9f86b11dcfbf,"reject 25,119,135-139,445,465,563,587,993,995,1214,4661-4666,6346-6429,6699,6881-6999",near-open,15,4,4,4,4,restart=4,0,3ipfnszc[at]duck.com [1] || node@proton.me [1] || contact@qampe.com [1] || ronni@gmail.com [1],AS200019=3; AS53667=1
9,2026-10-04 17:49:24,2026-10-04 17:52:02,2.6,9f86b11dcfbf,"reject 25,119,135-139,445,465,563,587,993,995,1214,4661-4666,6346-6429,6699,6881-6999",near-open,15,6,6,4,6,restart=6,0,Stan <favorite0ne@proton.me> [3] || TINK 28 at mailbox.org [1] || <DONTPANIC> <gmx.co.uk> [1] || kalebmii2(at)proton(dot)me [1],AS53667=6
10,2026-10-04 22:23:39,2026-10-04 22:44:26,20.8,1ff8b4ac98a1,"reject 25,110,135,137-139,143,445,465,587,993,995,3389",OUR_POLICY,12,9,9,9,9,restart=9,0,(no contact line) [1] || tor@sully.plus [1] || mailforhkvps@atomicmail.io [1] || dhnet.torcontact@gmail.com [1] || email:tor [] middelstaedt dot com url:https://middelstaedt.com proof:uri-rsa abu [1] || torrelayoperator@tutanota.com [1] || Random Person <thud_erasure020@simplelogin.com> [1] || Ralph Copeland <copelandhosting AT pissmail dot com> [1] || Satanist <admin AT 2cb dot su> [1],AS53667=9
11,2026-10-04 22:25:57,2026-10-04 22:47:33,21.6,d018c852c381,reject 1-65535,non-exit,1,8,8,7,8,restart=8,0,(no contact line) [2] || damienjamesh at yahoo dot com [1] || 3ipfnszc[at]duck.com [1] || John Packet admin@terrorism.network [1] || node@proton.me [1] || contact@qampe.com [1] || ronni@gmail.com [1],AS53667=4; AS200019=3; AS20473=1
12,2026-10-06 09:00:59,2026-10-06 09:02:36,1.6,3ebe8f335c0e,accept 1-65535,accept-list,1,15,15,15,0,reload=9; restart=6,0,ttaylor54@gmail.com [1] || ryan388@gmail.com [1] || valley.lion806@gmail.com [1] || phill37@gmail.com [1] || james.miller71@gmail.com [1] || david.green92@gmail.com [1] || alex.evans29@gmail.com [1] || olga.stewart65@gmail.com [1] || psmith87@gmail.com [1] || samcollins1985@gmail.com [1] || blaze.river261@gmail.com [1] || lisalee1980@gmail.com [1] || knelson50@gmail.com [1] || ben.garcia17@gmail.com [1] || alex575@gmail.com [1],AS20473=8; AS399629=7
