published,fp,nickname,kind,old_class,new_class,identical_to_policy_before_previous_change,that_policy_first_published,last_classes
2026-10-04 17:49:24,F507D9EEC750FCE6020EF8450D9A25DBE7ADA92A,JACKofNINES,restart,accept-list,near-open,0,2026-10-01 15:36:45,accept-list > OUR_POLICY > accept-list
2026-10-04 17:49:50,607DD424497FFF47398E684B092C3144DBEB93CD,ghostdriver,restart,accept-list,near-open,0,2026-10-01 15:36:46,accept-list > OUR_POLICY > accept-list
2026-10-04 17:50:06,0CB83F633CFB20692E8A615C7B8E524835E2746E,knuckledragger,restart,other-reject-list,near-open,0,2026-10-01 15:36:46,other-reject-list > OUR_POLICY > other-reject-list
2026-10-04 17:50:23,0932F9009DCF32EC60FD52F975318D3F6E8E59F9,wastedspace,restart,accept-list,near-open,0,,accept-list
2026-10-04 17:50:38,67221DF5B5D86B1C5E872A877BC5665FEAACC562,pills,restart,accept-list,near-open,0,2026-10-01 15:36:49,accept-list > OUR_POLICY > accept-list
2026-10-04 17:52:02,D76D33B4866F2B61166E007C1DEFFEA82C5F1CDF,2778626253393027,restart,accept-list,near-open,0,,accept-list
2026-10-04 22:21:18,FEDA854291A94B8CA5BB6920AE100346EBC4E522,4715,first,,OUR_POLICY,0,,
2026-10-04 22:23:39,93D3B5088A6813F679A426323AE0125FB4FE7728,RunningOnFumes1,restart,near-open,OUR_POLICY,1,2026-10-01 15:36:42,accept-list > OUR_POLICY > near-open
2026-10-04 22:25:57,3B953203AF332D8FE1452E1CE7CB50A3B5297DB2,paranoidtorrelay,restart,near-open,non-exit,1,2026-04-28 05:40:07,non-exit > near-open
2026-10-04 22:26:21,292FCACE773DC259B799914A23BE65A6A6178E8F,chp175,restart,near-open,other-reject-list,1,2026-04-26 14:49:23,other-reject-list > near-open
2026-10-04 22:26:47,0CADF9650BE6F3CB6A09F29D8B91250D93DD91E6,TheSecondRelay,restart,near-open,non-exit,1,2026-05-09 08:37:25,non-exit > near-open
2026-10-04 22:27:11,5603B5C58114835F2F35FBA5939EE2F25781779C,TerrorismNetwork,restart,near-open,non-exit,1,2026-04-27 16:30:29,non-exit > near-open
2026-10-04 22:27:59,E0999C5F42D12204AA8038653DBACDCE1F40E7FF,sullyhelpstor,restart,near-open,OUR_POLICY,1,2026-10-01 15:36:45,accept-list > OUR_POLICY > near-open
2026-10-04 22:28:28,1322EE47D35541471D3A00F30FFF2EE7585E5B52,TorExitForYou,restart,near-open,OUR_POLICY,1,2026-10-01 15:36:46,accept-list > OUR_POLICY > near-open
2026-10-04 22:28:50,0A11C7546A1332412D1EBD13BD4C3D6A6644D7E0,luxvptorex,restart,near-open,OUR_POLICY,1,2026-10-01 15:36:46,other-reject-list > OUR_POLICY > near-open
2026-10-04 22:30:21,FA9F92CB28E2285A589643DDA31448361076D0C7,4714,restart,near-open,OUR_POLICY,1,2026-10-01 15:36:46,accept-list > OUR_POLICY > near-open
2026-10-04 22:31:19,4134DA299E17ED8F6F5AC6642EF1054BC3C133D3,Unnamed,restart,near-open,non-exit,1,2026-04-27 21:32:55,non-exit > near-open
2026-10-04 22:31:57,D14A2CAC084BF7CF95122E5A401E9F64D46A5706,RestoreEU,restart,near-open,other-reject-list,1,2026-05-03 20:09:40,other-reject-list > near-open
2026-10-04 22:33:35,58698C5E518D428DCA4D9780AD8379BB63B57B42,CarabineroDeChile,restart,near-open,OUR_POLICY,1,2026-10-01 15:36:48,accept-list > OUR_POLICY > near-open
2026-10-04 22:34:26,92A7F611B06A647CF6ADF1ACEAD7F12D83A2C1ED,Relay,restart,near-open,non-exit,1,2026-08-02 20:10:57,non-exit > near-open
2026-10-04 22:34:41,54955A17DDCEBD1BC64A3C4092774EA7FC682CC4,MyTorGuardRelay1,restart,near-open,non-exit,1,2026-08-02 19:09:59,non-exit > near-open
2026-10-04 22:34:41,5F6FBB9B007F7E5F6E73BCD2012437815E23139F,ZEYS,restart,near-open,accept-list,1,2026-04-27 17:25:52,accept-list > near-open
2026-10-04 22:39:04,2B4D5AA9997D4DDFF02BC52E173CF0C8FFFD1B9C,JustExiting,restart,near-open,OUR_POLICY,1,2026-10-01 15:33:55,other-reject-list > OUR_POLICY > near-open
2026-10-04 22:42:24,3D01CE600B2DC5C719684800E8C6990FE4CB8F9A,txn1copeland,restart,near-open,OUR_POLICY,1,2026-10-01 15:36:08,other-reject-list > OUR_POLICY > near-open
2026-10-04 22:42:48,BC7206F673869BC4DC5687E8BAA2BE96C289B4E4,thankssnowden0,restart,near-open,other-reject-list,1,2026-04-28 17:48:39,other-reject-list > near-open
2026-10-04 22:43:13,9CDB4020E69D9E7201C3D1A8BF9DE1DEBF997A76,TimberDolphin63,restart,near-open,other-reject-list,1,2026-08-15 21:40:03,other-reject-list > near-open
2026-10-04 22:44:26,FC088734EA8D7E6347D527815202B47830997614,drear,restart,near-open,OUR_POLICY,1,2026-10-01 15:37:04,accept-list > OUR_POLICY > near-open
2026-10-04 22:45:58,9BB108761BB27E8A87CD6677DC69DE6EB2B3BCFA,InnerRelayRP,restart,near-open,non-exit,1,2026-08-07 04:49:26,non-exit > near-open
2026-10-04 22:47:33,7BC58F5CDC4791F10E94D75E6A5AD1B9D084C963,MDrelay,restart,near-open,non-exit,1,2026-08-02 22:22:48,non-exit > near-open
2026-10-05 06:24:35,2022BCB37453DC168E6CB7B4DAD119AC072F2DEE,Unnamed,restart,near-open,non-exit,1,2026-04-27 20:17:22,non-exit > near-open
2026-10-05 07:46:34,2B4D5AA9997D4DDFF02BC52E173CF0C8FFFD1B9C,JustExiting,restart,OUR_POLICY,non-exit,0,2026-10-02 09:36:57,OUR_POLICY > near-open > OUR_POLICY
2026-10-06 09:14:03,15CA183DC161A0AF6FACDD7A0B6DA84C593E8D09,TorDola,restart,OUR_POLICY,accept-list,0,2026-10-01 14:44:25,other-reject-list > other-reject-list > OUR_POLICY
2026-10-06 09:14:03,8B2CCF2A27D52CEE3DC055C1AD11E3755104F601,TorDola2,restart,OUR_POLICY,accept-list,0,2026-10-01 14:44:28,other-reject-list > other-reject-list > OUR_POLICY
2026-10-06 09:14:03,C6AA7656909FA64A03EFBA40DD294D4BD79AA3E0,TorDola3,restart,OUR_POLICY,accept-list,0,2026-10-01 14:44:31,other-reject-list > other-reject-list > OUR_POLICY
2026-10-06 09:14:03,EEF7AB01E5EA74DDA0AA4B691611E49299723B7E,TorDola4,restart,OUR_POLICY,accept-list,0,,OUR_POLICY
2026-10-06 12:00:43,4F72DEF09B015E9B6F210597083D95D8A3BC38AD,TorDola1,restart,OUR_POLICY,accept-list,0,2026-10-01 14:44:20,other-reject-list > other-reject-list > OUR_POLICY
2026-10-06 22:40:08,FC088734EA8D7E6347D527815202B47830997614,drear,restart,OUR_POLICY,accept-list,0,2026-10-02 09:40:22,OUR_POLICY > near-open > OUR_POLICY
