hour_utc,into_attacker_policy,victim_restarts_oct,victim_reloads_oct,victim_restarts_may_sep_baseline,share_into_attacker_policy,share_victim_restarts_oct,share_victim_reloads_oct,share_victim_restarts_may_sep_baseline
0,0,4,0,931,0.000,0.004,0.000,0.062
1,0,101,0,1072,0.000,0.095,0.000,0.072
2,0,38,0,1169,0.000,0.036,0.000,0.078
3,0,44,0,1051,0.000,0.041,0.000,0.071
4,0,58,0,566,0.000,0.054,0.000,0.038
5,0,52,0,491,0.000,0.049,0.000,0.033
6,0,13,0,415,0.000,0.012,0.000,0.028
7,0,5,0,404,0.000,0.005,0.000,0.027
8,1,17,4,308,0.003,0.016,0.011,0.021
9,292,136,312,299,0.766,0.127,0.841,0.020
10,25,158,6,463,0.066,0.148,0.016,0.031
11,5,5,1,589,0.013,0.005,0.003,0.040
12,0,8,0,477,0.000,0.007,0.000,0.032
13,1,10,0,644,0.003,0.009,0.000,0.043
14,5,9,9,708,0.013,0.008,0.024,0.048
15,40,311,38,746,0.105,0.291,0.102,0.050
16,4,8,0,751,0.010,0.007,0.000,0.050
17,6,16,0,626,0.016,0.015,0.000,0.042
18,1,5,1,697,0.003,0.005,0.003,0.047
19,0,1,0,494,0.000,0.001,0.000,0.033
20,0,14,0,362,0.000,0.013,0.000,0.024
21,0,8,0,335,0.000,0.007,0.000,0.022
22,1,45,0,451,0.003,0.042,0.000,0.030
23,0,2,0,848,0.000,0.002,0.000,0.057
