authority,votes,knows_BadExit,knows_MiddleOnly,first_va_BadExit_on_victim,max_victims_BadExit,first_va_MiddleOnly_on_victim,max_victims_MiddleOnly,first_va_omitting_victims,max_victims_omitted
bastet,145,0,1,,0,2026-10-04 20:00:00,245,2026-10-01 16:00:00,376
dannenberg,145,0,1,,0,2026-10-04 18:00:00,305,2026-10-02 15:00:00,333
dizum,141,0,1,,0,,0,2026-10-03 16:00:00,322
faravahar,145,1,1,,0,,0,2026-10-01 16:00:00,376
gabelmoo,145,1,1,2026-10-04 18:00:00,245,2026-10-04 18:00:00,245,2026-10-01 16:00:00,376
longclaw,145,1,1,2026-10-04 21:00:00,245,2026-10-04 21:00:00,245,2026-10-01 16:00:00,376
maatuska,145,0,1,,0,2026-10-05 08:00:00,225,2026-10-01 16:00:00,376
moria1,145,1,1,2026-10-04 19:00:00,319,2026-10-04 19:00:00,319,2026-10-01 16:00:00,376
tor26,145,1,1,,0,,0,2026-10-02 08:00:00,323
