valid_after,authority,victims_listed,voted_Exit,voted_BadExit,voted_MiddleOnly,victims_omitted_after_first_attacker_desc
2026-10-01 00:00:00,bastet,363,340,0,0,0
2026-10-01 01:00:00,bastet,363,340,0,0,0
2026-10-01 02:00:00,bastet,363,340,0,0,0
2026-10-01 03:00:00,bastet,363,340,0,0,0
2026-10-01 04:00:00,bastet,363,340,0,0,0
2026-10-01 05:00:00,bastet,363,340,0,0,0
2026-10-01 06:00:00,bastet,363,340,0,0,0
2026-10-01 07:00:00,bastet,363,340,0,0,0
2026-10-01 08:00:00,bastet,362,339,0,0,0
2026-10-01 09:00:00,bastet,362,339,0,0,0
2026-10-01 10:00:00,bastet,362,339,0,0,0
2026-10-01 11:00:00,bastet,362,339,0,0,0
2026-10-01 12:00:00,bastet,362,339,0,0,0
2026-10-01 13:00:00,bastet,362,339,0,0,0
2026-10-01 14:00:00,bastet,362,339,0,0,0
2026-10-01 15:00:00,bastet,362,339,0,0,0
2026-10-01 16:00:00,bastet,363,340,0,0,1
2026-10-01 17:00:00,bastet,363,340,0,0,1
2026-10-01 18:00:00,bastet,363,340,0,0,1
2026-10-01 20:00:00,bastet,364,340,0,0,1
2026-10-01 21:00:00,bastet,364,340,0,0,1
2026-10-01 22:00:00,bastet,364,340,0,0,1
2026-10-01 23:00:00,bastet,364,340,0,0,1
2026-10-02 00:00:00,bastet,364,340,0,0,1
2026-10-02 01:00:00,bastet,364,340,0,0,1
2026-10-02 02:00:00,bastet,364,340,0,0,1
2026-10-02 03:00:00,bastet,364,340,0,0,1
2026-10-02 04:00:00,bastet,364,340,0,0,1
2026-10-02 05:00:00,bastet,364,340,0,0,1
2026-10-02 06:00:00,bastet,364,340,0,0,1
2026-10-02 07:00:00,bastet,364,340,0,0,1
2026-10-02 08:00:00,bastet,364,340,0,0,1
2026-10-02 09:00:00,bastet,364,340,0,0,1
2026-10-02 10:00:00,bastet,364,340,0,0,1
2026-10-02 11:00:00,bastet,364,344,0,0,1
2026-10-02 12:00:00,bastet,364,344,0,0,1
2026-10-02 13:00:00,bastet,364,344,0,0,1
2026-10-02 14:00:00,bastet,364,344,0,0,1
2026-10-02 15:00:00,bastet,362,342,0,0,3
2026-10-02 16:00:00,bastet,362,342,0,0,3
2026-10-02 17:00:00,bastet,361,342,0,0,4
2026-10-02 18:00:00,bastet,361,342,0,0,4
2026-10-02 19:00:00,bastet,361,342,0,0,4
2026-10-02 20:00:00,bastet,361,342,0,0,4
2026-10-02 21:00:00,bastet,361,342,0,0,4
2026-10-02 22:00:00,bastet,361,342,0,0,4
2026-10-02 23:00:00,bastet,361,342,0,0,4
2026-10-03 00:00:00,bastet,360,341,0,0,5
2026-10-03 01:00:00,bastet,360,341,0,0,5
2026-10-03 02:00:00,bastet,360,341,0,0,5
2026-10-03 03:00:00,bastet,360,341,0,0,5
2026-10-03 04:00:00,bastet,363,344,0,0,2
2026-10-03 05:00:00,bastet,363,344,0,0,2
2026-10-03 06:00:00,bastet,363,344,0,0,2
2026-10-03 07:00:00,bastet,363,344,0,0,2
2026-10-03 08:00:00,bastet,363,344,0,0,2
2026-10-03 09:00:00,bastet,363,344,0,0,2
2026-10-03 10:00:00,bastet,364,345,0,0,1
2026-10-03 11:00:00,bastet,369,364,0,0,1
2026-10-03 12:00:00,bastet,373,368,0,0,1
2026-10-03 13:00:00,bastet,373,368,0,0,1
2026-10-03 14:00:00,bastet,373,369,0,0,1
2026-10-03 15:00:00,bastet,373,369,0,0,1
2026-10-03 16:00:00,bastet,372,368,0,0,2
2026-10-03 17:00:00,bastet,372,372,0,0,2
2026-10-03 18:00:00,bastet,372,372,0,0,2
2026-10-03 19:00:00,bastet,372,372,0,0,2
2026-10-03 20:00:00,bastet,372,372,0,0,2
2026-10-03 21:00:00,bastet,372,372,0,0,2
2026-10-03 22:00:00,bastet,372,372,0,0,2
2026-10-03 23:00:00,bastet,372,372,0,0,2
2026-10-04 00:00:00,bastet,372,372,0,0,2
2026-10-04 01:00:00,bastet,372,372,0,0,2
2026-10-04 02:00:00,bastet,372,372,0,0,2
2026-10-04 03:00:00,bastet,372,372,0,0,2
2026-10-04 04:00:00,bastet,372,372,0,0,2
2026-10-04 05:00:00,bastet,372,372,0,0,2
2026-10-04 06:00:00,bastet,372,372,0,0,2
2026-10-04 07:00:00,bastet,372,372,0,0,2
2026-10-04 08:00:00,bastet,372,372,0,0,2
2026-10-04 09:00:00,bastet,373,373,0,0,2
2026-10-04 10:00:00,bastet,373,373,0,0,2
2026-10-04 11:00:00,bastet,363,363,0,0,12
2026-10-04 12:00:00,bastet,363,363,0,0,12
2026-10-04 13:00:00,bastet,363,363,0,0,12
2026-10-04 14:00:00,bastet,363,363,0,0,12
2026-10-04 15:00:00,bastet,363,363,0,0,12
2026-10-04 16:00:00,bastet,363,363,0,0,12
2026-10-04 17:00:00,bastet,263,263,0,0,112
2026-10-04 18:00:00,bastet,263,263,0,0,112
2026-10-04 19:00:00,bastet,263,263,0,0,112
2026-10-04 20:00:00,bastet,263,18,0,245,112
2026-10-04 21:00:00,bastet,263,18,0,245,112
2026-10-04 22:00:00,bastet,263,18,0,245,112
2026-10-04 23:00:00,bastet,265,20,0,245,111
2026-10-05 00:00:00,bastet,265,20,0,245,111
2026-10-05 01:00:00,bastet,265,20,0,245,111
2026-10-05 02:00:00,bastet,192,20,0,172,184
2026-10-05 03:00:00,bastet,176,20,0,156,200
2026-10-05 04:00:00,bastet,152,19,0,133,224
2026-10-05 05:00:00,bastet,107,18,0,89,269
2026-10-05 06:00:00,bastet,77,16,0,61,299
2026-10-05 07:00:00,bastet,78,16,0,61,298
2026-10-05 08:00:00,bastet,78,16,0,61,298
2026-10-05 09:00:00,bastet,76,16,0,59,300
2026-10-05 10:00:00,bastet,170,16,0,153,206
2026-10-05 11:00:00,bastet,240,16,0,223,136
2026-10-05 12:00:00,bastet,240,16,0,223,136
2026-10-05 13:00:00,bastet,242,16,0,225,134
2026-10-05 14:00:00,bastet,239,16,0,222,137
2026-10-05 15:00:00,bastet,238,16,0,221,138
2026-10-05 16:00:00,bastet,227,16,0,210,149
2026-10-05 17:00:00,bastet,0,0,0,0,376
2026-10-05 18:00:00,bastet,0,0,0,0,376
2026-10-05 19:00:00,bastet,0,0,0,0,376
2026-10-05 20:00:00,bastet,0,0,0,0,376
2026-10-05 21:00:00,bastet,0,0,0,0,376
2026-10-05 22:00:00,bastet,0,0,0,0,376
2026-10-05 23:00:00,bastet,0,0,0,0,376
2026-10-06 00:00:00,bastet,0,0,0,0,376
2026-10-06 01:00:00,bastet,0,0,0,0,376
2026-10-06 02:00:00,bastet,0,0,0,0,376
2026-10-06 03:00:00,bastet,0,0,0,0,376
2026-10-06 04:00:00,bastet,0,0,0,0,376
2026-10-06 05:00:00,bastet,0,0,0,0,376
2026-10-06 06:00:00,bastet,0,0,0,0,376
2026-10-06 07:00:00,bastet,0,0,0,0,376
2026-10-06 08:00:00,bastet,0,0,0,0,376
2026-10-06 09:00:00,bastet,0,0,0,0,376
2026-10-06 10:00:00,bastet,0,0,0,0,376
2026-10-06 11:00:00,bastet,0,0,0,0,376
2026-10-06 12:00:00,bastet,0,0,0,0,376
2026-10-06 13:00:00,bastet,0,0,0,0,376
2026-10-06 14:00:00,bastet,0,0,0,0,376
2026-10-06 15:00:00,bastet,0,0,0,0,376
2026-10-06 16:00:00,bastet,0,0,0,0,376
2026-10-06 17:00:00,bastet,0,0,0,0,376
2026-10-06 18:00:00,bastet,0,0,0,0,376
2026-10-06 19:00:00,bastet,0,0,0,0,376
2026-10-06 20:00:00,bastet,0,0,0,0,376
2026-10-06 21:00:00,bastet,0,0,0,0,376
2026-10-06 22:00:00,bastet,0,0,0,0,376
2026-10-06 23:00:00,bastet,0,0,0,0,376
2026-10-07 00:00:00,bastet,0,0,0,0,376
2026-10-07 01:00:00,bastet,0,0,0,0,376
2026-10-01 00:00:00,dannenberg,364,341,0,0,0
2026-10-01 01:00:00,dannenberg,364,341,0,0,0
2026-10-01 02:00:00,dannenberg,364,341,0,0,0
2026-10-01 03:00:00,dannenberg,364,341,0,0,0
2026-10-01 04:00:00,dannenberg,364,341,0,0,0
2026-10-01 05:00:00,dannenberg,364,341,0,0,0
2026-10-01 06:00:00,dannenberg,364,341,0,0,0
2026-10-01 07:00:00,dannenberg,364,341,0,0,0
2026-10-01 08:00:00,dannenberg,363,340,0,0,0
2026-10-01 09:00:00,dannenberg,363,340,0,0,0
2026-10-01 10:00:00,dannenberg,363,340,0,0,0
2026-10-01 11:00:00,dannenberg,363,340,0,0,0
2026-10-01 12:00:00,dannenberg,363,340,0,0,0
2026-10-01 13:00:00,dannenberg,363,340,0,0,0
2026-10-01 14:00:00,dannenberg,363,340,0,0,0
2026-10-01 15:00:00,dannenberg,363,340,0,0,0
2026-10-01 16:00:00,dannenberg,364,341,0,0,0
2026-10-01 17:00:00,dannenberg,364,341,0,0,0
2026-10-01 18:00:00,dannenberg,364,341,0,0,0
2026-10-01 20:00:00,dannenberg,365,341,0,0,0
2026-10-01 21:00:00,dannenberg,365,341,0,0,0
2026-10-01 22:00:00,dannenberg,365,341,0,0,0
2026-10-01 23:00:00,dannenberg,365,341,0,0,0
2026-10-02 00:00:00,dannenberg,365,341,0,0,0
2026-10-02 01:00:00,dannenberg,365,341,0,0,0
2026-10-02 02:00:00,dannenberg,365,341,0,0,0
2026-10-02 03:00:00,dannenberg,365,341,0,0,0
2026-10-02 04:00:00,dannenberg,365,341,0,0,0
2026-10-02 05:00:00,dannenberg,365,341,0,0,0
2026-10-02 06:00:00,dannenberg,365,341,0,0,0
2026-10-02 07:00:00,dannenberg,365,341,0,0,0
2026-10-02 08:00:00,dannenberg,365,341,0,0,0
2026-10-02 09:00:00,dannenberg,365,341,0,0,0
2026-10-02 10:00:00,dannenberg,365,341,0,0,0
2026-10-02 11:00:00,dannenberg,365,345,0,0,0
2026-10-02 12:00:00,dannenberg,365,345,0,0,0
2026-10-02 13:00:00,dannenberg,365,345,0,0,0
2026-10-02 14:00:00,dannenberg,365,345,0,0,0
2026-10-02 15:00:00,dannenberg,363,343,0,0,2
2026-10-02 16:00:00,dannenberg,365,346,0,0,0
2026-10-02 17:00:00,dannenberg,365,346,0,0,0
2026-10-02 18:00:00,dannenberg,365,346,0,0,0
2026-10-02 19:00:00,dannenberg,365,346,0,0,0
2026-10-02 20:00:00,dannenberg,365,346,0,0,0
2026-10-02 21:00:00,dannenberg,365,346,0,0,0
2026-10-02 22:00:00,dannenberg,365,346,0,0,0
2026-10-02 23:00:00,dannenberg,365,346,0,0,0
2026-10-03 00:00:00,dannenberg,365,346,0,0,0
2026-10-03 01:00:00,dannenberg,365,346,0,0,0
2026-10-03 02:00:00,dannenberg,365,346,0,0,0
2026-10-03 03:00:00,dannenberg,365,346,0,0,0
2026-10-03 04:00:00,dannenberg,365,346,0,0,0
2026-10-03 05:00:00,dannenberg,365,346,0,0,0
2026-10-03 06:00:00,dannenberg,365,346,0,0,0
2026-10-03 07:00:00,dannenberg,365,346,0,0,0
2026-10-03 08:00:00,dannenberg,365,346,0,0,0
2026-10-03 09:00:00,dannenberg,365,346,0,0,0
2026-10-03 10:00:00,dannenberg,365,346,0,0,0
2026-10-03 11:00:00,dannenberg,370,365,0,0,0
2026-10-03 12:00:00,dannenberg,374,369,0,0,0
2026-10-03 13:00:00,dannenberg,374,369,0,0,0
2026-10-03 14:00:00,dannenberg,374,370,0,0,0
2026-10-03 15:00:00,dannenberg,374,370,0,0,0
2026-10-03 16:00:00,dannenberg,373,369,0,0,1
2026-10-03 17:00:00,dannenberg,373,373,0,0,1
2026-10-03 18:00:00,dannenberg,373,373,0,0,1
2026-10-03 19:00:00,dannenberg,373,373,0,0,1
2026-10-03 20:00:00,dannenberg,373,373,0,0,1
2026-10-03 21:00:00,dannenberg,373,373,0,0,1
2026-10-03 22:00:00,dannenberg,373,373,0,0,1
2026-10-03 23:00:00,dannenberg,373,373,0,0,1
2026-10-04 00:00:00,dannenberg,373,373,0,0,1
2026-10-04 01:00:00,dannenberg,373,373,0,0,1
2026-10-04 02:00:00,dannenberg,373,373,0,0,1
2026-10-04 03:00:00,dannenberg,373,373,0,0,1
2026-10-04 04:00:00,dannenberg,373,373,0,0,1
2026-10-04 05:00:00,dannenberg,373,373,0,0,1
2026-10-04 06:00:00,dannenberg,373,373,0,0,1
2026-10-04 07:00:00,dannenberg,373,373,0,0,1
2026-10-04 08:00:00,dannenberg,373,373,0,0,1
2026-10-04 09:00:00,dannenberg,374,374,0,0,1
2026-10-04 10:00:00,dannenberg,374,374,0,0,1
2026-10-04 11:00:00,dannenberg,364,364,0,0,11
2026-10-04 12:00:00,dannenberg,364,364,0,0,11
2026-10-04 13:00:00,dannenberg,364,364,0,0,11
2026-10-04 14:00:00,dannenberg,364,364,0,0,11
2026-10-04 15:00:00,dannenberg,364,364,0,0,11
2026-10-04 16:00:00,dannenberg,364,364,0,0,11
2026-10-04 17:00:00,dannenberg,364,364,0,0,11
2026-10-04 18:00:00,dannenberg,337,32,0,305,38
2026-10-04 19:00:00,dannenberg,337,32,0,305,38
2026-10-04 20:00:00,dannenberg,337,32,0,305,38
2026-10-04 21:00:00,dannenberg,337,32,0,305,38
2026-10-04 22:00:00,dannenberg,337,32,0,305,38
2026-10-04 23:00:00,dannenberg,339,34,0,305,37
2026-10-05 00:00:00,dannenberg,339,34,0,305,37
2026-10-05 01:00:00,dannenberg,339,34,0,305,37
2026-10-05 02:00:00,dannenberg,246,34,0,212,130
2026-10-05 03:00:00,dannenberg,223,34,0,189,153
2026-10-05 04:00:00,dannenberg,197,33,0,164,179
2026-10-05 05:00:00,dannenberg,138,32,0,106,238
2026-10-05 06:00:00,dannenberg,86,30,0,56,290
2026-10-05 07:00:00,dannenberg,80,30,0,49,296
2026-10-05 08:00:00,dannenberg,80,30,0,49,296
2026-10-05 09:00:00,dannenberg,78,29,0,48,298
2026-10-05 10:00:00,dannenberg,181,29,0,151,195
2026-10-05 11:00:00,dannenberg,316,29,0,286,60
2026-10-05 12:00:00,dannenberg,316,29,0,286,60
2026-10-05 13:00:00,dannenberg,316,29,0,286,60
2026-10-05 14:00:00,dannenberg,313,26,0,286,63
2026-10-05 15:00:00,dannenberg,312,25,0,286,64
2026-10-05 16:00:00,dannenberg,301,17,0,283,75
2026-10-05 17:00:00,dannenberg,301,17,0,283,75
2026-10-05 18:00:00,dannenberg,300,16,0,283,76
2026-10-05 19:00:00,dannenberg,299,16,0,282,77
2026-10-05 20:00:00,dannenberg,299,16,0,282,77
2026-10-05 21:00:00,dannenberg,299,16,0,282,77
2026-10-05 22:00:00,dannenberg,294,15,0,278,82
2026-10-05 23:00:00,dannenberg,290,15,0,274,86
2026-10-06 00:00:00,dannenberg,290,15,0,274,86
2026-10-06 01:00:00,dannenberg,290,15,0,274,86
2026-10-06 02:00:00,dannenberg,291,16,0,274,85
2026-10-06 03:00:00,dannenberg,291,16,0,274,85
2026-10-06 04:00:00,dannenberg,291,16,0,274,85
2026-10-06 05:00:00,dannenberg,291,16,0,274,85
2026-10-06 06:00:00,dannenberg,291,16,0,274,85
2026-10-06 07:00:00,dannenberg,291,16,0,274,85
2026-10-06 08:00:00,dannenberg,291,16,0,274,85
2026-10-06 09:00:00,dannenberg,291,16,0,274,85
2026-10-06 10:00:00,dannenberg,191,16,0,174,185
2026-10-06 11:00:00,dannenberg,56,16,0,39,320
2026-10-06 12:00:00,dannenberg,57,17,0,39,319
2026-10-06 13:00:00,dannenberg,53,17,0,35,323
2026-10-06 14:00:00,dannenberg,53,17,0,35,323
2026-10-06 15:00:00,dannenberg,52,17,0,35,324
2026-10-06 16:00:00,dannenberg,52,17,0,35,324
2026-10-06 17:00:00,dannenberg,52,17,0,35,324
2026-10-06 18:00:00,dannenberg,52,17,0,35,324
2026-10-06 19:00:00,dannenberg,53,18,0,35,323
2026-10-06 20:00:00,dannenberg,50,16,0,34,326
2026-10-06 21:00:00,dannenberg,50,16,0,34,326
2026-10-06 22:00:00,dannenberg,44,10,0,34,332
2026-10-06 23:00:00,dannenberg,43,10,0,33,333
2026-10-07 00:00:00,dannenberg,43,10,0,33,333
2026-10-07 01:00:00,dannenberg,43,10,0,33,333
2026-10-01 00:00:00,dizum,364,341,0,0,0
2026-10-01 01:00:00,dizum,364,341,0,0,0
2026-10-01 02:00:00,dizum,364,341,0,0,0
2026-10-01 03:00:00,dizum,364,341,0,0,0
2026-10-01 04:00:00,dizum,364,341,0,0,0
2026-10-01 05:00:00,dizum,364,341,0,0,0
2026-10-01 06:00:00,dizum,364,341,0,0,0
2026-10-01 07:00:00,dizum,364,341,0,0,0
2026-10-01 08:00:00,dizum,363,340,0,0,0
2026-10-01 10:00:00,dizum,363,340,0,0,0
2026-10-01 11:00:00,dizum,363,340,0,0,0
2026-10-01 12:00:00,dizum,363,340,0,0,0
2026-10-01 13:00:00,dizum,363,340,0,0,0
2026-10-01 14:00:00,dizum,363,340,0,0,0
2026-10-01 15:00:00,dizum,363,340,0,0,0
2026-10-01 16:00:00,dizum,364,341,0,0,0
2026-10-01 17:00:00,dizum,364,341,0,0,0
2026-10-01 18:00:00,dizum,364,341,0,0,0
2026-10-01 20:00:00,dizum,365,341,0,0,0
2026-10-01 21:00:00,dizum,365,341,0,0,0
2026-10-01 22:00:00,dizum,365,341,0,0,0
2026-10-01 23:00:00,dizum,365,341,0,0,0
2026-10-02 00:00:00,dizum,365,341,0,0,0
2026-10-02 01:00:00,dizum,365,341,0,0,0
2026-10-02 02:00:00,dizum,365,341,0,0,0
2026-10-02 03:00:00,dizum,365,341,0,0,0
2026-10-02 04:00:00,dizum,365,341,0,0,0
2026-10-02 05:00:00,dizum,365,341,0,0,0
2026-10-02 06:00:00,dizum,365,341,0,0,0
2026-10-02 07:00:00,dizum,365,341,0,0,0
2026-10-02 08:00:00,dizum,365,341,0,0,0
2026-10-02 09:00:00,dizum,365,341,0,0,0
2026-10-02 10:00:00,dizum,365,341,0,0,0
2026-10-02 11:00:00,dizum,365,346,0,0,0
2026-10-02 12:00:00,dizum,365,345,0,0,0
2026-10-02 13:00:00,dizum,365,345,0,0,0
2026-10-02 14:00:00,dizum,365,346,0,0,0
2026-10-02 15:00:00,dizum,365,346,0,0,0
2026-10-02 16:00:00,dizum,365,346,0,0,0
2026-10-02 17:00:00,dizum,365,346,0,0,0
2026-10-02 18:00:00,dizum,365,346,0,0,0
2026-10-02 19:00:00,dizum,365,346,0,0,0
2026-10-02 20:00:00,dizum,365,346,0,0,0
2026-10-02 21:00:00,dizum,365,346,0,0,0
2026-10-02 22:00:00,dizum,365,346,0,0,0
2026-10-02 23:00:00,dizum,365,346,0,0,0
2026-10-03 00:00:00,dizum,365,346,0,0,0
2026-10-03 01:00:00,dizum,365,346,0,0,0
2026-10-03 02:00:00,dizum,365,346,0,0,0
2026-10-03 03:00:00,dizum,365,346,0,0,0
2026-10-03 04:00:00,dizum,365,346,0,0,0
2026-10-03 05:00:00,dizum,365,346,0,0,0
2026-10-03 06:00:00,dizum,365,346,0,0,0
2026-10-03 07:00:00,dizum,365,346,0,0,0
2026-10-03 08:00:00,dizum,365,346,0,0,0
2026-10-03 09:00:00,dizum,365,346,0,0,0
2026-10-03 10:00:00,dizum,365,346,0,0,0
2026-10-03 11:00:00,dizum,370,365,0,0,0
2026-10-03 12:00:00,dizum,374,369,0,0,0
2026-10-03 13:00:00,dizum,374,369,0,0,0
2026-10-03 14:00:00,dizum,374,370,0,0,0
2026-10-03 15:00:00,dizum,374,370,0,0,0
2026-10-03 16:00:00,dizum,373,369,0,0,1
2026-10-03 17:00:00,dizum,373,373,0,0,1
2026-10-03 18:00:00,dizum,373,373,0,0,1
2026-10-03 19:00:00,dizum,373,373,0,0,1
2026-10-03 20:00:00,dizum,373,373,0,0,1
2026-10-03 21:00:00,dizum,373,373,0,0,1
2026-10-03 22:00:00,dizum,373,373,0,0,1
2026-10-03 23:00:00,dizum,373,373,0,0,1
2026-10-04 00:00:00,dizum,373,373,0,0,1
2026-10-04 01:00:00,dizum,373,373,0,0,1
2026-10-04 02:00:00,dizum,373,373,0,0,1
2026-10-04 03:00:00,dizum,373,373,0,0,1
2026-10-04 04:00:00,dizum,373,373,0,0,1
2026-10-04 05:00:00,dizum,373,373,0,0,1
2026-10-04 06:00:00,dizum,373,373,0,0,1
2026-10-04 07:00:00,dizum,373,373,0,0,1
2026-10-04 08:00:00,dizum,373,373,0,0,1
2026-10-04 09:00:00,dizum,374,374,0,0,1
2026-10-04 10:00:00,dizum,374,374,0,0,1
2026-10-04 11:00:00,dizum,364,364,0,0,11
2026-10-04 12:00:00,dizum,364,364,0,0,11
2026-10-04 13:00:00,dizum,364,364,0,0,11
2026-10-04 14:00:00,dizum,364,364,0,0,11
2026-10-04 15:00:00,dizum,364,364,0,0,11
2026-10-04 16:00:00,dizum,364,364,0,0,11
2026-10-04 17:00:00,dizum,364,364,0,0,11
2026-10-04 18:00:00,dizum,364,364,0,0,11
2026-10-04 19:00:00,dizum,364,364,0,0,11
2026-10-04 20:00:00,dizum,364,364,0,0,11
2026-10-04 21:00:00,dizum,364,364,0,0,11
2026-10-04 22:00:00,dizum,364,364,0,0,11
2026-10-04 23:00:00,dizum,366,358,0,0,10
2026-10-05 00:00:00,dizum,366,358,0,0,10
2026-10-05 01:00:00,dizum,366,358,0,0,10
2026-10-05 02:00:00,dizum,269,261,0,0,107
2026-10-05 03:00:00,dizum,246,238,0,0,130
2026-10-05 04:00:00,dizum,218,210,0,0,158
2026-10-05 05:00:00,dizum,157,149,0,0,219
2026-10-05 06:00:00,dizum,101,93,0,0,275
2026-10-05 07:00:00,dizum,94,85,0,0,282
2026-10-05 08:00:00,dizum,94,84,0,0,282
2026-10-05 09:00:00,dizum,92,82,0,0,284
2026-10-05 10:00:00,dizum,198,188,0,0,178
2026-10-05 11:00:00,dizum,343,333,0,0,33
2026-10-05 12:00:00,dizum,343,333,0,0,33
2026-10-05 13:00:00,dizum,343,334,0,0,33
2026-10-05 14:00:00,dizum,340,331,0,0,36
2026-10-05 15:00:00,dizum,339,330,0,0,37
2026-10-05 16:00:00,dizum,328,318,0,0,48
2026-10-05 17:00:00,dizum,328,319,0,0,48
2026-10-05 21:00:00,dizum,326,316,0,0,50
2026-10-05 22:00:00,dizum,321,311,0,0,55
2026-10-05 23:00:00,dizum,317,307,0,0,59
2026-10-06 00:00:00,dizum,317,307,0,0,59
2026-10-06 01:00:00,dizum,317,307,0,0,59
2026-10-06 02:00:00,dizum,318,308,0,0,58
2026-10-06 03:00:00,dizum,318,308,0,0,58
2026-10-06 04:00:00,dizum,318,308,0,0,58
2026-10-06 05:00:00,dizum,318,308,0,0,58
2026-10-06 06:00:00,dizum,318,308,0,0,58
2026-10-06 07:00:00,dizum,318,308,0,0,58
2026-10-06 08:00:00,dizum,318,308,0,0,58
2026-10-06 09:00:00,dizum,318,308,0,0,58
2026-10-06 10:00:00,dizum,216,206,0,0,160
2026-10-06 11:00:00,dizum,70,60,0,0,306
2026-10-06 12:00:00,dizum,71,61,0,0,305
2026-10-06 13:00:00,dizum,66,56,0,0,310
2026-10-06 14:00:00,dizum,66,56,0,0,310
2026-10-06 15:00:00,dizum,65,56,0,0,311
2026-10-06 16:00:00,dizum,65,56,0,0,311
2026-10-06 17:00:00,dizum,65,56,0,0,311
2026-10-06 18:00:00,dizum,65,56,0,0,311
2026-10-06 19:00:00,dizum,64,55,0,0,312
2026-10-06 20:00:00,dizum,61,52,0,0,315
2026-10-06 21:00:00,dizum,61,52,0,0,315
2026-10-06 22:00:00,dizum,55,46,0,0,321
2026-10-06 23:00:00,dizum,54,45,0,0,322
2026-10-07 00:00:00,dizum,54,45,0,0,322
2026-10-07 01:00:00,dizum,54,45,0,0,322
2026-10-01 00:00:00,faravahar,363,340,0,0,0
2026-10-01 01:00:00,faravahar,363,340,0,0,0
2026-10-01 02:00:00,faravahar,362,339,0,0,0
2026-10-01 03:00:00,faravahar,362,339,0,0,0
2026-10-01 04:00:00,faravahar,362,339,0,0,0
2026-10-01 05:00:00,faravahar,362,339,0,0,0
2026-10-01 06:00:00,faravahar,362,339,0,0,0
2026-10-01 07:00:00,faravahar,362,339,0,0,0
2026-10-01 08:00:00,faravahar,362,339,0,0,0
2026-10-01 09:00:00,faravahar,362,339,0,0,0
2026-10-01 10:00:00,faravahar,362,339,0,0,0
2026-10-01 11:00:00,faravahar,362,339,0,0,0
2026-10-01 12:00:00,faravahar,362,339,0,0,0
2026-10-01 13:00:00,faravahar,362,339,0,0,0
2026-10-01 14:00:00,faravahar,362,339,0,0,0
2026-10-01 15:00:00,faravahar,362,339,0,0,0
2026-10-01 16:00:00,faravahar,363,340,0,0,1
2026-10-01 17:00:00,faravahar,363,340,0,0,1
2026-10-01 18:00:00,faravahar,363,340,0,0,1
2026-10-01 20:00:00,faravahar,364,340,0,0,1
2026-10-01 21:00:00,faravahar,364,340,0,0,1
2026-10-01 22:00:00,faravahar,358,334,0,0,2
2026-10-01 23:00:00,faravahar,358,334,0,0,2
2026-10-02 00:00:00,faravahar,358,334,0,0,2
2026-10-02 01:00:00,faravahar,355,331,0,0,5
2026-10-02 02:00:00,faravahar,354,330,0,0,6
2026-10-02 03:00:00,faravahar,353,329,0,0,7
2026-10-02 04:00:00,faravahar,351,327,0,0,9
2026-10-02 05:00:00,faravahar,348,324,0,0,12
2026-10-02 06:00:00,faravahar,348,324,0,0,12
2026-10-02 07:00:00,faravahar,347,323,0,0,13
2026-10-02 08:00:00,faravahar,345,321,0,0,13
2026-10-02 09:00:00,faravahar,345,321,0,0,13
2026-10-02 10:00:00,faravahar,364,340,0,0,1
2026-10-02 11:00:00,faravahar,364,344,0,0,1
2026-10-02 12:00:00,faravahar,364,344,0,0,1
2026-10-02 13:00:00,faravahar,364,345,0,0,1
2026-10-02 14:00:00,faravahar,364,345,0,0,1
2026-10-02 15:00:00,faravahar,361,342,0,0,4
2026-10-02 16:00:00,faravahar,360,341,0,0,5
2026-10-02 17:00:00,faravahar,360,341,0,0,5
2026-10-02 18:00:00,faravahar,360,341,0,0,5
2026-10-02 19:00:00,faravahar,360,341,0,0,5
2026-10-02 20:00:00,faravahar,360,341,0,0,5
2026-10-02 21:00:00,faravahar,360,341,0,0,5
2026-10-02 22:00:00,faravahar,360,341,0,0,5
2026-10-02 23:00:00,faravahar,360,341,0,0,5
2026-10-03 00:00:00,faravahar,359,340,0,0,6
2026-10-03 01:00:00,faravahar,359,340,0,0,6
2026-10-03 02:00:00,faravahar,359,340,0,0,6
2026-10-03 03:00:00,faravahar,359,340,0,0,6
2026-10-03 04:00:00,faravahar,364,345,0,0,1
2026-10-03 05:00:00,faravahar,364,345,0,0,1
2026-10-03 06:00:00,faravahar,364,345,0,0,1
2026-10-03 07:00:00,faravahar,364,345,0,0,1
2026-10-03 08:00:00,faravahar,364,345,0,0,1
2026-10-03 09:00:00,faravahar,364,345,0,0,1
2026-10-03 10:00:00,faravahar,364,345,0,0,1
2026-10-03 11:00:00,faravahar,369,364,0,0,1
2026-10-03 12:00:00,faravahar,373,368,0,0,1
2026-10-03 13:00:00,faravahar,373,368,0,0,1
2026-10-03 14:00:00,faravahar,373,369,0,0,1
2026-10-03 15:00:00,faravahar,373,369,0,0,1
2026-10-03 16:00:00,faravahar,372,368,0,0,2
2026-10-03 17:00:00,faravahar,372,372,0,0,2
2026-10-03 18:00:00,faravahar,372,372,0,0,2
2026-10-03 19:00:00,faravahar,372,372,0,0,2
2026-10-03 20:00:00,faravahar,372,372,0,0,2
2026-10-03 21:00:00,faravahar,372,372,0,0,2
2026-10-03 22:00:00,faravahar,372,372,0,0,2
2026-10-03 23:00:00,faravahar,372,372,0,0,2
2026-10-04 00:00:00,faravahar,372,372,0,0,2
2026-10-04 01:00:00,faravahar,372,372,0,0,2
2026-10-04 02:00:00,faravahar,372,372,0,0,2
2026-10-04 03:00:00,faravahar,372,372,0,0,2
2026-10-04 04:00:00,faravahar,372,372,0,0,2
2026-10-04 05:00:00,faravahar,372,372,0,0,2
2026-10-04 06:00:00,faravahar,372,372,0,0,2
2026-10-04 07:00:00,faravahar,372,372,0,0,2
2026-10-04 08:00:00,faravahar,372,372,0,0,2
2026-10-04 09:00:00,faravahar,373,373,0,0,2
2026-10-04 10:00:00,faravahar,372,372,0,0,3
2026-10-04 11:00:00,faravahar,362,362,0,0,13
2026-10-04 12:00:00,faravahar,362,362,0,0,13
2026-10-04 13:00:00,faravahar,362,362,0,0,13
2026-10-04 14:00:00,faravahar,362,362,0,0,13
2026-10-04 15:00:00,faravahar,362,362,0,0,13
2026-10-04 16:00:00,faravahar,362,362,0,0,13
2026-10-04 17:00:00,faravahar,362,362,0,0,13
2026-10-04 18:00:00,faravahar,362,362,0,0,13
2026-10-04 19:00:00,faravahar,362,362,0,0,13
2026-10-04 20:00:00,faravahar,362,362,0,0,13
2026-10-04 21:00:00,faravahar,362,362,0,0,13
2026-10-04 22:00:00,faravahar,362,362,0,0,13
2026-10-04 23:00:00,faravahar,364,360,0,0,12
2026-10-05 00:00:00,faravahar,364,360,0,0,12
2026-10-05 01:00:00,faravahar,364,360,0,0,12
2026-10-05 02:00:00,faravahar,267,263,0,0,109
2026-10-05 03:00:00,faravahar,244,240,0,0,132
2026-10-05 04:00:00,faravahar,217,213,0,0,159
2026-10-05 05:00:00,faravahar,156,152,0,0,220
2026-10-05 06:00:00,faravahar,100,96,0,0,276
2026-10-05 07:00:00,faravahar,93,88,0,0,283
2026-10-05 08:00:00,faravahar,93,86,0,0,283
2026-10-05 09:00:00,faravahar,91,84,0,0,285
2026-10-05 10:00:00,faravahar,197,190,0,0,179
2026-10-05 11:00:00,faravahar,339,332,0,0,37
2026-10-05 12:00:00,faravahar,340,333,0,0,36
2026-10-05 13:00:00,faravahar,342,333,0,0,34
2026-10-05 14:00:00,faravahar,0,0,0,0,376
2026-10-05 15:00:00,faravahar,0,0,0,0,376
2026-10-05 16:00:00,faravahar,0,0,0,0,376
2026-10-05 17:00:00,faravahar,0,0,0,0,376
2026-10-05 18:00:00,faravahar,0,0,0,0,376
2026-10-05 19:00:00,faravahar,0,0,0,0,376
2026-10-05 20:00:00,faravahar,0,0,0,0,376
2026-10-05 21:00:00,faravahar,0,0,0,0,376
2026-10-05 22:00:00,faravahar,0,0,0,0,376
2026-10-05 23:00:00,faravahar,0,0,0,0,376
2026-10-06 00:00:00,faravahar,0,0,0,0,376
2026-10-06 01:00:00,faravahar,0,0,0,0,376
2026-10-06 02:00:00,faravahar,0,0,0,0,376
2026-10-06 03:00:00,faravahar,0,0,0,0,376
2026-10-06 04:00:00,faravahar,0,0,0,0,376
2026-10-06 05:00:00,faravahar,0,0,0,0,376
2026-10-06 06:00:00,faravahar,0,0,0,0,376
2026-10-06 07:00:00,faravahar,0,0,0,0,376
2026-10-06 08:00:00,faravahar,0,0,0,0,376
2026-10-06 09:00:00,faravahar,0,0,0,0,376
2026-10-06 10:00:00,faravahar,0,0,0,0,376
2026-10-06 11:00:00,faravahar,0,0,0,0,376
2026-10-06 12:00:00,faravahar,0,0,0,0,376
2026-10-06 13:00:00,faravahar,0,0,0,0,376
2026-10-06 14:00:00,faravahar,0,0,0,0,376
2026-10-06 15:00:00,faravahar,0,0,0,0,376
2026-10-06 16:00:00,faravahar,0,0,0,0,376
2026-10-06 17:00:00,faravahar,0,0,0,0,376
2026-10-06 18:00:00,faravahar,0,0,0,0,376
2026-10-06 19:00:00,faravahar,0,0,0,0,376
2026-10-06 20:00:00,faravahar,0,0,0,0,376
2026-10-06 21:00:00,faravahar,0,0,0,0,376
2026-10-06 22:00:00,faravahar,0,0,0,0,376
2026-10-06 23:00:00,faravahar,0,0,0,0,376
2026-10-07 00:00:00,faravahar,0,0,0,0,376
2026-10-07 01:00:00,faravahar,0,0,0,0,376
2026-10-01 00:00:00,gabelmoo,363,340,0,0,0
2026-10-01 01:00:00,gabelmoo,363,340,0,0,0
2026-10-01 02:00:00,gabelmoo,363,340,0,0,0
2026-10-01 03:00:00,gabelmoo,363,340,0,0,0
2026-10-01 04:00:00,gabelmoo,363,340,0,0,0
2026-10-01 05:00:00,gabelmoo,363,340,0,0,0
2026-10-01 06:00:00,gabelmoo,363,340,0,0,0
2026-10-01 07:00:00,gabelmoo,363,340,0,0,0
2026-10-01 08:00:00,gabelmoo,362,339,0,0,0
2026-10-01 09:00:00,gabelmoo,362,339,0,0,0
2026-10-01 10:00:00,gabelmoo,362,339,0,0,0
2026-10-01 11:00:00,gabelmoo,362,339,0,0,0
2026-10-01 12:00:00,gabelmoo,362,339,0,0,0
2026-10-01 13:00:00,gabelmoo,362,339,0,0,0
2026-10-01 14:00:00,gabelmoo,362,339,0,0,0
2026-10-01 15:00:00,gabelmoo,362,339,0,0,0
2026-10-01 16:00:00,gabelmoo,363,340,0,0,1
2026-10-01 17:00:00,gabelmoo,363,340,0,0,1
2026-10-01 18:00:00,gabelmoo,363,340,0,0,1
2026-10-01 20:00:00,gabelmoo,364,340,0,0,1
2026-10-01 21:00:00,gabelmoo,364,340,0,0,1
2026-10-01 22:00:00,gabelmoo,364,340,0,0,1
2026-10-01 23:00:00,gabelmoo,364,340,0,0,1
2026-10-02 00:00:00,gabelmoo,364,340,0,0,1
2026-10-02 01:00:00,gabelmoo,364,340,0,0,1
2026-10-02 02:00:00,gabelmoo,364,340,0,0,1
2026-10-02 03:00:00,gabelmoo,364,340,0,0,1
2026-10-02 04:00:00,gabelmoo,364,340,0,0,1
2026-10-02 05:00:00,gabelmoo,364,340,0,0,1
2026-10-02 06:00:00,gabelmoo,364,340,0,0,1
2026-10-02 07:00:00,gabelmoo,364,340,0,0,1
2026-10-02 08:00:00,gabelmoo,364,340,0,0,1
2026-10-02 09:00:00,gabelmoo,364,340,0,0,1
2026-10-02 10:00:00,gabelmoo,364,340,0,0,1
2026-10-02 11:00:00,gabelmoo,364,345,0,0,1
2026-10-02 12:00:00,gabelmoo,364,344,0,0,1
2026-10-02 13:00:00,gabelmoo,364,344,0,0,1
2026-10-02 14:00:00,gabelmoo,364,345,0,0,1
2026-10-02 15:00:00,gabelmoo,364,344,0,0,1
2026-10-02 16:00:00,gabelmoo,364,345,0,0,1
2026-10-02 17:00:00,gabelmoo,364,345,0,0,1
2026-10-02 18:00:00,gabelmoo,364,345,0,0,1
2026-10-02 19:00:00,gabelmoo,364,345,0,0,1
2026-10-02 20:00:00,gabelmoo,364,345,0,0,1
2026-10-02 21:00:00,gabelmoo,364,345,0,0,1
2026-10-02 22:00:00,gabelmoo,364,345,0,0,1
2026-10-02 23:00:00,gabelmoo,364,345,0,0,1
2026-10-03 00:00:00,gabelmoo,364,345,0,0,1
2026-10-03 01:00:00,gabelmoo,364,345,0,0,1
2026-10-03 02:00:00,gabelmoo,364,345,0,0,1
2026-10-03 03:00:00,gabelmoo,364,345,0,0,1
2026-10-03 04:00:00,gabelmoo,364,345,0,0,1
2026-10-03 05:00:00,gabelmoo,364,345,0,0,1
2026-10-03 06:00:00,gabelmoo,364,345,0,0,1
2026-10-03 07:00:00,gabelmoo,364,345,0,0,1
2026-10-03 08:00:00,gabelmoo,364,345,0,0,1
2026-10-03 09:00:00,gabelmoo,364,345,0,0,1
2026-10-03 10:00:00,gabelmoo,364,345,0,0,1
2026-10-03 11:00:00,gabelmoo,369,364,0,0,1
2026-10-03 12:00:00,gabelmoo,373,368,0,0,1
2026-10-03 13:00:00,gabelmoo,373,368,0,0,1
2026-10-03 14:00:00,gabelmoo,373,369,0,0,1
2026-10-03 15:00:00,gabelmoo,373,369,0,0,1
2026-10-03 16:00:00,gabelmoo,372,368,0,0,2
2026-10-03 17:00:00,gabelmoo,372,372,0,0,2
2026-10-03 18:00:00,gabelmoo,372,372,0,0,2
2026-10-03 19:00:00,gabelmoo,372,372,0,0,2
2026-10-03 20:00:00,gabelmoo,372,372,0,0,2
2026-10-03 21:00:00,gabelmoo,372,372,0,0,2
2026-10-03 22:00:00,gabelmoo,372,372,0,0,2
2026-10-03 23:00:00,gabelmoo,372,372,0,0,2
2026-10-04 00:00:00,gabelmoo,372,372,0,0,2
2026-10-04 01:00:00,gabelmoo,372,372,0,0,2
2026-10-04 02:00:00,gabelmoo,372,372,0,0,2
2026-10-04 03:00:00,gabelmoo,372,372,0,0,2
2026-10-04 04:00:00,gabelmoo,372,372,0,0,2
2026-10-04 05:00:00,gabelmoo,372,372,0,0,2
2026-10-04 06:00:00,gabelmoo,372,372,0,0,2
2026-10-04 07:00:00,gabelmoo,372,372,0,0,2
2026-10-04 08:00:00,gabelmoo,372,372,0,0,2
2026-10-04 09:00:00,gabelmoo,373,373,0,0,2
2026-10-04 10:00:00,gabelmoo,373,373,0,0,2
2026-10-04 11:00:00,gabelmoo,363,363,0,0,12
2026-10-04 12:00:00,gabelmoo,363,363,0,0,12
2026-10-04 13:00:00,gabelmoo,363,363,0,0,12
2026-10-04 14:00:00,gabelmoo,363,363,0,0,12
2026-10-04 15:00:00,gabelmoo,363,363,0,0,12
2026-10-04 16:00:00,gabelmoo,263,263,0,0,112
2026-10-04 17:00:00,gabelmoo,263,263,0,0,112
2026-10-04 18:00:00,gabelmoo,263,32,231,231,112
2026-10-04 19:00:00,gabelmoo,263,32,231,231,112
2026-10-04 20:00:00,gabelmoo,263,18,245,245,112
2026-10-04 21:00:00,gabelmoo,263,18,245,245,112
2026-10-04 22:00:00,gabelmoo,263,18,245,245,112
2026-10-04 23:00:00,gabelmoo,265,20,245,245,111
2026-10-05 00:00:00,gabelmoo,265,20,245,245,111
2026-10-05 01:00:00,gabelmoo,265,20,245,245,111
2026-10-05 02:00:00,gabelmoo,192,20,172,172,184
2026-10-05 03:00:00,gabelmoo,176,20,156,156,200
2026-10-05 04:00:00,gabelmoo,152,19,133,133,224
2026-10-05 05:00:00,gabelmoo,107,18,89,89,269
2026-10-05 06:00:00,gabelmoo,77,16,61,61,299
2026-10-05 07:00:00,gabelmoo,78,16,61,61,298
2026-10-05 08:00:00,gabelmoo,78,16,61,61,298
2026-10-05 09:00:00,gabelmoo,76,16,59,59,300
2026-10-05 10:00:00,gabelmoo,170,16,153,153,206
2026-10-05 11:00:00,gabelmoo,242,16,225,225,134
2026-10-05 12:00:00,gabelmoo,242,16,225,225,134
2026-10-05 13:00:00,gabelmoo,242,16,225,225,134
2026-10-05 14:00:00,gabelmoo,239,16,222,222,137
2026-10-05 15:00:00,gabelmoo,238,16,221,221,138
2026-10-05 16:00:00,gabelmoo,0,0,0,0,376
2026-10-05 17:00:00,gabelmoo,0,0,0,0,376
2026-10-05 18:00:00,gabelmoo,0,0,0,0,376
2026-10-05 19:00:00,gabelmoo,0,0,0,0,376
2026-10-05 20:00:00,gabelmoo,0,0,0,0,376
2026-10-05 21:00:00,gabelmoo,0,0,0,0,376
2026-10-05 22:00:00,gabelmoo,0,0,0,0,376
2026-10-05 23:00:00,gabelmoo,0,0,0,0,376
2026-10-06 00:00:00,gabelmoo,0,0,0,0,376
2026-10-06 01:00:00,gabelmoo,0,0,0,0,376
2026-10-06 02:00:00,gabelmoo,0,0,0,0,376
2026-10-06 03:00:00,gabelmoo,0,0,0,0,376
2026-10-06 04:00:00,gabelmoo,0,0,0,0,376
2026-10-06 05:00:00,gabelmoo,0,0,0,0,376
2026-10-06 06:00:00,gabelmoo,0,0,0,0,376
2026-10-06 07:00:00,gabelmoo,0,0,0,0,376
2026-10-06 08:00:00,gabelmoo,0,0,0,0,376
2026-10-06 09:00:00,gabelmoo,0,0,0,0,376
2026-10-06 10:00:00,gabelmoo,0,0,0,0,376
2026-10-06 11:00:00,gabelmoo,0,0,0,0,376
2026-10-06 12:00:00,gabelmoo,0,0,0,0,376
2026-10-06 13:00:00,gabelmoo,0,0,0,0,376
2026-10-06 14:00:00,gabelmoo,0,0,0,0,376
2026-10-06 15:00:00,gabelmoo,0,0,0,0,376
2026-10-06 16:00:00,gabelmoo,0,0,0,0,376
2026-10-06 17:00:00,gabelmoo,0,0,0,0,376
2026-10-06 18:00:00,gabelmoo,0,0,0,0,376
2026-10-06 19:00:00,gabelmoo,0,0,0,0,376
2026-10-06 20:00:00,gabelmoo,0,0,0,0,376
2026-10-06 21:00:00,gabelmoo,0,0,0,0,376
2026-10-06 22:00:00,gabelmoo,0,0,0,0,376
2026-10-06 23:00:00,gabelmoo,0,0,0,0,376
2026-10-07 00:00:00,gabelmoo,0,0,0,0,376
2026-10-07 01:00:00,gabelmoo,0,0,0,0,376
2026-10-01 00:00:00,longclaw,363,340,0,0,0
2026-10-01 01:00:00,longclaw,363,340,0,0,0
2026-10-01 02:00:00,longclaw,363,340,0,0,0
2026-10-01 03:00:00,longclaw,363,340,0,0,0
2026-10-01 04:00:00,longclaw,363,340,0,0,0
2026-10-01 05:00:00,longclaw,363,340,0,0,0
2026-10-01 06:00:00,longclaw,363,340,0,0,0
2026-10-01 07:00:00,longclaw,363,340,0,0,0
2026-10-01 08:00:00,longclaw,362,339,0,0,0
2026-10-01 09:00:00,longclaw,362,339,0,0,0
2026-10-01 10:00:00,longclaw,362,339,0,0,0
2026-10-01 11:00:00,longclaw,362,339,0,0,0
2026-10-01 12:00:00,longclaw,362,339,0,0,0
2026-10-01 13:00:00,longclaw,362,339,0,0,0
2026-10-01 14:00:00,longclaw,362,339,0,0,0
2026-10-01 15:00:00,longclaw,362,339,0,0,0
2026-10-01 16:00:00,longclaw,363,340,0,0,1
2026-10-01 17:00:00,longclaw,363,340,0,0,1
2026-10-01 18:00:00,longclaw,363,340,0,0,1
2026-10-01 20:00:00,longclaw,364,340,0,0,1
2026-10-01 21:00:00,longclaw,364,340,0,0,1
2026-10-01 22:00:00,longclaw,364,340,0,0,1
2026-10-01 23:00:00,longclaw,364,340,0,0,1
2026-10-02 00:00:00,longclaw,364,340,0,0,1
2026-10-02 01:00:00,longclaw,364,340,0,0,1
2026-10-02 02:00:00,longclaw,364,340,0,0,1
2026-10-02 03:00:00,longclaw,364,340,0,0,1
2026-10-02 04:00:00,longclaw,364,340,0,0,1
2026-10-02 05:00:00,longclaw,364,340,0,0,1
2026-10-02 06:00:00,longclaw,364,340,0,0,1
2026-10-02 07:00:00,longclaw,364,340,0,0,1
2026-10-02 08:00:00,longclaw,364,340,0,0,1
2026-10-02 09:00:00,longclaw,364,340,0,0,1
2026-10-02 10:00:00,longclaw,364,340,0,0,1
2026-10-02 11:00:00,longclaw,364,344,0,0,1
2026-10-02 12:00:00,longclaw,364,344,0,0,1
2026-10-02 13:00:00,longclaw,364,344,0,0,1
2026-10-02 14:00:00,longclaw,364,344,0,0,1
2026-10-02 15:00:00,longclaw,364,344,0,0,1
2026-10-02 16:00:00,longclaw,364,345,0,0,1
2026-10-02 17:00:00,longclaw,364,345,0,0,1
2026-10-02 18:00:00,longclaw,364,345,0,0,1
2026-10-02 19:00:00,longclaw,364,345,0,0,1
2026-10-02 20:00:00,longclaw,364,345,0,0,1
2026-10-02 21:00:00,longclaw,364,345,0,0,1
2026-10-02 22:00:00,longclaw,364,345,0,0,1
2026-10-02 23:00:00,longclaw,364,345,0,0,1
2026-10-03 00:00:00,longclaw,364,345,0,0,1
2026-10-03 01:00:00,longclaw,364,345,0,0,1
2026-10-03 02:00:00,longclaw,364,345,0,0,1
2026-10-03 03:00:00,longclaw,364,345,0,0,1
2026-10-03 04:00:00,longclaw,364,345,0,0,1
2026-10-03 05:00:00,longclaw,364,345,0,0,1
2026-10-03 06:00:00,longclaw,364,345,0,0,1
2026-10-03 07:00:00,longclaw,364,345,0,0,1
2026-10-03 08:00:00,longclaw,364,345,0,0,1
2026-10-03 09:00:00,longclaw,364,345,0,0,1
2026-10-03 10:00:00,longclaw,364,345,0,0,1
2026-10-03 11:00:00,longclaw,369,364,0,0,1
2026-10-03 12:00:00,longclaw,373,368,0,0,1
2026-10-03 13:00:00,longclaw,373,368,0,0,1
2026-10-03 14:00:00,longclaw,373,369,0,0,1
2026-10-03 15:00:00,longclaw,373,369,0,0,1
2026-10-03 16:00:00,longclaw,372,368,0,0,2
2026-10-03 17:00:00,longclaw,372,372,0,0,2
2026-10-03 18:00:00,longclaw,372,372,0,0,2
2026-10-03 19:00:00,longclaw,372,372,0,0,2
2026-10-03 20:00:00,longclaw,372,372,0,0,2
2026-10-03 21:00:00,longclaw,372,372,0,0,2
2026-10-03 22:00:00,longclaw,372,372,0,0,2
2026-10-03 23:00:00,longclaw,372,372,0,0,2
2026-10-04 00:00:00,longclaw,372,372,0,0,2
2026-10-04 01:00:00,longclaw,372,372,0,0,2
2026-10-04 02:00:00,longclaw,372,372,0,0,2
2026-10-04 03:00:00,longclaw,372,372,0,0,2
2026-10-04 04:00:00,longclaw,372,372,0,0,2
2026-10-04 05:00:00,longclaw,372,372,0,0,2
2026-10-04 06:00:00,longclaw,372,372,0,0,2
2026-10-04 07:00:00,longclaw,372,372,0,0,2
2026-10-04 08:00:00,longclaw,372,372,0,0,2
2026-10-04 09:00:00,longclaw,373,373,0,0,2
2026-10-04 10:00:00,longclaw,373,373,0,0,2
2026-10-04 11:00:00,longclaw,363,363,0,0,12
2026-10-04 12:00:00,longclaw,363,363,0,0,12
2026-10-04 13:00:00,longclaw,363,363,0,0,12
2026-10-04 14:00:00,longclaw,363,363,0,0,12
2026-10-04 15:00:00,longclaw,363,363,0,0,12
2026-10-04 16:00:00,longclaw,363,363,0,0,12
2026-10-04 17:00:00,longclaw,363,363,0,0,12
2026-10-04 18:00:00,longclaw,363,363,0,0,12
2026-10-04 19:00:00,longclaw,363,363,0,0,12
2026-10-04 20:00:00,longclaw,363,363,0,0,12
2026-10-04 21:00:00,longclaw,263,18,245,245,112
2026-10-04 22:00:00,longclaw,263,18,245,245,112
2026-10-04 23:00:00,longclaw,265,20,245,245,111
2026-10-05 00:00:00,longclaw,265,20,245,245,111
2026-10-05 01:00:00,longclaw,265,20,245,245,111
2026-10-05 02:00:00,longclaw,192,20,172,172,184
2026-10-05 03:00:00,longclaw,176,20,156,156,200
2026-10-05 04:00:00,longclaw,152,19,133,133,224
2026-10-05 05:00:00,longclaw,107,18,89,89,269
2026-10-05 06:00:00,longclaw,77,16,61,61,299
2026-10-05 07:00:00,longclaw,78,16,61,61,298
2026-10-05 08:00:00,longclaw,78,16,61,61,298
2026-10-05 09:00:00,longclaw,76,16,59,59,300
2026-10-05 10:00:00,longclaw,170,16,153,153,206
2026-10-05 11:00:00,longclaw,242,16,225,225,134
2026-10-05 12:00:00,longclaw,0,0,0,0,376
2026-10-05 13:00:00,longclaw,0,0,0,0,376
2026-10-05 14:00:00,longclaw,0,0,0,0,376
2026-10-05 15:00:00,longclaw,0,0,0,0,376
2026-10-05 16:00:00,longclaw,0,0,0,0,376
2026-10-05 17:00:00,longclaw,0,0,0,0,376
2026-10-05 18:00:00,longclaw,0,0,0,0,376
2026-10-05 19:00:00,longclaw,0,0,0,0,376
2026-10-05 20:00:00,longclaw,0,0,0,0,376
2026-10-05 21:00:00,longclaw,0,0,0,0,376
2026-10-05 22:00:00,longclaw,0,0,0,0,376
2026-10-05 23:00:00,longclaw,0,0,0,0,376
2026-10-06 00:00:00,longclaw,0,0,0,0,376
2026-10-06 01:00:00,longclaw,0,0,0,0,376
2026-10-06 02:00:00,longclaw,0,0,0,0,376
2026-10-06 03:00:00,longclaw,0,0,0,0,376
2026-10-06 04:00:00,longclaw,0,0,0,0,376
2026-10-06 05:00:00,longclaw,0,0,0,0,376
2026-10-06 06:00:00,longclaw,0,0,0,0,376
2026-10-06 07:00:00,longclaw,0,0,0,0,376
2026-10-06 08:00:00,longclaw,0,0,0,0,376
2026-10-06 09:00:00,longclaw,0,0,0,0,376
2026-10-06 10:00:00,longclaw,0,0,0,0,376
2026-10-06 11:00:00,longclaw,0,0,0,0,376
2026-10-06 12:00:00,longclaw,0,0,0,0,376
2026-10-06 13:00:00,longclaw,0,0,0,0,376
2026-10-06 14:00:00,longclaw,0,0,0,0,376
2026-10-06 15:00:00,longclaw,0,0,0,0,376
2026-10-06 16:00:00,longclaw,0,0,0,0,376
2026-10-06 17:00:00,longclaw,0,0,0,0,376
2026-10-06 18:00:00,longclaw,0,0,0,0,376
2026-10-06 19:00:00,longclaw,0,0,0,0,376
2026-10-06 20:00:00,longclaw,0,0,0,0,376
2026-10-06 21:00:00,longclaw,0,0,0,0,376
2026-10-06 22:00:00,longclaw,0,0,0,0,376
2026-10-06 23:00:00,longclaw,0,0,0,0,376
2026-10-07 00:00:00,longclaw,0,0,0,0,376
2026-10-07 01:00:00,longclaw,0,0,0,0,376
2026-10-01 00:00:00,maatuska,363,340,0,0,0
2026-10-01 01:00:00,maatuska,363,340,0,0,0
2026-10-01 02:00:00,maatuska,363,340,0,0,0
2026-10-01 03:00:00,maatuska,363,340,0,0,0
2026-10-01 04:00:00,maatuska,363,340,0,0,0
2026-10-01 05:00:00,maatuska,363,340,0,0,0
2026-10-01 06:00:00,maatuska,363,340,0,0,0
2026-10-01 07:00:00,maatuska,363,340,0,0,0
2026-10-01 08:00:00,maatuska,362,339,0,0,0
2026-10-01 09:00:00,maatuska,362,339,0,0,0
2026-10-01 10:00:00,maatuska,362,339,0,0,0
2026-10-01 11:00:00,maatuska,362,339,0,0,0
2026-10-01 12:00:00,maatuska,362,339,0,0,0
2026-10-01 13:00:00,maatuska,362,339,0,0,0
2026-10-01 14:00:00,maatuska,362,339,0,0,0
2026-10-01 15:00:00,maatuska,362,339,0,0,0
2026-10-01 16:00:00,maatuska,363,340,0,0,1
2026-10-01 17:00:00,maatuska,363,340,0,0,1
2026-10-01 18:00:00,maatuska,363,340,0,0,1
2026-10-01 20:00:00,maatuska,364,340,0,0,1
2026-10-01 21:00:00,maatuska,364,340,0,0,1
2026-10-01 22:00:00,maatuska,364,340,0,0,1
2026-10-01 23:00:00,maatuska,364,340,0,0,1
2026-10-02 00:00:00,maatuska,364,340,0,0,1
2026-10-02 01:00:00,maatuska,364,340,0,0,1
2026-10-02 02:00:00,maatuska,364,340,0,0,1
2026-10-02 03:00:00,maatuska,364,340,0,0,1
2026-10-02 04:00:00,maatuska,364,340,0,0,1
2026-10-02 05:00:00,maatuska,364,340,0,0,1
2026-10-02 06:00:00,maatuska,364,340,0,0,1
2026-10-02 07:00:00,maatuska,364,340,0,0,1
2026-10-02 08:00:00,maatuska,364,340,0,0,1
2026-10-02 09:00:00,maatuska,364,340,0,0,1
2026-10-02 10:00:00,maatuska,364,340,0,0,1
2026-10-02 11:00:00,maatuska,364,344,0,0,1
2026-10-02 12:00:00,maatuska,364,344,0,0,1
2026-10-02 13:00:00,maatuska,364,345,0,0,1
2026-10-02 14:00:00,maatuska,364,345,0,0,1
2026-10-02 15:00:00,maatuska,364,345,0,0,1
2026-10-02 16:00:00,maatuska,364,345,0,0,1
2026-10-02 17:00:00,maatuska,364,345,0,0,1
2026-10-02 18:00:00,maatuska,364,345,0,0,1
2026-10-02 19:00:00,maatuska,364,345,0,0,1
2026-10-02 20:00:00,maatuska,364,345,0,0,1
2026-10-02 21:00:00,maatuska,364,345,0,0,1
2026-10-02 22:00:00,maatuska,364,345,0,0,1
2026-10-02 23:00:00,maatuska,364,345,0,0,1
2026-10-03 00:00:00,maatuska,364,345,0,0,1
2026-10-03 01:00:00,maatuska,364,345,0,0,1
2026-10-03 02:00:00,maatuska,364,345,0,0,1
2026-10-03 03:00:00,maatuska,364,345,0,0,1
2026-10-03 04:00:00,maatuska,364,345,0,0,1
2026-10-03 05:00:00,maatuska,364,345,0,0,1
2026-10-03 06:00:00,maatuska,364,345,0,0,1
2026-10-03 07:00:00,maatuska,364,345,0,0,1
2026-10-03 08:00:00,maatuska,364,345,0,0,1
2026-10-03 09:00:00,maatuska,364,345,0,0,1
2026-10-03 10:00:00,maatuska,364,345,0,0,1
2026-10-03 11:00:00,maatuska,369,364,0,0,1
2026-10-03 12:00:00,maatuska,373,368,0,0,1
2026-10-03 13:00:00,maatuska,373,368,0,0,1
2026-10-03 14:00:00,maatuska,373,369,0,0,1
2026-10-03 15:00:00,maatuska,373,369,0,0,1
2026-10-03 16:00:00,maatuska,372,368,0,0,2
2026-10-03 17:00:00,maatuska,372,372,0,0,2
2026-10-03 18:00:00,maatuska,372,372,0,0,2
2026-10-03 19:00:00,maatuska,372,372,0,0,2
2026-10-03 20:00:00,maatuska,372,372,0,0,2
2026-10-03 21:00:00,maatuska,372,372,0,0,2
2026-10-03 22:00:00,maatuska,372,372,0,0,2
2026-10-03 23:00:00,maatuska,372,372,0,0,2
2026-10-04 00:00:00,maatuska,372,372,0,0,2
2026-10-04 01:00:00,maatuska,372,372,0,0,2
2026-10-04 02:00:00,maatuska,372,372,0,0,2
2026-10-04 03:00:00,maatuska,372,372,0,0,2
2026-10-04 04:00:00,maatuska,372,372,0,0,2
2026-10-04 05:00:00,maatuska,372,372,0,0,2
2026-10-04 06:00:00,maatuska,372,372,0,0,2
2026-10-04 07:00:00,maatuska,372,372,0,0,2
2026-10-04 08:00:00,maatuska,372,372,0,0,2
2026-10-04 09:00:00,maatuska,373,373,0,0,2
2026-10-04 10:00:00,maatuska,373,373,0,0,2
2026-10-04 11:00:00,maatuska,363,363,0,0,12
2026-10-04 12:00:00,maatuska,363,363,0,0,12
2026-10-04 13:00:00,maatuska,363,363,0,0,12
2026-10-04 14:00:00,maatuska,363,363,0,0,12
2026-10-04 15:00:00,maatuska,363,363,0,0,12
2026-10-04 16:00:00,maatuska,363,363,0,0,12
2026-10-04 17:00:00,maatuska,363,363,0,0,12
2026-10-04 18:00:00,maatuska,363,363,0,0,12
2026-10-04 19:00:00,maatuska,363,363,0,0,12
2026-10-04 20:00:00,maatuska,363,363,0,0,12
2026-10-04 21:00:00,maatuska,363,363,0,0,12
2026-10-04 22:00:00,maatuska,363,363,0,0,12
2026-10-04 23:00:00,maatuska,365,357,0,0,11
2026-10-05 00:00:00,maatuska,365,357,0,0,11
2026-10-05 01:00:00,maatuska,365,357,0,0,11
2026-10-05 02:00:00,maatuska,268,260,0,0,108
2026-10-05 03:00:00,maatuska,245,237,0,0,131
2026-10-05 04:00:00,maatuska,217,209,0,0,159
2026-10-05 05:00:00,maatuska,156,148,0,0,220
2026-10-05 06:00:00,maatuska,100,92,0,0,276
2026-10-05 07:00:00,maatuska,93,84,0,0,283
2026-10-05 08:00:00,maatuska,78,16,0,61,298
2026-10-05 09:00:00,maatuska,76,16,0,59,300
2026-10-05 10:00:00,maatuska,170,16,0,153,206
2026-10-05 11:00:00,maatuska,242,16,0,225,134
2026-10-05 12:00:00,maatuska,0,0,0,0,376
2026-10-05 13:00:00,maatuska,0,0,0,0,376
2026-10-05 14:00:00,maatuska,0,0,0,0,376
2026-10-05 15:00:00,maatuska,0,0,0,0,376
2026-10-05 16:00:00,maatuska,0,0,0,0,376
2026-10-05 17:00:00,maatuska,0,0,0,0,376
2026-10-05 18:00:00,maatuska,0,0,0,0,376
2026-10-05 19:00:00,maatuska,0,0,0,0,376
2026-10-05 20:00:00,maatuska,0,0,0,0,376
2026-10-05 21:00:00,maatuska,0,0,0,0,376
2026-10-05 22:00:00,maatuska,0,0,0,0,376
2026-10-05 23:00:00,maatuska,0,0,0,0,376
2026-10-06 00:00:00,maatuska,0,0,0,0,376
2026-10-06 01:00:00,maatuska,0,0,0,0,376
2026-10-06 02:00:00,maatuska,0,0,0,0,376
2026-10-06 03:00:00,maatuska,0,0,0,0,376
2026-10-06 04:00:00,maatuska,0,0,0,0,376
2026-10-06 05:00:00,maatuska,0,0,0,0,376
2026-10-06 06:00:00,maatuska,0,0,0,0,376
2026-10-06 07:00:00,maatuska,0,0,0,0,376
2026-10-06 08:00:00,maatuska,0,0,0,0,376
2026-10-06 09:00:00,maatuska,0,0,0,0,376
2026-10-06 10:00:00,maatuska,0,0,0,0,376
2026-10-06 11:00:00,maatuska,0,0,0,0,376
2026-10-06 12:00:00,maatuska,0,0,0,0,376
2026-10-06 13:00:00,maatuska,0,0,0,0,376
2026-10-06 14:00:00,maatuska,0,0,0,0,376
2026-10-06 15:00:00,maatuska,0,0,0,0,376
2026-10-06 16:00:00,maatuska,0,0,0,0,376
2026-10-06 17:00:00,maatuska,0,0,0,0,376
2026-10-06 18:00:00,maatuska,0,0,0,0,376
2026-10-06 19:00:00,maatuska,0,0,0,0,376
2026-10-06 20:00:00,maatuska,0,0,0,0,376
2026-10-06 21:00:00,maatuska,0,0,0,0,376
2026-10-06 22:00:00,maatuska,0,0,0,0,376
2026-10-06 23:00:00,maatuska,0,0,0,0,376
2026-10-07 00:00:00,maatuska,0,0,0,0,376
2026-10-07 01:00:00,maatuska,0,0,0,0,376
2026-10-01 00:00:00,moria1,363,340,0,0,0
2026-10-01 01:00:00,moria1,363,340,0,0,0
2026-10-01 02:00:00,moria1,363,340,0,0,0
2026-10-01 03:00:00,moria1,363,340,0,0,0
2026-10-01 04:00:00,moria1,363,340,0,0,0
2026-10-01 05:00:00,moria1,363,340,0,0,0
2026-10-01 06:00:00,moria1,363,340,0,0,0
2026-10-01 07:00:00,moria1,363,340,0,0,0
2026-10-01 08:00:00,moria1,362,339,0,0,0
2026-10-01 09:00:00,moria1,362,339,0,0,0
2026-10-01 10:00:00,moria1,362,339,0,0,0
2026-10-01 11:00:00,moria1,362,339,0,0,0
2026-10-01 12:00:00,moria1,362,339,0,0,0
2026-10-01 13:00:00,moria1,362,339,0,0,0
2026-10-01 14:00:00,moria1,362,339,0,0,0
2026-10-01 15:00:00,moria1,362,339,0,0,0
2026-10-01 16:00:00,moria1,363,340,0,0,1
2026-10-01 17:00:00,moria1,363,340,0,0,1
2026-10-01 18:00:00,moria1,363,340,0,0,1
2026-10-01 20:00:00,moria1,364,340,0,0,1
2026-10-01 21:00:00,moria1,364,340,0,0,1
2026-10-01 22:00:00,moria1,360,336,0,0,2
2026-10-01 23:00:00,moria1,360,336,0,0,2
2026-10-02 00:00:00,moria1,360,336,0,0,2
2026-10-02 01:00:00,moria1,357,333,0,0,5
2026-10-02 02:00:00,moria1,356,332,0,0,6
2026-10-02 03:00:00,moria1,355,331,0,0,7
2026-10-02 04:00:00,moria1,353,329,0,0,9
2026-10-02 05:00:00,moria1,350,326,0,0,12
2026-10-02 06:00:00,moria1,350,326,0,0,12
2026-10-02 07:00:00,moria1,349,325,0,0,13
2026-10-02 08:00:00,moria1,347,323,0,0,13
2026-10-02 09:00:00,moria1,346,322,0,0,14
2026-10-02 10:00:00,moria1,364,340,0,0,1
2026-10-02 11:00:00,moria1,364,344,0,0,1
2026-10-02 12:00:00,moria1,364,344,0,0,1
2026-10-02 13:00:00,moria1,364,344,0,0,1
2026-10-02 14:00:00,moria1,364,344,0,0,1
2026-10-02 15:00:00,moria1,361,341,0,0,4
2026-10-02 16:00:00,moria1,361,341,0,0,4
2026-10-02 17:00:00,moria1,360,341,0,0,5
2026-10-02 18:00:00,moria1,360,341,0,0,5
2026-10-02 19:00:00,moria1,360,341,0,0,5
2026-10-02 20:00:00,moria1,360,341,0,0,5
2026-10-02 21:00:00,moria1,360,341,0,0,5
2026-10-02 22:00:00,moria1,360,341,0,0,5
2026-10-02 23:00:00,moria1,360,341,0,0,5
2026-10-03 00:00:00,moria1,359,340,0,0,6
2026-10-03 01:00:00,moria1,359,340,0,0,6
2026-10-03 02:00:00,moria1,359,340,0,0,6
2026-10-03 03:00:00,moria1,359,340,0,0,6
2026-10-03 04:00:00,moria1,363,344,0,0,2
2026-10-03 05:00:00,moria1,363,344,0,0,2
2026-10-03 06:00:00,moria1,363,344,0,0,2
2026-10-03 07:00:00,moria1,363,344,0,0,2
2026-10-03 08:00:00,moria1,363,344,0,0,2
2026-10-03 09:00:00,moria1,363,344,0,0,2
2026-10-03 10:00:00,moria1,364,345,0,0,1
2026-10-03 11:00:00,moria1,369,364,0,0,1
2026-10-03 12:00:00,moria1,373,368,0,0,1
2026-10-03 13:00:00,moria1,373,368,0,0,1
2026-10-03 14:00:00,moria1,373,369,0,0,1
2026-10-03 15:00:00,moria1,373,369,0,0,1
2026-10-03 16:00:00,moria1,372,368,0,0,2
2026-10-03 17:00:00,moria1,372,372,0,0,2
2026-10-03 18:00:00,moria1,372,372,0,0,2
2026-10-03 19:00:00,moria1,372,372,0,0,2
2026-10-03 20:00:00,moria1,372,372,0,0,2
2026-10-03 21:00:00,moria1,372,372,0,0,2
2026-10-03 22:00:00,moria1,372,372,0,0,2
2026-10-03 23:00:00,moria1,372,372,0,0,2
2026-10-04 00:00:00,moria1,372,372,0,0,2
2026-10-04 01:00:00,moria1,372,372,0,0,2
2026-10-04 02:00:00,moria1,372,372,0,0,2
2026-10-04 03:00:00,moria1,372,372,0,0,2
2026-10-04 04:00:00,moria1,372,372,0,0,2
2026-10-04 05:00:00,moria1,372,372,0,0,2
2026-10-04 06:00:00,moria1,372,372,0,0,2
2026-10-04 07:00:00,moria1,372,372,0,0,2
2026-10-04 08:00:00,moria1,372,372,0,0,2
2026-10-04 09:00:00,moria1,372,372,0,0,3
2026-10-04 10:00:00,moria1,373,373,0,0,2
2026-10-04 11:00:00,moria1,363,363,0,0,12
2026-10-04 12:00:00,moria1,363,363,0,0,12
2026-10-04 13:00:00,moria1,363,363,0,0,12
2026-10-04 14:00:00,moria1,363,363,0,0,12
2026-10-04 15:00:00,moria1,363,363,0,0,12
2026-10-04 16:00:00,moria1,363,363,0,0,12
2026-10-04 17:00:00,moria1,363,363,0,0,12
2026-10-04 18:00:00,moria1,363,363,0,0,12
2026-10-04 19:00:00,moria1,337,18,319,319,38
2026-10-04 20:00:00,moria1,337,18,319,319,38
2026-10-04 21:00:00,moria1,337,18,319,319,38
2026-10-04 22:00:00,moria1,337,18,319,319,38
2026-10-04 23:00:00,moria1,339,20,319,319,37
2026-10-05 00:00:00,moria1,339,20,319,319,37
2026-10-05 01:00:00,moria1,339,20,319,319,37
2026-10-05 02:00:00,moria1,246,20,226,226,130
2026-10-05 03:00:00,moria1,223,20,203,203,153
2026-10-05 04:00:00,moria1,197,19,178,178,179
2026-10-05 05:00:00,moria1,138,18,120,120,238
2026-10-05 06:00:00,moria1,86,16,70,70,290
2026-10-05 07:00:00,moria1,80,16,63,63,296
2026-10-05 08:00:00,moria1,80,16,63,63,296
2026-10-05 09:00:00,moria1,63,2,61,61,313
2026-10-05 10:00:00,moria1,166,2,164,164,210
2026-10-05 11:00:00,moria1,299,2,297,297,77
2026-10-05 12:00:00,moria1,299,2,297,297,77
2026-10-05 13:00:00,moria1,301,2,299,299,75
2026-10-05 14:00:00,moria1,298,2,296,296,78
2026-10-05 15:00:00,moria1,297,2,295,295,79
2026-10-05 16:00:00,moria1,286,2,284,284,90
2026-10-05 17:00:00,moria1,0,0,0,0,376
2026-10-05 18:00:00,moria1,0,0,0,0,376
2026-10-05 19:00:00,moria1,0,0,0,0,376
2026-10-05 20:00:00,moria1,0,0,0,0,376
2026-10-05 21:00:00,moria1,0,0,0,0,376
2026-10-05 22:00:00,moria1,0,0,0,0,376
2026-10-05 23:00:00,moria1,0,0,0,0,376
2026-10-06 00:00:00,moria1,0,0,0,0,376
2026-10-06 01:00:00,moria1,0,0,0,0,376
2026-10-06 02:00:00,moria1,0,0,0,0,376
2026-10-06 03:00:00,moria1,0,0,0,0,376
2026-10-06 04:00:00,moria1,0,0,0,0,376
2026-10-06 05:00:00,moria1,0,0,0,0,376
2026-10-06 06:00:00,moria1,0,0,0,0,376
2026-10-06 07:00:00,moria1,0,0,0,0,376
2026-10-06 08:00:00,moria1,0,0,0,0,376
2026-10-06 09:00:00,moria1,0,0,0,0,376
2026-10-06 10:00:00,moria1,0,0,0,0,376
2026-10-06 11:00:00,moria1,0,0,0,0,376
2026-10-06 12:00:00,moria1,0,0,0,0,376
2026-10-06 13:00:00,moria1,0,0,0,0,376
2026-10-06 14:00:00,moria1,0,0,0,0,376
2026-10-06 15:00:00,moria1,0,0,0,0,376
2026-10-06 16:00:00,moria1,0,0,0,0,376
2026-10-06 17:00:00,moria1,0,0,0,0,376
2026-10-06 18:00:00,moria1,0,0,0,0,376
2026-10-06 19:00:00,moria1,0,0,0,0,376
2026-10-06 20:00:00,moria1,0,0,0,0,376
2026-10-06 21:00:00,moria1,0,0,0,0,376
2026-10-06 22:00:00,moria1,0,0,0,0,376
2026-10-06 23:00:00,moria1,0,0,0,0,376
2026-10-07 00:00:00,moria1,0,0,0,0,376
2026-10-07 01:00:00,moria1,0,0,0,0,376
2026-10-01 00:00:00,tor26,364,341,0,0,0
2026-10-01 01:00:00,tor26,364,341,0,0,0
2026-10-01 02:00:00,tor26,363,340,0,0,0
2026-10-01 03:00:00,tor26,363,340,0,0,0
2026-10-01 04:00:00,tor26,363,340,0,0,0
2026-10-01 05:00:00,tor26,363,340,0,0,0
2026-10-01 06:00:00,tor26,363,340,0,0,0
2026-10-01 07:00:00,tor26,363,340,0,0,0
2026-10-01 08:00:00,tor26,363,340,0,0,0
2026-10-01 09:00:00,tor26,363,340,0,0,0
2026-10-01 10:00:00,tor26,363,340,0,0,0
2026-10-01 11:00:00,tor26,363,340,0,0,0
2026-10-01 12:00:00,tor26,363,340,0,0,0
2026-10-01 13:00:00,tor26,363,340,0,0,0
2026-10-01 14:00:00,tor26,363,340,0,0,0
2026-10-01 15:00:00,tor26,363,340,0,0,0
2026-10-01 16:00:00,tor26,364,341,0,0,0
2026-10-01 17:00:00,tor26,364,341,0,0,0
2026-10-01 18:00:00,tor26,364,341,0,0,0
2026-10-01 20:00:00,tor26,365,341,0,0,0
2026-10-01 21:00:00,tor26,365,341,0,0,0
2026-10-01 22:00:00,tor26,365,341,0,0,0
2026-10-01 23:00:00,tor26,365,341,0,0,0
2026-10-02 00:00:00,tor26,365,341,0,0,0
2026-10-02 01:00:00,tor26,365,341,0,0,0
2026-10-02 02:00:00,tor26,365,341,0,0,0
2026-10-02 03:00:00,tor26,365,341,0,0,0
2026-10-02 04:00:00,tor26,365,341,0,0,0
2026-10-02 05:00:00,tor26,365,341,0,0,0
2026-10-02 06:00:00,tor26,365,341,0,0,0
2026-10-02 07:00:00,tor26,365,341,0,0,0
2026-10-02 08:00:00,tor26,364,340,0,0,1
2026-10-02 09:00:00,tor26,364,340,0,0,1
2026-10-02 10:00:00,tor26,364,340,0,0,1
2026-10-02 11:00:00,tor26,364,344,0,0,1
2026-10-02 12:00:00,tor26,364,344,0,0,1
2026-10-02 13:00:00,tor26,364,345,0,0,1
2026-10-02 14:00:00,tor26,364,345,0,0,1
2026-10-02 15:00:00,tor26,364,345,0,0,1
2026-10-02 16:00:00,tor26,364,345,0,0,1
2026-10-02 17:00:00,tor26,364,345,0,0,1
2026-10-02 18:00:00,tor26,364,345,0,0,1
2026-10-02 19:00:00,tor26,364,345,0,0,1
2026-10-02 20:00:00,tor26,364,345,0,0,1
2026-10-02 21:00:00,tor26,364,345,0,0,1
2026-10-02 22:00:00,tor26,364,345,0,0,1
2026-10-02 23:00:00,tor26,364,345,0,0,1
2026-10-03 00:00:00,tor26,364,345,0,0,1
2026-10-03 01:00:00,tor26,364,345,0,0,1
2026-10-03 02:00:00,tor26,364,345,0,0,1
2026-10-03 03:00:00,tor26,364,345,0,0,1
2026-10-03 04:00:00,tor26,364,345,0,0,1
2026-10-03 05:00:00,tor26,364,345,0,0,1
2026-10-03 06:00:00,tor26,364,345,0,0,1
2026-10-03 07:00:00,tor26,364,345,0,0,1
2026-10-03 08:00:00,tor26,364,345,0,0,1
2026-10-03 09:00:00,tor26,364,345,0,0,1
2026-10-03 10:00:00,tor26,364,345,0,0,1
2026-10-03 11:00:00,tor26,369,364,0,0,1
2026-10-03 12:00:00,tor26,373,368,0,0,1
2026-10-03 13:00:00,tor26,373,368,0,0,1
2026-10-03 14:00:00,tor26,373,369,0,0,1
2026-10-03 15:00:00,tor26,373,369,0,0,1
2026-10-03 16:00:00,tor26,372,368,0,0,2
2026-10-03 17:00:00,tor26,372,372,0,0,2
2026-10-03 18:00:00,tor26,372,372,0,0,2
2026-10-03 19:00:00,tor26,372,372,0,0,2
2026-10-03 20:00:00,tor26,372,372,0,0,2
2026-10-03 21:00:00,tor26,372,372,0,0,2
2026-10-03 22:00:00,tor26,372,372,0,0,2
2026-10-03 23:00:00,tor26,372,372,0,0,2
2026-10-04 00:00:00,tor26,372,372,0,0,2
2026-10-04 01:00:00,tor26,372,372,0,0,2
2026-10-04 02:00:00,tor26,372,372,0,0,2
2026-10-04 03:00:00,tor26,372,372,0,0,2
2026-10-04 04:00:00,tor26,372,372,0,0,2
2026-10-04 05:00:00,tor26,372,372,0,0,2
2026-10-04 06:00:00,tor26,372,372,0,0,2
2026-10-04 07:00:00,tor26,372,372,0,0,2
2026-10-04 08:00:00,tor26,372,372,0,0,2
2026-10-04 09:00:00,tor26,373,373,0,0,2
2026-10-04 10:00:00,tor26,373,373,0,0,2
2026-10-04 11:00:00,tor26,363,363,0,0,12
2026-10-04 12:00:00,tor26,363,363,0,0,12
2026-10-04 13:00:00,tor26,363,363,0,0,12
2026-10-04 14:00:00,tor26,363,363,0,0,12
2026-10-04 15:00:00,tor26,363,363,0,0,12
2026-10-04 16:00:00,tor26,363,363,0,0,12
2026-10-04 17:00:00,tor26,363,363,0,0,12
2026-10-04 18:00:00,tor26,363,363,0,0,12
2026-10-04 19:00:00,tor26,363,363,0,0,12
2026-10-04 20:00:00,tor26,363,363,0,0,12
2026-10-04 21:00:00,tor26,363,363,0,0,12
2026-10-04 22:00:00,tor26,363,363,0,0,12
2026-10-04 23:00:00,tor26,365,360,0,0,11
2026-10-05 00:00:00,tor26,365,360,0,0,11
2026-10-05 01:00:00,tor26,365,360,0,0,11
2026-10-05 02:00:00,tor26,268,263,0,0,108
2026-10-05 03:00:00,tor26,245,240,0,0,131
2026-10-05 04:00:00,tor26,217,212,0,0,159
2026-10-05 05:00:00,tor26,156,151,0,0,220
2026-10-05 06:00:00,tor26,100,95,0,0,276
2026-10-05 07:00:00,tor26,93,87,0,0,283
2026-10-05 08:00:00,tor26,93,86,0,0,283
2026-10-05 09:00:00,tor26,91,84,0,0,285
2026-10-05 10:00:00,tor26,197,190,0,0,179
2026-10-05 11:00:00,tor26,340,333,0,0,36
2026-10-05 12:00:00,tor26,340,333,0,0,36
2026-10-05 13:00:00,tor26,342,333,0,0,34
2026-10-05 14:00:00,tor26,339,330,0,0,37
2026-10-05 15:00:00,tor26,338,329,0,0,38
2026-10-05 16:00:00,tor26,327,318,0,0,49
2026-10-05 17:00:00,tor26,327,318,0,0,49
2026-10-05 18:00:00,tor26,326,316,0,0,50
2026-10-05 19:00:00,tor26,325,315,0,0,51
2026-10-05 20:00:00,tor26,325,315,0,0,51
2026-10-05 21:00:00,tor26,325,315,0,0,51
2026-10-05 22:00:00,tor26,320,310,0,0,56
2026-10-05 23:00:00,tor26,316,306,0,0,60
2026-10-06 00:00:00,tor26,316,306,0,0,60
2026-10-06 01:00:00,tor26,316,306,0,0,60
2026-10-06 02:00:00,tor26,317,307,0,0,59
2026-10-06 03:00:00,tor26,317,307,0,0,59
2026-10-06 04:00:00,tor26,317,307,0,0,59
2026-10-06 05:00:00,tor26,317,307,0,0,59
2026-10-06 06:00:00,tor26,317,307,0,0,59
2026-10-06 07:00:00,tor26,317,307,0,0,59
2026-10-06 08:00:00,tor26,317,307,0,0,59
2026-10-06 09:00:00,tor26,317,307,0,0,59
2026-10-06 10:00:00,tor26,215,205,0,0,161
2026-10-06 11:00:00,tor26,69,59,0,0,307
2026-10-06 12:00:00,tor26,70,60,0,0,306
2026-10-06 13:00:00,tor26,65,55,0,0,311
2026-10-06 14:00:00,tor26,65,55,0,0,311
2026-10-06 15:00:00,tor26,64,55,0,0,312
2026-10-06 16:00:00,tor26,64,55,0,0,312
2026-10-06 17:00:00,tor26,64,55,0,0,312
2026-10-06 18:00:00,tor26,64,55,0,0,312
2026-10-06 19:00:00,tor26,63,54,0,0,313
2026-10-06 20:00:00,tor26,60,51,0,0,316
2026-10-06 21:00:00,tor26,60,51,0,0,316
2026-10-06 22:00:00,tor26,54,45,0,0,322
2026-10-06 23:00:00,tor26,53,44,0,0,323
2026-10-07 00:00:00,tor26,53,44,0,0,323
2026-10-07 01:00:00,tor26,53,44,0,0,323
