valid_after,authority,family_relays_listed,Running,Exit,BadExit,MiddleOnly,Valid,V2Dir
2026-10-05 10:00:00,bastet,102,79,0,0,102,102,0
2026-10-05 10:00:00,dannenberg,111,81,0,0,111,111,0
2026-10-05 10:00:00,dizum,115,85,115,0,0,115,115
2026-10-05 10:00:00,faravahar,115,63,115,0,0,115,115
2026-10-05 10:00:00,gabelmoo,102,80,0,102,102,102,0
2026-10-05 10:00:00,longclaw,102,75,0,102,102,102,0
2026-10-05 10:00:00,maatuska,102,81,0,0,102,102,0
2026-10-05 10:00:00,moria1,111,85,0,111,111,111,0
2026-10-05 10:00:00,tor26,115,87,115,0,0,115,115
2026-10-05 11:00:00,bastet,175,167,0,0,175,175,0
2026-10-05 11:00:00,dannenberg,247,237,0,0,247,247,0
2026-10-05 11:00:00,dizum,261,250,261,0,0,261,261
2026-10-05 11:00:00,faravahar,260,191,260,0,0,260,260
2026-10-05 11:00:00,gabelmoo,175,167,0,175,175,175,0
2026-10-05 11:00:00,longclaw,175,166,0,175,175,175,0
2026-10-05 11:00:00,maatuska,175,167,0,0,175,175,0
2026-10-05 11:00:00,moria1,247,239,0,247,247,247,0
2026-10-05 11:00:00,tor26,261,253,261,0,0,261,261
2026-10-05 12:00:00,bastet,175,158,0,0,175,175,0
2026-10-05 12:00:00,dannenberg,247,226,0,0,247,247,0
2026-10-05 12:00:00,dizum,261,242,261,0,0,261,261
2026-10-05 12:00:00,faravahar,261,186,261,0,0,261,261
2026-10-05 12:00:00,gabelmoo,175,156,0,175,175,175,0
2026-10-05 12:00:00,longclaw,0,0,0,0,0,0,0
2026-10-05 12:00:00,maatuska,0,0,0,0,0,0,0
2026-10-05 12:00:00,moria1,247,236,0,247,247,247,0
2026-10-05 12:00:00,tor26,261,244,261,0,0,261,261
2026-10-05 13:00:00,bastet,175,84,0,0,175,175,0
2026-10-05 13:00:00,dannenberg,247,139,0,0,247,247,0
2026-10-05 13:00:00,dizum,261,152,261,0,0,261,261
2026-10-05 13:00:00,faravahar,261,98,261,0,0,261,261
2026-10-05 13:00:00,gabelmoo,175,86,0,175,175,175,0
2026-10-05 13:00:00,longclaw,0,0,0,0,0,0,0
2026-10-05 13:00:00,maatuska,0,0,0,0,0,0,0
2026-10-05 13:00:00,moria1,247,147,0,247,247,247,0
2026-10-05 13:00:00,tor26,261,149,261,0,0,261,261
2026-10-05 14:00:00,bastet,175,0,0,0,175,175,0
2026-10-05 14:00:00,dannenberg,247,0,0,0,247,247,0
2026-10-05 14:00:00,dizum,261,0,261,0,0,261,261
2026-10-05 14:00:00,faravahar,0,0,0,0,0,0,0
2026-10-05 14:00:00,gabelmoo,175,0,0,175,175,175,0
2026-10-05 14:00:00,longclaw,0,0,0,0,0,0,0
2026-10-05 14:00:00,maatuska,0,0,0,0,0,0,0
2026-10-05 14:00:00,moria1,247,0,0,247,247,247,0
2026-10-05 14:00:00,tor26,261,0,261,0,0,261,261
